family,contrast,stratum,direction,metric,preferred_sign,n_seeds,n_matched_cell_runs,left_seed_median,right_seed_median,paired_seed_median_difference,bootstrap_ci_low,bootstrap_ci_high,wilcoxon_statistic,p_value,rank_biserial,noninferiority_margin_absolute,noninferiority_pass,p_holm
RQ1,CF_FIT_minus_S1,R0,left-minus-right,cost_per_verified_task,negative,50,450,1.098526295834518,0.9735029098936384,0.056162108814199974,0.05201780143587964,0.060859039231046075,0,7.790492207218426e-10,1.0,,,6.232393765774741e-09
RQ1,CF_FIT_minus_S1,R0,left-minus-right,verified_throughput,positive,50,450,0.4458452126395819,0.3121105356442091,0.13108763772364299,0.12616201859229748,0.13872832369942195,0,7.790492207218426e-10,1.0,,,6.232393765774741e-09
RQ1,CF_FIT_minus_S1,R0,left-minus-right,p95_terminal_flow_time,negative,50,450,159.07499999999993,840.0,-654.0,-663.0,-639.9499999999996,0,7.78873351726538e-10,-1.0,,,6.228173765542384e-09
RQ1,CF_FIT_minus_S1,R0,left-minus-right,task_completion_rate,positive,50,450,0.5575,0.39714285714285713,0.14742857142857144,0.1407142857142857,0.15285714285714286,0,7.779945414389834e-10,1.0,0.03,True,6.218337075633086e-09
RQ1,CF_FIT_minus_S1,R0,left-minus-right,dead_letter_rate,negative,50,450,0.40785714285714286,0.16464285714285715,0.1995,0.19142857142857145,0.20950000000000002,0,7.78873351726538e-10,1.0,0.03,False,6.222551090197905e-09
RQ1,CF_FIT_minus_S1,R0,left-minus-right,unsettled_rate,negative,50,450,0.0,0.45607142857142857,-0.37714285714285717,-0.383,-0.3665,0,7.778188862747382e-10,-1.0,0.03,True,6.219741462309435e-09
RQ1,CF_FIT_minus_S1,R0,left-minus-right,productive_utilization,positive,50,450,0.8473308958086934,0.6908512518144172,0.18662393227962276,0.1775147928994083,0.19199594731509628,0,7.790492207218426e-10,1.0,,,6.232393765774741e-09
RQ1,CF_FIT_minus_S2,R0,left-minus-right,cost_per_verified_task,negative,50,450,1.098526295834518,0.7182140773431073,0.37544821293902175,0.3594322272344324,0.38626658691655036,0,7.790492207218426e-10,1.0,,,6.232393765774741e-09
RQ1,CF_FIT_minus_S2,R0,left-minus-right,verified_throughput,positive,50,450,0.4458452126395819,0.3425707870440615,0.08844912068304585,0.08403361344537813,0.09131633376970649,0,7.790492207218426e-10,1.0,,,6.232393765774741e-09
RQ1,CF_FIT_minus_S2,R0,left-minus-right,p95_terminal_flow_time,negative,50,450,159.07499999999993,885.5,-735.45,-749.1499999999999,-716.9000000000001,0,7.790492207218426e-10,-1.0,,,6.228173765542384e-09
RQ1,CF_FIT_minus_S2,R0,left-minus-right,task_completion_rate,positive,50,450,0.5575,0.376,0.08600000000000002,0.07928571428571429,0.09035714285714286,0,7.772921344541358e-10,1.0,0.03,True,6.218337075633086e-09
RQ1,CF_FIT_minus_S2,R0,left-minus-right,dead_letter_rate,negative,50,450,0.40785714285714286,0.045714285714285714,0.35842857142857143,0.34550000000000003,0.3705,0,7.78521720692798e-10,1.0,0.03,False,6.222551090197905e-09
RQ1,CF_FIT_minus_S2,R0,left-minus-right,unsettled_rate,negative,50,450,0.0,0.5739285714285715,-0.5739285714285715,-0.582,-0.5654999999999999,0,7.774676827886794e-10,-1.0,0.03,True,6.219741462309435e-09
RQ1,CF_FIT_minus_S2,R0,left-minus-right,productive_utilization,positive,50,450,0.8473308958086934,0.5224228114702503,0.34138697837631704,0.33445411392405067,0.3448398576512456,0,7.790492207218426e-10,1.0,,,6.232393765774741e-09
RQ1,CF_FIT_minus_S3,R0,left-minus-right,cost_per_verified_task,negative,50,450,1.098526295834518,1.0584368114795775,0.049494158826901447,0.045564123408475043,0.056869299295306375,0,7.790492207218426e-10,1.0,,,6.232393765774741e-09
RQ1,CF_FIT_minus_S3,R0,left-minus-right,verified_throughput,positive,50,450,0.4458452126395819,0.4210372393209368,0.03951008979584478,0.03604806408544725,0.04158173664900122,0,7.790492207218426e-10,1.0,,,6.232393765774741e-09
RQ1,CF_FIT_minus_S3,R0,left-minus-right,p95_terminal_flow_time,negative,50,450,159.07499999999993,668.7749999999997,-454.07499999999993,-466.7249999999998,-428.0,0,7.790492207218426e-10,-1.0,,,6.228173765542384e-09
RQ1,CF_FIT_minus_S3,R0,left-minus-right,task_completion_rate,positive,50,450,0.5575,0.4992857142857143,0.04485714285714287,0.04107142857142859,0.04999999999999999,0,7.783459586416516e-10,1.0,0.03,True,6.218337075633086e-09
RQ1,CF_FIT_minus_S3,R0,left-minus-right,dead_letter_rate,negative,50,450,0.40785714285714286,0.18571428571428572,0.19714285714285712,0.18642857142857142,0.2042857142857143,0,7.78697518385641e-10,1.0,0.03,False,6.222551090197905e-09
RQ1,CF_FIT_minus_S3,R0,left-minus-right,unsettled_rate,negative,50,450,0.0,0.3565,-0.2615,-0.2707142857142857,-0.2507142857142857,0,7.779945414389834e-10,-1.0,0.03,True,6.219741462309435e-09
RQ1,CF_FIT_minus_S3,R0,left-minus-right,productive_utilization,positive,50,450,0.8473308958086934,0.9362522088690703,-0.02691424748892457,-0.03233015494636471,-0.02324971924074032,16.0,2.038789223643199e-09,-0.9749019607843137,,,6.232393765774741e-09
RQ1,CF_FIT_minus_CENTRAL_FIT,R0,left-minus-right,cost_per_verified_task,negative,50,450,1.098526295834518,1.100757743362832,0.001204920505975482,-0.0008940488476092967,0.0046917534809114425,498.0,0.1796589919788509,0.2188235294117647,,,0.1796589919788509
RQ1,CF_FIT_minus_CENTRAL_FIT,R0,left-minus-right,verified_throughput,positive,50,450,0.4458452126395819,0.44756496784055844,-0.005080563029431384,-0.006764209415151989,-0.0031703546588782716,109.0,1.512393327897192e-06,-0.8067375886524822,,,1.512393327897192e-06
RQ1,CF_FIT_minus_CENTRAL_FIT,R0,left-minus-right,p95_terminal_flow_time,negative,50,450,159.07499999999993,159.04999999999995,-0.9500000000000455,-1.9500000000000455,1.0,524.0,0.5145546170684072,-0.10884353741496598,,,1.0
RQ1,CF_FIT_minus_CENTRAL_FIT,R0,left-minus-right,task_completion_rate,positive,50,450,0.5575,0.5607142857142857,-0.0050000000000000044,-0.0060714285714286165,-0.004285714285714226,110.5,1.6221756763889825e-06,-0.8040780141843972,0.03,True,1.6221756763889825e-06
RQ1,CF_FIT_minus_CENTRAL_FIT,R0,left-minus-right,dead_letter_rate,negative,50,450,0.40785714285714286,0.3895,0.005714285714285672,0.003642857142857142,0.006785714285714298,153.5,3.0424775101256625e-06,0.7592156862745097,0.03,True,6.084955020251325e-06
RQ1,CF_FIT_minus_CENTRAL_FIT,R0,left-minus-right,unsettled_rate,negative,50,450,0.0,0.0,0.0,0.0,0.0,0.0,1.0,0.0,0.03,True,1.0
RQ1,CF_FIT_minus_CENTRAL_FIT,R0,left-minus-right,productive_utilization,positive,50,450,0.8473308958086934,0.8628613383211343,-0.01147030704336316,-0.01257873290252498,-0.010623695236426811,0,7.790492207218426e-10,-1.0,,,6.232393765774741e-09
RQ1,CF_FIT_minus_S1,R1,left-minus-right,cost_per_verified_task,negative,50,450,1.6467122263925336,0.9520025546919979,0.4991878449498919,0.49369661906482354,0.5097609299398989,0,7.790492207218426e-10,1.0,,,6.232393765774741e-09
RQ1,CF_FIT_minus_S1,R1,left-minus-right,verified_throughput,positive,50,450,0.456019319414704,0.3236295255522815,0.146530669695293,0.1432604093154552,0.1510496671786994,0,7.790492207218426e-10,1.0,,,6.232393765774741e-09
RQ1,CF_FIT_minus_S1,R1,left-minus-right,p95_terminal_flow_time,negative,50,450,165.0,861.05,-666.0,-674.0999999999999,-640.3999999999996,0,7.78873351726538e-10,-1.0,,,6.228173765542384e-09
RQ1,CF_FIT_minus_S1,R1,left-minus-right,task_completion_rate,positive,50,450,0.5667857142857142,0.38571428571428573,0.16392857142857148,0.1592857142857143,0.16999999999999993,0,7.78697518385641e-10,1.0,0.03,True,6.218337075633086e-09
RQ1,CF_FIT_minus_S1,R1,left-minus-right,dead_letter_rate,negative,50,450,0.3778571428571429,0.1492857142857143,0.18892857142857142,0.17585714285714285,0.2005,0,7.78697518385641e-10,1.0,0.03,False,6.222551090197905e-09
RQ1,CF_FIT_minus_S1,R1,left-minus-right,unsettled_rate,negative,50,450,0.0,0.47678571428571426,-0.4037857142857143,-0.4145,-0.3975,0,7.774676827886794e-10,-1.0,0.03,True,6.219741462309435e-09
RQ1,CF_FIT_minus_S1,R1,left-minus-right,productive_utilization,positive,50,450,0.8625692539676042,0.6978909657807344,0.21131292335317892,0.19908536585365855,0.21872037914691944,0,7.790492207218426e-10,1.0,,,6.232393765774741e-09
RQ1,CF_FIT_minus_S2,R1,left-minus-right,cost_per_verified_task,negative,50,450,1.6467122263925336,1.5857897553516822,0.07845214672377121,0.0724301166148682,0.08716633593936407,0,7.790492207218426e-10,1.0,,,6.232393765774741e-09
RQ1,CF_FIT_minus_S2,R1,left-minus-right,verified_throughput,positive,50,450,0.456019319414704,0.35833634105433004,0.08156655383302061,0.07815826972010184,0.08483290488431877,0,7.790492207218426e-10,1.0,,,6.232393765774741e-09
RQ1,CF_FIT_minus_S2,R1,left-minus-right,p95_terminal_flow_time,negative,50,450,165.0,869.5,-717.55,-732.6499999999999,-690.0,0,7.78697518385641e-10,-1.0,,,6.228173765542384e-09
RQ1,CF_FIT_minus_S2,R1,left-minus-right,task_completion_rate,positive,50,450,0.5667857142857142,0.411,0.08571428571428569,0.07700000000000001,0.08914285714285713,0,7.774676827886794e-10,1.0,0.03,True,6.218337075633086e-09
RQ1,CF_FIT_minus_S2,R1,left-minus-right,dead_letter_rate,negative,50,450,0.3778571428571429,0.04892857142857143,0.33035714285714285,0.3142857142857143,0.34400000000000003,0,7.78873351726538e-10,1.0,0.03,False,6.222551090197905e-09
RQ1,CF_FIT_minus_S2,R1,left-minus-right,unsettled_rate,negative,50,450,0.0,0.5430714285714286,-0.5430714285714286,-0.551,-0.5335000000000001,0,7.778188862747382e-10,-1.0,0.03,True,6.219741462309435e-09
RQ1,CF_FIT_minus_S2,R1,left-minus-right,productive_utilization,positive,50,450,0.8625692539676042,0.5239260904256293,0.33580912558685444,0.332434618989047,0.34104541559554413,0,7.790492207218426e-10,1.0,,,6.232393765774741e-09
RQ1,CF_FIT_minus_S3,R1,left-minus-right,cost_per_verified_task,negative,50,450,1.6467122263925336,1.519107682071754,0.13369919708707378,0.12588731249116814,0.14281473297263142,0,7.790492207218426e-10,1.0,,,6.232393765774741e-09
RQ1,CF_FIT_minus_S3,R1,left-minus-right,verified_throughput,positive,50,450,0.456019319414704,0.4175352079586859,0.06156162853706568,0.057868299567058135,0.06752954417557683,0,7.790492207218426e-10,1.0,,,6.232393765774741e-09
RQ1,CF_FIT_minus_S3,R1,left-minus-right,p95_terminal_flow_time,negative,50,450,165.0,728.6749999999998,-541.0,-554.9250000000001,-516.0,0,7.78521720692798e-10,-1.0,,,6.228173765542384e-09
RQ1,CF_FIT_minus_S3,R1,left-minus-right,task_completion_rate,positive,50,450,0.5667857142857142,0.48250000000000004,0.07214285714285712,0.06785714285714281,0.07714285714285712,0,7.779945414389834e-10,1.0,0.03,True,6.218337075633086e-09
RQ1,CF_FIT_minus_S3,R1,left-minus-right,dead_letter_rate,negative,50,450,0.3778571428571429,0.1717857142857143,0.175,0.16607142857142856,0.17785714285714288,0,7.778188862747382e-10,1.0,0.03,False,6.222551090197905e-09
RQ1,CF_FIT_minus_S3,R1,left-minus-right,unsettled_rate,negative,50,450,0.0,0.38642857142857145,-0.2725,-0.2775,-0.26357142857142857,0,7.78873351726538e-10,-1.0,0.03,True,6.219741462309435e-09
RQ1,CF_FIT_minus_S3,R1,left-minus-right,productive_utilization,positive,50,450,0.8625692539676042,0.902744674102825,0.002820889721017794,-0.002802690582959677,0.005966399748783158,497.0,0.25264898455028817,0.18857142857142858,,,0.25264898455028817
RQ1,CF_FIT_minus_CENTRAL_FIT,R1,left-minus-right,cost_per_verified_task,negative,50,450,1.6467122263925336,1.6342711085211086,0.007670865416118389,-0.0001864551652850377,0.01114566782223525,353.0,0.00611535631403997,0.4462745098039216,,,0.01223071262807994
RQ1,CF_FIT_minus_CENTRAL_FIT,R1,left-minus-right,verified_throughput,positive,50,450,0.456019319414704,0.4647283230103122,-0.007092198581560294,-0.009171404280914036,-0.005110950712520601,64.0,3.1775579701341614e-08,-0.899607843137255,,,6.355115940268323e-08
RQ1,CF_FIT_minus_CENTRAL_FIT,R1,left-minus-right,p95_terminal_flow_time,negative,50,450,165.0,167.04999999999995,0.049999999999954525,-1.0,1.0499999999999545,572.0,0.690504779727819,0.06612244897959184,,,1.0
RQ1,CF_FIT_minus_CENTRAL_FIT,R1,left-minus-right,task_completion_rate,positive,50,450,0.5667857142857142,0.5742857142857143,-0.008928571428571397,-0.011428571428571371,-0.0057142857142856995,73.0,5.18642064320098e-08,-0.8854901960784314,0.03,True,1.037284128640196e-07
RQ1,CF_FIT_minus_CENTRAL_FIT,R1,left-minus-right,dead_letter_rate,negative,50,450,0.3778571428571429,0.37564285714285717,0.006928571428571423,0.004642857142857171,0.009642857142857134,163.5,4.849387233293428e-06,0.7435294117647059,0.03,True,6.084955020251325e-06
RQ1,CF_FIT_minus_CENTRAL_FIT,R1,left-minus-right,unsettled_rate,negative,50,450,0.0,0.0,0.0,0.0,0.0,0.0,1.0,0.0,0.03,True,1.0
RQ1,CF_FIT_minus_CENTRAL_FIT,R1,left-minus-right,productive_utilization,positive,50,450,0.8625692539676042,0.8710466411153601,-0.01244674670797824,-0.013413651995994924,-0.011021693491952478,1.0,8.27893173553169e-10,-0.9984313725490196,,,6.232393765774741e-09
RQ2,H1_minus_H0,R0,left-minus-right,cost_per_verified_task,negative,50,450,1.098526295834518,1.1804296187683285,-0.059857098201092584,-0.06340203443974257,-0.05508387741048548,0,7.790492207218426e-10,-1.0,,,4.674295324331055e-09
RQ2,H1_minus_H0,R0,left-minus-right,verified_throughput,positive,50,450,0.4458452126395819,0.4444444444444444,-0.002031832268221123,-0.00326930316545751,0.0009203865623562679,463.0,0.1383012120662706,-0.24408163265306124,,,0.1383012120662706
RQ2,H1_minus_H0,R0,left-minus-right,p95_terminal_flow_time,negative,50,450,159.07499999999993,717.05,-451.39999999999964,-491.2499999999998,-434.975,0,7.790492207218426e-10,-1.0,,,4.673240110359228e-09
RQ2,H1_minus_H0,R0,left-minus-right,task_completion_rate,positive,50,450,0.5575,0.5182142857142857,-0.0025000000000000022,-0.0035714285714285587,0.0010000000000000009,449.5,0.10592677885951969,-0.26612244897959186,0.03,True,0.10592677885951969
RQ2,H1_minus_H0,R0,left-minus-right,dead_letter_rate,negative,50,450,0.40785714285714286,0.15864285714285714,0.21214285714285713,0.2042857142857143,0.22785714285714284,0,7.783459586416516e-10,1.0,0.03,False,4.670075751849909e-09
RQ2,H1_minus_H0,R0,left-minus-right,unsettled_rate,negative,50,450,0.0,0.3442857142857143,-0.26107142857142857,-0.27142857142857146,-0.2507142857142857,0,7.781702322258318e-10,-1.0,0.03,True,4.667967248633901e-09
RQ2,H1_minus_H0,R0,left-minus-right,productive_utilization,positive,50,450,0.8473308958086934,0.961996915730853,-0.08883258362810909,-0.09188911704312108,-0.08421750663129968,0,7.790492207218426e-10,-1.0,,,4.674295324331055e-09
RQ2,H2_minus_H0,R0,left-minus-right,cost_per_verified_task,negative,50,450,1.088558114035088,1.1804296187683285,-0.06193580469721238,-0.07045212080756968,-0.05775061463843967,0,7.790492207218426e-10,-1.0,,,4.674295324331055e-09
RQ2,H2_minus_H0,R0,left-minus-right,verified_throughput,positive,50,450,0.4385286681347361,0.4444444444444444,-0.00616462230294193,-0.008874597681678476,-0.003192016381668994,195.0,3.353603853834222e-05,-0.6816326530612244,,,6.707207707668444e-05
RQ2,H2_minus_H0,R0,left-minus-right,p95_terminal_flow_time,negative,50,450,152.0,717.05,-461.0999999999999,-491.3499999999997,-439.95000000000005,0,7.78873351726538e-10,-1.0,,,4.673240110359228e-09
RQ2,H2_minus_H0,R0,left-minus-right,task_completion_rate,positive,50,450,0.5364285714285715,0.5182142857142857,-0.007071428571428534,-0.008571428571428591,-0.00392857142857142,185.5,2.2055782375797552e-05,-0.6971428571428572,0.03,True,4.4111564751595104e-05
RQ2,H2_minus_H0,R0,left-minus-right,dead_letter_rate,negative,50,450,0.41228571428571426,0.15864285714285714,0.2789285714285714,0.26857142857142857,0.28714285714285714,0,7.783459586416516e-10,1.0,0.03,False,4.670075751849909e-09
RQ2,H2_minus_H0,R0,left-minus-right,unsettled_rate,negative,50,450,0.0,0.3442857142857143,-0.2996428571428571,-0.30714285714285716,-0.2925,0,7.779945414389834e-10,-1.0,0.03,True,4.667967248633901e-09
RQ2,H2_minus_H0,R0,left-minus-right,productive_utilization,positive,50,450,0.8269815902633801,0.961996915730853,-0.12003551569419574,-0.1238670694864048,-0.11350779127893418,0,7.790492207218426e-10,-1.0,,,4.674295324331055e-09
RQ2,H2_minus_H1,R0,left-minus-right,cost_per_verified_task,negative,50,450,1.088558114035088,1.098526295834518,-0.0020573487243584765,-0.008794255123433015,0.004882000822506338,550.0,0.4010007691816693,-0.13725490196078433,,,0.4010007691816693
RQ2,H2_minus_H1,R0,left-minus-right,verified_throughput,positive,50,450,0.4385286681347361,0.4458452126395819,-0.006906634041406429,-0.009797060881735487,-0.004753082635229611,156.0,5.73403229781891e-06,-0.7453061224489796,,,1.720209689345673e-05
RQ2,H2_minus_H1,R0,left-minus-right,p95_terminal_flow_time,negative,50,450,152.0,159.07499999999993,-5.0499999999999545,-6.700000000000273,-3.9500000000000455,50.5,5.6373099811259874e-08,-0.9104609929078015,,,1.1274619962251975e-07
RQ2,H2_minus_H1,R0,left-minus-right,task_completion_rate,positive,50,450,0.5364285714285715,0.5575,-0.008500000000000008,-0.012142857142857122,-0.0050000000000000044,144.0,3.221925532776986e-06,-0.7648979591836734,0.03,True,9.665776598330958e-06
RQ2,H2_minus_H1,R0,left-minus-right,dead_letter_rate,negative,50,450,0.41228571428571426,0.40785714285714286,0.008785714285714286,0.0050000000000000044,0.013071428571428567,131.5,1.750631034889179e-06,0.7853061224489796,0.03,True,3.501262069778358e-06
RQ2,H2_minus_H1,R0,left-minus-right,unsettled_rate,negative,50,450,0.0,0.0,0.0,0.0,0.0,0.0,1.0,0.0,0.03,True,1.0
RQ2,H2_minus_H1,R0,left-minus-right,productive_utilization,positive,50,450,0.8269815902633801,0.8473308958086934,-0.02199745063759534,-0.02373677675096114,-0.015070438473052561,0,7.790492207218426e-10,-1.0,,,4.674295324331055e-09
RQ2,H1_minus_H0,R1,left-minus-right,cost_per_verified_task,negative,50,450,1.6467122263925336,1.1804296187683285,0.4669806429380028,0.4569220567375889,0.4897256944444446,0,7.790492207218426e-10,1.0,,,4.674295324331055e-09
RQ2,H1_minus_H0,R1,left-minus-right,verified_throughput,positive,50,450,0.456019319414704,0.4444444444444444,0.0103561227131021,0.006574641137432141,0.012804995134749114,38.0,1.1314416441430059e-08,0.9379591836734694,,,5.6572082207150296e-08
RQ2,H1_minus_H0,R1,left-minus-right,p95_terminal_flow_time,negative,50,450,165.0,717.05,-441.975,-463.45000000000005,-411.6499999999994,0,7.78873351726538e-10,-1.0,,,4.673240110359228e-09
RQ2,H1_minus_H0,R1,left-minus-right,task_completion_rate,positive,50,450,0.5667857142857142,0.5182142857142857,0.010857142857142843,0.0068571428571428394,0.01571428571428568,44.5,1.6476043456688827e-08,0.9273469387755102,0.03,True,8.238021728344414e-08
RQ2,H1_minus_H0,R1,left-minus-right,dead_letter_rate,negative,50,450,0.3778571428571429,0.15864285714285714,0.185,0.1757142857142857,0.19571428571428567,0,7.78697518385641e-10,1.0,0.03,False,4.670075751849909e-09
RQ2,H1_minus_H0,R1,left-minus-right,unsettled_rate,negative,50,450,0.0,0.3442857142857143,-0.24035714285714285,-0.24928571428571428,-0.23107142857142857,0,7.78873351726538e-10,-1.0,0.03,True,4.667967248633901e-09
RQ2,H1_minus_H0,R1,left-minus-right,productive_utilization,positive,50,450,0.8625692539676042,0.961996915730853,-0.08248598203772856,-0.0886591478696741,-0.0772333601508578,0,7.790492207218426e-10,-1.0,,,4.674295324331055e-09
RQ2,H2_minus_H0,R1,left-minus-right,cost_per_verified_task,negative,50,450,2.144581375730046,1.1804296187683285,0.9658795788242865,0.9449404101263148,0.98056247198965,0,7.790492207218426e-10,1.0,,,4.674295324331055e-09
RQ2,H2_minus_H0,R1,left-minus-right,verified_throughput,positive,50,450,0.46782442878060404,0.4444444444444444,0.020965208150441283,0.018292682926829285,0.02270536597731168,0,7.790492207218426e-10,1.0,,,4.674295324331055e-09
RQ2,H2_minus_H0,R1,left-minus-right,p95_terminal_flow_time,negative,50,450,159.0,717.05,-452.64999999999986,-481.0499999999995,-427.0,0,7.78873351726538e-10,-1.0,,,4.673240110359228e-09
RQ2,H2_minus_H0,R1,left-minus-right,task_completion_rate,positive,50,450,0.5553571428571429,0.5182142857142857,0.021428571428571463,0.020000000000000018,0.02400000000000002,0,7.774676827886794e-10,1.0,0.03,True,4.664806096732076e-09
RQ2,H2_minus_H0,R1,left-minus-right,dead_letter_rate,negative,50,450,0.3653571428571428,0.15864285714285714,0.25285714285714284,0.23178571428571432,0.26035714285714284,0,7.78697518385641e-10,1.0,0.03,False,4.670075751849909e-09
RQ2,H2_minus_H0,R1,left-minus-right,unsettled_rate,negative,50,450,0.0,0.3442857142857143,-0.28785714285714287,-0.29928571428571427,-0.2739285714285714,0,7.78697518385641e-10,-1.0,0.03,True,4.667967248633901e-09
RQ2,H2_minus_H0,R1,left-minus-right,productive_utilization,positive,50,450,0.8424845832694959,0.961996915730853,-0.10497691917959884,-0.10853739245532756,-0.0966792951366206,0,7.790492207218426e-10,-1.0,,,4.674295324331055e-09
RQ2,H2_minus_H1,R1,left-minus-right,cost_per_verified_task,negative,50,450,2.144581375730046,1.6467122263925336,0.47751079072968106,0.462167345239197,0.48688418343298867,0,7.790492207218426e-10,1.0,,,4.674295324331055e-09
RQ2,H2_minus_H1,R1,left-minus-right,verified_throughput,positive,50,450,0.46782442878060404,0.456019319414704,0.0065242111961880955,0.00493827160493826,0.009326765474502507,126.0,1.3355775923266475e-06,0.7942857142857143,,,5.34231036930659e-06
RQ2,H2_minus_H1,R1,left-minus-right,p95_terminal_flow_time,negative,50,450,159.0,165.0,-6.4500000000000455,-8.475000000000023,-3.5249999999999773,89.0,3.163119084619927e-07,-0.8486394557823129,,,3.163119084619927e-07
RQ2,H2_minus_H1,R1,left-minus-right,task_completion_rate,positive,50,450,0.5553571428571429,0.5667857142857142,0.006785714285714256,0.004500000000000004,0.010357142857142898,121.0,1.0354108949944791e-06,0.8024489795918367,0.03,True,4.1416435799779166e-06
RQ2,H2_minus_H1,R1,left-minus-right,dead_letter_rate,negative,50,450,0.3653571428571428,0.3778571428571429,-0.006000000000000005,-0.009285714285714286,-0.0020000000000000018,270.5,0.0006801368879192106,-0.5583673469387755,0.03,True,0.0006801368879192106
RQ2,H2_minus_H1,R1,left-minus-right,unsettled_rate,negative,50,450,0.0,0.0,0.0,0.0,0.0,0.0,1.0,0.0,0.03,True,1.0
RQ2,H2_minus_H1,R1,left-minus-right,productive_utilization,positive,50,450,0.8424845832694959,0.8625692539676042,-0.015553990822980701,-0.017082096970786886,-0.012899709302325535,0,7.790492207218426e-10,-1.0,,,4.674295324331055e-09
RQ3,FULL_minus_A1,R0,left-minus-right,cost_per_verified_task,negative,50,600,1.0752952908140185,1.029534044026485,0.0685483943448455,0.06291795696971783,0.07198126548746231,0,7.790492207218426e-10,1.0,,,6.232393765774741e-09
RQ3,FULL_minus_A1,R0,left-minus-right,verified_throughput,positive,50,600,0.45385666129112884,0.44223048351849387,0.01754802952022244,0.013878169396564055,0.022438081100162988,13.0,1.7053124929524404e-09,0.9796078431372549,,,8.526562464762202e-09
RQ3,FULL_minus_A1,R0,left-minus-right,p95_terminal_flow_time,negative,50,600,176.2625,659.525,-434.475,-444.7375,-425.8874999999999,0,7.790492207218426e-10,-1.0,,,6.228173765542384e-09
RQ3,FULL_minus_A1,R0,left-minus-right,task_completion_rate,positive,50,600,0.43714285714285717,0.44010714285714286,0.015392857142857139,0.01321428571428572,0.01921428571428574,15.0,1.9190562802973216e-09,0.9764705882352941,0.03,True,9.595281401486607e-09
RQ3,FULL_minus_A1,R0,left-minus-right,dead_letter_rate,negative,50,600,0.5628571428571428,0.1495357142857143,0.36674999999999996,0.35964285714285715,0.381,0,7.78697518385641e-10,1.0,0.03,False,6.222551090197905e-09
RQ3,FULL_minus_A1,R0,left-minus-right,unsettled_rate,negative,50,600,0.0,0.40382142857142855,-0.3652142857142857,-0.37207142857142855,-0.35478571428571426,0,7.790492207218426e-10,-1.0,0.03,True,6.229580147085128e-09
RQ3,FULL_minus_A1,R0,left-minus-right,productive_utilization,positive,50,600,0.8780971979149084,0.967222030340471,-0.09270321330881906,-0.09808136378480548,-0.08855490063323906,0,7.790492207218426e-10,-1.0,,,6.232393765774741e-09
RQ3,FULL_minus_A2,R0,left-minus-right,cost_per_verified_task,negative,50,600,1.0752952908140185,1.101967379396494,-0.04038021844517989,-0.04507352130865555,-0.03420814773303249,0,7.790492207218426e-10,-1.0,,,6.232393765774741e-09
RQ3,FULL_minus_A2,R0,left-minus-right,verified_throughput,positive,50,600,0.45385666129112884,0.45141668918429406,0.009899464340531544,0.007917707267144303,0.011982025071177294,15.0,1.9211253920341983e-09,0.9764705882352941,,,8.526562464762202e-09
RQ3,FULL_minus_A2,R0,left-minus-right,p95_terminal_flow_time,negative,50,600,176.2625,253.31249999999994,-30.25,-35.01249999999999,-27.462500000000034,0,7.78521720692798e-10,-1.0,,,6.228173765542384e-09
RQ3,FULL_minus_A2,R0,left-minus-right,task_completion_rate,positive,50,600,0.43714285714285717,0.44139285714285714,0.008964285714285716,0.007000000000000006,0.011535714285714288,17.0,2.161610281574001e-09,0.9733333333333334,0.03,True,9.595281401486607e-09
RQ3,FULL_minus_A2,R0,left-minus-right,dead_letter_rate,negative,50,600,0.5628571428571428,0.5439285714285713,0.030321428571428596,0.025357142857142856,0.03657142857142853,0,7.78697518385641e-10,1.0,0.03,False,6.222551090197905e-09
RQ3,FULL_minus_A2,R0,left-minus-right,unsettled_rate,negative,50,600,0.0,0.020678571428571428,-0.020678571428571428,-0.026892857142857142,-0.013428571428571429,0,2.4757803428151464e-09,-1.0,0.03,True,1.2378901714075732e-08
RQ3,FULL_minus_A2,R0,left-minus-right,productive_utilization,positive,50,600,0.8780971979149084,0.931198398332019,-0.007629077035156889,-0.011294010812971517,-0.0033355365906166667,181.0,1.0730945178022154e-05,-0.716078431372549,,,3.219283553406646e-05
RQ3,FULL_minus_A3,R0,left-minus-right,cost_per_verified_task,negative,50,600,1.0752952908140185,1.077567833790302,0.0011376031639965534,-0.003073644454011981,0.0038895522040314767,541.0,0.3540746557552778,0.15137254901960784,,,0.3540746557552778
RQ3,FULL_minus_A3,R0,left-minus-right,verified_throughput,positive,50,600,0.45385666129112884,0.4518489146230217,0.001002397985156625,-0.0001521743473577447,0.0018507868433018243,507.0,0.29626987148428646,0.17224489795918368,,,0.29626987148428646
RQ3,FULL_minus_A3,R0,left-minus-right,p95_terminal_flow_time,negative,50,600,176.2625,171.27499999999998,1.9875000000000114,0.26249999999998863,3.0249999999999773,318.5,0.0035001051041846755,0.48,,,0.007000210208369351
RQ3,FULL_minus_A3,R0,left-minus-right,task_completion_rate,positive,50,600,0.43714285714285717,0.4382857142857143,0.0008571428571428619,-0.00014285714285713902,0.0017857142857142794,494.5,0.3401265969675875,0.15901360544217688,0.03,True,0.3401265969675875
RQ3,FULL_minus_A3,R0,left-minus-right,dead_letter_rate,negative,50,600,0.5628571428571428,0.5617142857142857,-0.0011071428571428205,-0.002857142857142836,0.0004285714285714448,519.0,0.35489687054072755,-0.1526530612244898,0.03,True,0.7097937410814551
RQ3,FULL_minus_A3,R0,left-minus-right,unsettled_rate,negative,50,600,0.0,0.0,0.0,0.0,0.0,0,1.0,1.0,0.03,True,1.0
RQ3,FULL_minus_A3,R0,left-minus-right,productive_utilization,positive,50,600,0.8780971979149084,0.8759625277366155,0.0013413361007141855,0.0007326007326007578,0.0019623476770754267,241.0,0.00013199921845026772,0.6219607843137255,,,0.00026399843690053543
RQ3,FULL_minus_A4,R0,left-minus-right,cost_per_verified_task,negative,50,600,1.0752952908140185,1.2148213973212814,-0.09823866919366253,-0.10331085103840199,-0.08998323531486824,0,7.790492207218426e-10,-1.0,,,6.232393765774741e-09
RQ3,FULL_minus_A4,R0,left-minus-right,verified_throughput,positive,50,600,0.45385666129112884,0.3233627809350419,0.12045298474182832,0.11833749375001927,0.12344699562358699,0,7.790492207218426e-10,1.0,,,6.232393765774741e-09
RQ3,FULL_minus_A4,R0,left-minus-right,p95_terminal_flow_time,negative,50,600,176.2625,100.5,77.5,74.72500000000002,80.73750000000001,0,7.78697518385641e-10,1.0,,,6.228173765542384e-09
RQ3,FULL_minus_A4,R0,left-minus-right,task_completion_rate,positive,50,600,0.43714285714285717,0.3219642857142857,0.10821428571428571,0.10607142857142857,0.1110714285714286,0,7.790492207218426e-10,1.0,0.03,True,6.232393765774741e-09
RQ3,FULL_minus_A4,R0,left-minus-right,dead_letter_rate,negative,50,600,0.5628571428571428,0.6780357142857143,-0.12475,-0.12703571428571428,-0.12303571428571428,0,7.778188862747382e-10,-1.0,0.03,True,6.222551090197905e-09
RQ3,FULL_minus_A4,R0,left-minus-right,unsettled_rate,negative,50,600,0.0,0.0,0.0,0.0,0.0,0,0.37109336952269767,1.0,0.03,True,1.0
RQ3,FULL_minus_A4,R0,left-minus-right,productive_utilization,positive,50,600,0.8780971979149084,0.5566801958457509,0.2906012041049709,0.2890648240046484,0.2937613764333421,0,7.790492207218426e-10,1.0,,,6.232393765774741e-09
RQ3,FULL_minus_A1,R1,left-minus-right,cost_per_verified_task,negative,50,600,1.674460849647494,1.6050152675680356,0.07454027006150421,0.06674617177402897,0.08549700687544048,0,7.790492207218426e-10,1.0,,,6.232393765774741e-09
RQ3,FULL_minus_A1,R1,left-minus-right,verified_throughput,positive,50,600,0.4707308424834464,0.4611216046532923,0.019021554670552207,0.01616013754027333,0.022342228611149567,2.0,8.797193978636199e-10,0.9968627450980392,,,6.232393765774741e-09
RQ3,FULL_minus_A1,R1,left-minus-right,p95_terminal_flow_time,negative,50,600,183.78749999999997,649.55,-418.2625,-430.975,-408.7625,0,7.790492207218426e-10,-1.0,,,6.228173765542384e-09
RQ3,FULL_minus_A1,R1,left-minus-right,task_completion_rate,positive,50,600,0.4621428571428572,0.46053571428571427,0.017000000000000015,0.01453571428571429,0.01992857142857142,2.0,8.795220184704184e-10,0.9968627450980392,0.03,True,6.232393765774741e-09
RQ3,FULL_minus_A1,R1,left-minus-right,dead_letter_rate,negative,50,600,0.5378571428571428,0.13875,0.35375,0.345,0.36528571428571427,0,7.790492207218426e-10,1.0,0.03,False,6.222551090197905e-09
RQ3,FULL_minus_A1,R1,left-minus-right,unsettled_rate,negative,50,600,0.0,0.39789285714285716,-0.35424999999999995,-0.36192857142857143,-0.3464285714285714,0,7.78697518385641e-10,-1.0,0.03,True,6.229580147085128e-09
RQ3,FULL_minus_A1,R1,left-minus-right,productive_utilization,positive,50,600,0.8879122199129711,0.96574764305427,-0.08207399709004815,-0.08655275094301373,-0.07573276953403527,0,7.790492207218426e-10,-1.0,,,6.232393765774741e-09
RQ3,FULL_minus_A2,R1,left-minus-right,cost_per_verified_task,negative,50,600,1.674460849647494,1.7330701465381693,-0.061021887280406584,-0.07354569841715697,-0.049798015964230946,0,7.790492207218426e-10,-1.0,,,6.232393765774741e-09
RQ3,FULL_minus_A2,R1,left-minus-right,verified_throughput,positive,50,600,0.4707308424834464,0.47314797875681275,0.011117489692532193,0.009033585274380779,0.012453329781911243,47.0,1.2305818192193517e-08,0.9262745098039216,,,3.691745457658055e-08
RQ3,FULL_minus_A2,R1,left-minus-right,p95_terminal_flow_time,negative,50,600,183.78749999999997,268.03749999999997,-31.75,-35.5,-28.76249999999999,0,7.78697518385641e-10,-1.0,,,6.228173765542384e-09
RQ3,FULL_minus_A2,R1,left-minus-right,task_completion_rate,positive,50,600,0.4621428571428572,0.4600357142857143,0.009857142857142856,0.008000000000000007,0.010999999999999982,42.0,9.25561865633601e-09,0.9341176470588235,0.03,True,2.776685596900803e-08
RQ3,FULL_minus_A2,R1,left-minus-right,dead_letter_rate,negative,50,600,0.5378571428571428,0.5144642857142857,0.03667857142857143,0.03196428571428574,0.041428571428571384,0,7.790492207218426e-10,1.0,0.03,False,6.222551090197905e-09
RQ3,FULL_minus_A2,R1,left-minus-right,unsettled_rate,negative,50,600,0.0,0.03092857142857143,-0.03092857142857143,-0.041428571428571426,-0.022285714285714284,0,1.1443182156425866e-09,-1.0,0.03,True,6.86590929385552e-09
RQ3,FULL_minus_A2,R1,left-minus-right,productive_utilization,positive,50,600,0.8879122199129711,0.9316085997077039,-0.006897543309860588,-0.00962844835121407,-0.00364968937555199,170.0,6.541656001560359e-06,-0.7333333333333333,,,2.6166624006241437e-05
RQ3,FULL_minus_A3,R1,left-minus-right,cost_per_verified_task,negative,50,600,1.674460849647494,1.667480756150571,0.004569245279981704,-0.001114254099290446,0.009908283577914845,426.0,0.04166589793241663,0.33176470588235296,,,0.08333179586483326
RQ3,FULL_minus_A3,R1,left-minus-right,verified_throughput,positive,50,600,0.4707308424834464,0.4715432823347431,-0.0009186188146977914,-0.0031196738522791256,0.0003405119665277484,460.0,0.13053671608426526,-0.24897959183673468,,,0.2610734321685305
RQ3,FULL_minus_A3,R1,left-minus-right,p95_terminal_flow_time,negative,50,600,183.78749999999997,181.7625,1.4750000000000227,0.4625000000000341,3.2250000000000227,341.0,0.004267638504785352,0.46509803921568627,,,0.007000210208369351
RQ3,FULL_minus_A3,R1,left-minus-right,task_completion_rate,positive,50,600,0.4621428571428572,0.46132142857142855,-0.0007142857142857229,-0.002500000000000016,0.00035714285714284755,457.5,0.12429573416547783,-0.2530612244897959,0.03,True,0.24859146833095566
RQ3,FULL_minus_A3,R1,left-minus-right,dead_letter_rate,negative,50,600,0.5378571428571428,0.5386785714285715,-0.0006785714285714381,-0.002428571428571419,0.0020000000000000018,603.0,0.7427488817736896,-0.05411764705882353,0.03,True,0.7427488817736896
RQ3,FULL_minus_A3,R1,left-minus-right,unsettled_rate,negative,50,600,0.0,0.0,0.0,0.0,0.0,0.0,1.0,0.0,0.03,True,1.0
RQ3,FULL_minus_A3,R1,left-minus-right,productive_utilization,positive,50,600,0.8879122199129711,0.8863220252217658,0.0003036837237796186,-0.0003903749211104923,0.0019239261340827096,439.0,0.08527224391001492,0.283265306122449,,,0.08527224391001492
RQ3,FULL_minus_A4,R1,left-minus-right,cost_per_verified_task,negative,50,600,1.674460849647494,1.9826604386727826,-0.2971126341656467,-0.3152379163289685,-0.27053797826937587,0,7.790492207218426e-10,-1.0,,,6.232393765774741e-09
RQ3,FULL_minus_A4,R1,left-minus-right,verified_throughput,positive,50,600,0.4707308424834464,0.3487979296981605,0.11495512590103785,0.11131968175469768,0.11697133590466342,0,7.790492207218426e-10,1.0,,,6.232393765774741e-09
RQ3,FULL_minus_A4,R1,left-minus-right,p95_terminal_flow_time,negative,50,600,183.78749999999997,100.03749999999997,85.54999999999995,83.23750000000001,89.01249999999999,0,7.78697518385641e-10,1.0,,,6.228173765542384e-09
RQ3,FULL_minus_A4,R1,left-minus-right,task_completion_rate,positive,50,600,0.4621428571428572,0.34910714285714284,0.10403571428571429,0.10085714285714284,0.1064285714285714,0,7.790492207218426e-10,1.0,0.03,True,6.232393765774741e-09
RQ3,FULL_minus_A4,R1,left-minus-right,dead_letter_rate,negative,50,600,0.5378571428571428,0.6508928571428572,-0.12339285714285714,-0.12628571428571433,-0.12071428571428577,0,7.78521720692798e-10,-1.0,0.03,True,6.222551090197905e-09
RQ3,FULL_minus_A4,R1,left-minus-right,unsettled_rate,negative,50,600,0.0,0.0,0.0,0.0,0.0,0,1.0,1.0,0.03,True,1.0
RQ3,FULL_minus_A4,R1,left-minus-right,productive_utilization,positive,50,600,0.8879122199129711,0.5681373980229684,0.29466433261600355,0.29145134091279984,0.299622905178356,0,7.790492207218426e-10,1.0,,,6.232393765774741e-09
E4,F2_minus_F0,R0,left-minus-right,cost_per_verified_task,negative,50,1200,1.3781388530804723,1.7412697661756904,-0.41555814437612526,-0.42777858863917917,-0.3926431469895228,0,7.790492207218426e-10,-1.0,,,4.674295324331055e-09
E4,F2_minus_F0,R0,left-minus-right,verified_throughput,positive,50,1200,0.3357269444532087,0.19680912958480337,0.12128032239884945,0.11905881812583569,0.12261302524838211,0,7.790492207218426e-10,1.0,,,4.674295324331055e-09
E4,F2_minus_F0,R0,left-minus-right,p95_terminal_flow_time,negative,50,1200,148.5,79.53749999999997,58.47500000000002,57.48750000000001,59.787499999999966,0,7.769411445702697e-10,1.0,,,4.661646867421618e-09
E4,F2_minus_F0,R0,left-minus-right,task_completion_rate,positive,50,1200,0.3116785714285714,0.18678571428571428,0.1068214285714286,0.10507142857142858,0.10878571428571428,0,7.78873351726538e-10,1.0,0.03,True,4.670075751849909e-09
E4,F2_minus_F0,R0,left-minus-right,dead_letter_rate,negative,50,1200,0.6883214285714285,0.8132142857142857,-0.11310714285714285,-0.1157857142857143,-0.11107142857142854,0,7.781702322258318e-10,-1.0,0.03,True,4.669021393354991e-09
E4,F2_minus_F0,R0,left-minus-right,unsettled_rate,negative,50,1200,0.0,0.0,0.0,0.0,0.0,0.0,1.0,0.0,0.03,True,1.0
E4,F2_minus_F0,R0,left-minus-right,productive_utilization,positive,50,1200,0.7904555008648179,0.3453167997351193,0.33098179593103216,0.3269395312699793,0.3363307229009635,0,7.790492207218426e-10,1.0,,,4.674295324331055e-09
E4,F2_minus_F1,R0,left-minus-right,cost_per_verified_task,negative,50,1200,1.3781388530804723,1.7436725683214511,-0.4114852389713791,-0.42374605839912205,-0.3907910324814048,0,7.790492207218426e-10,-1.0,,,4.674295324331055e-09
E4,F2_minus_F1,R0,left-minus-right,verified_throughput,positive,50,1200,0.3357269444532087,0.19754323255078451,0.12187440807013883,0.119862965361645,0.12347856186141278,0,7.790492207218426e-10,1.0,,,4.674295324331055e-09
E4,F2_minus_F1,R0,left-minus-right,p95_terminal_flow_time,negative,50,1200,148.5,79.5,58.799999999999955,58.049999999999955,59.98750000000001,0,7.771166217167848e-10,1.0,,,4.661646867421618e-09
E4,F2_minus_F1,R0,left-minus-right,task_completion_rate,positive,50,1200,0.3116785714285714,0.18685714285714286,0.10678571428571429,0.10521428571428572,0.10857142857142857,0,7.78697518385641e-10,1.0,0.03,True,4.670075751849909e-09
E4,F2_minus_F1,R0,left-minus-right,dead_letter_rate,negative,50,1200,0.6883214285714285,0.8131428571428572,-0.11299999999999999,-0.11549999999999999,-0.11164285714285717,0,7.78697518385641e-10,-1.0,0.03,True,4.669021393354991e-09
E4,F2_minus_F1,R0,left-minus-right,unsettled_rate,negative,50,1200,0.0,0.0,0.0,0.0,0.0,0.0,1.0,0.0,0.03,True,1.0
E4,F2_minus_F1,R0,left-minus-right,productive_utilization,positive,50,1200,0.7904555008648179,0.3449752050417086,0.33001789573114665,0.3266869724312832,0.3370410120564229,0,7.790492207218426e-10,1.0,,,4.674295324331055e-09
E4,F2_minus_F3,R0,left-minus-right,cost_per_verified_task,negative,50,1200,1.3781388530804723,1.395967600264426,-0.0006936896679314297,-0.010145912202960017,0.0037288705024861313,529.0,0.2971548584453099,-0.17019607843137255,,,0.2971548584453099
E4,F2_minus_F3,R0,left-minus-right,verified_throughput,positive,50,1200,0.3357269444532087,0.34732357582912543,-0.01985151806541452,-0.021235437170799287,-0.01696670583536515,0,7.790492207218426e-10,-1.0,,,4.674295324331055e-09
E4,F2_minus_F3,R0,left-minus-right,p95_terminal_flow_time,negative,50,1200,148.5,136.0,13.024999999999977,11.549999999999955,14.237500000000011,0,7.779945414389834e-10,1.0,,,4.661646867421618e-09
E4,F2_minus_F3,R0,left-minus-right,task_completion_rate,positive,50,1200,0.3116785714285714,0.31735714285714284,-0.016785714285714293,-0.020714285714285713,-0.015035714285714291,0,7.783459586416516e-10,-1.0,0.03,True,4.670075751849909e-09
E4,F2_minus_F3,R0,left-minus-right,dead_letter_rate,negative,50,1200,0.6883214285714285,0.6826428571428571,0.016785714285714293,0.015035714285714291,0.02075000000000002,0,7.781702322258318e-10,1.0,0.03,True,4.669021393354991e-09
E4,F2_minus_F3,R0,left-minus-right,unsettled_rate,negative,50,1200,0.0,0.0,0.0,0.0,0.0,0.0,1.0,0.0,0.03,True,1.0
E4,F2_minus_F3,R0,left-minus-right,productive_utilization,positive,50,1200,0.7904555008648179,0.8725506708922321,-0.0896214724999134,-0.09347222800612637,-0.08627752321325954,0,7.790492207218426e-10,-1.0,,,4.674295324331055e-09
E4,F2_minus_F0,R1,left-minus-right,cost_per_verified_task,negative,50,1200,1.5501798376173754,2.0576738729760513,-0.708990297252079,-0.732536906131762,-0.6946789613599881,0,7.790492207218426e-10,-1.0,,,4.674295324331055e-09
E4,F2_minus_F0,R1,left-minus-right,verified_throughput,positive,50,1200,0.3493126670173886,0.21260600755940318,0.11904888412991102,0.11729336761768591,0.12069974368108527,0,7.790492207218426e-10,1.0,,,4.674295324331055e-09
E4,F2_minus_F0,R1,left-minus-right,p95_terminal_flow_time,negative,50,1200,152.5,80.75,64.22500000000002,62.52499999999998,66.01249999999999,0,7.772921344541358e-10,1.0,,,4.661646867421618e-09
E4,F2_minus_F0,R1,left-minus-right,task_completion_rate,positive,50,1200,0.3239642857142857,0.20014285714285715,0.10478571428571429,0.103,0.10721428571428572,0,7.78873351726538e-10,1.0,0.03,True,4.670075751849909e-09
E4,F2_minus_F0,R1,left-minus-right,dead_letter_rate,negative,50,1200,0.6760357142857143,0.7998571428571428,-0.11099999999999999,-0.11349999999999996,-0.10896428571428576,0,7.78873351726538e-10,-1.0,0.03,True,4.669021393354991e-09
E4,F2_minus_F0,R1,left-minus-right,unsettled_rate,negative,50,1200,0.0,0.0,0.0,0.0,0.0,0.0,1.0,0.0,0.03,True,1.0
E4,F2_minus_F0,R1,left-minus-right,productive_utilization,positive,50,1200,0.7990811535287053,0.3513424887805566,0.3439951791185486,0.3389437280511749,0.3460699859846605,0,7.790492207218426e-10,1.0,,,4.674295324331055e-09
E4,F2_minus_F1,R1,left-minus-right,cost_per_verified_task,negative,50,1200,1.5501798376173754,2.0562201543147736,-0.7089923657336439,-0.7263069362353491,-0.680499801103143,0,7.790492207218426e-10,-1.0,,,4.674295324331055e-09
E4,F2_minus_F1,R1,left-minus-right,verified_throughput,positive,50,1200,0.3493126670173886,0.21201297172312772,0.11982751595159344,0.11666150000159364,0.1226707822684146,0,7.790492207218426e-10,1.0,,,4.674295324331055e-09
E4,F2_minus_F1,R1,left-minus-right,p95_terminal_flow_time,negative,50,1200,152.5,80.0,64.76249999999999,62.787499999999966,66.75,0,7.771166217167848e-10,1.0,,,4.661646867421618e-09
E4,F2_minus_F1,R1,left-minus-right,task_completion_rate,positive,50,1200,0.3239642857142857,0.20007142857142857,0.10542857142857141,0.10353571428571431,0.10671428571428572,0,7.78873351726538e-10,1.0,0.03,True,4.670075751849909e-09
E4,F2_minus_F1,R1,left-minus-right,dead_letter_rate,negative,50,1200,0.6760357142857143,0.7999285714285714,-0.11167857142857143,-0.11428571428571427,-0.10964285714285715,0,7.78697518385641e-10,-1.0,0.03,True,4.669021393354991e-09
E4,F2_minus_F1,R1,left-minus-right,unsettled_rate,negative,50,1200,0.0,0.0,0.0,0.0,0.0,0.0,1.0,0.0,0.03,True,1.0
E4,F2_minus_F1,R1,left-minus-right,productive_utilization,positive,50,1200,0.7990811535287053,0.3526287322643288,0.3439599778578017,0.3389587089784909,0.34714711870794124,0,7.790492207218426e-10,1.0,,,4.674295324331055e-09
E4,F2_minus_F3,R1,left-minus-right,cost_per_verified_task,negative,50,1200,1.5501798376173754,1.1200338374613557,0.017830795716543113,0.010070315787621853,0.023351357080695245,111.0,3.8218290396270884e-07,0.8258823529411765,,,7.643658079254177e-07
E4,F2_minus_F3,R1,left-minus-right,verified_throughput,positive,50,1200,0.3493126670173886,0.3560962063715348,-0.013232038651892417,-0.017408123791102542,-0.009643875082020997,5.0,1.0549128183767319e-09,-0.9921568627450981,,,4.674295324331055e-09
E4,F2_minus_F3,R1,left-minus-right,p95_terminal_flow_time,negative,50,1200,152.5,136.52499999999998,16.712500000000034,15.524999999999977,18.475000000000023,0,7.771166217167848e-10,1.0,,,4.661646867421618e-09
E4,F2_minus_F3,R1,left-minus-right,task_completion_rate,positive,50,1200,0.3239642857142857,0.3268214285714286,-0.01125000000000001,-0.014892857142857152,-0.0085,2.0,8.791273789053805e-10,-0.9968627450980392,0.03,True,4.670075751849909e-09
E4,F2_minus_F3,R1,left-minus-right,dead_letter_rate,negative,50,1200,0.6760357142857143,0.6731785714285714,0.011250000000000038,0.00849999999999998,0.014785714285714291,2.0,8.789301187194855e-10,0.9968627450980392,0.03,True,4.669021393354991e-09
E4,F2_minus_F3,R1,left-minus-right,unsettled_rate,negative,50,1200,0.0,0.0,0.0,0.0,0.0,0.0,1.0,0.0,0.03,True,1.0
E4,F2_minus_F3,R1,left-minus-right,productive_utilization,positive,50,1200,0.7990811535287053,0.8778614804713143,-0.0762340470322444,-0.08005246111446743,-0.07358533710317294,0,7.790492207218426e-10,-1.0,,,4.674295324331055e-09
RESOURCE,R1_minus_R1_REVERSED,medium+high,left-minus-right,cost_per_verified_task,negative,50,300,1.6204495480424286,1.6155823109173904,-0.0180520191952237,-0.03622499701204779,-0.012113209219855148,285.0,0.0006789181154886137,-0.5529411764705883,,,0.0006789181154886137
RESOURCE,R1_minus_R1_REVERSED,medium+high,left-minus-right,verified_throughput,positive,50,300,0.4676607497031408,0.44298947657904386,0.02103114658328531,0.018313334433469275,0.024635364635364615,0,7.790492207218426e-10,1.0,,,1.5580984414436853e-09
RESOURCE,R1_minus_R1_REVERSED,medium+high,left-minus-right,p95_terminal_flow_time,negative,50,300,186.79999999999995,169.7625,17.950000000000045,14.524999999999977,21.5,0,7.779945414389834e-10,1.0,,,1.5559890828779669e-09
RESOURCE,R1_minus_R1_REVERSED,medium+high,left-minus-right,task_completion_rate,positive,50,300,0.4534642857142857,0.42742857142857144,0.019357142857142892,0.017571428571428543,0.021785714285714297,0,7.78873351726538e-10,1.0,0.03,True,1.557746703453076e-09
RESOURCE,R1_minus_R1_REVERSED,medium+high,left-minus-right,dead_letter_rate,negative,50,300,0.5465357142857143,0.5725714285714285,-0.029000000000000026,-0.03135714285714286,-0.025500000000000023,0,7.78521720692798e-10,-1.0,0.03,True,1.557043441385596e-09
RESOURCE,R1_minus_R1_REVERSED,medium+high,left-minus-right,unsettled_rate,negative,50,300,0.0,0.0,0.0,0.0,0.0,0,0.34577858615116025,1.0,0.03,True,0.6915571723023205
RESOURCE,R1_minus_R1_REVERSED,medium+high,left-minus-right,productive_utilization,positive,50,300,0.8937828102241411,0.8729721617063884,0.014147447722125894,0.010739991899675366,0.01803043186971759,3.0,9.347048585220696e-10,0.9952941176470588,,,1.5580984414436853e-09
RESOURCE,R1_minus_R1_PERMUTED,medium+high,left-minus-right,cost_per_verified_task,negative,50,300,1.6204495480424286,2.39622672113244,-0.7516393740564767,-0.7609473699488911,-0.7251222392316679,0,7.790492207218426e-10,-1.0,,,1.5580984414436853e-09
RESOURCE,R1_minus_R1_PERMUTED,medium+high,left-minus-right,verified_throughput,positive,50,300,0.4676607497031408,0.45874466740670883,0.0009018557159638785,-0.000674352868714978,0.0036141840228140765,479.0,0.12720472479615466,0.24862745098039216,,,0.12720472479615466
RESOURCE,R1_minus_R1_PERMUTED,medium+high,left-minus-right,p95_terminal_flow_time,negative,50,300,186.79999999999995,173.2625,14.987500000000011,13.0,17.925000000000068,0,7.78697518385641e-10,1.0,,,1.5559890828779669e-09
RESOURCE,R1_minus_R1_PERMUTED,medium+high,left-minus-right,task_completion_rate,positive,50,300,0.4534642857142857,0.4462857142857143,0.0008928571428571258,-0.0006428571428571395,0.003750000000000017,464.5,0.0958670043960646,0.27137254901960783,0.03,True,0.0958670043960646
RESOURCE,R1_minus_R1_PERMUTED,medium+high,left-minus-right,dead_letter_rate,negative,50,300,0.5465357142857143,0.5537142857142857,-0.01164285714285715,-0.01353571428571429,-0.009285714285714286,4.0,9.917087494834624e-10,-0.9937254901960785,0.03,True,1.557043441385596e-09
RESOURCE,R1_minus_R1_PERMUTED,medium+high,left-minus-right,unsettled_rate,negative,50,300,0.0,0.0,0.0,0.0,0.0,0,1.0,1.0,0.03,True,1.0
RESOURCE,R1_minus_R1_PERMUTED,medium+high,left-minus-right,productive_utilization,positive,50,300,0.8937828102241411,0.8755690543074728,0.011515317885638476,0.008729712424666358,0.013384127796083056,0,7.790492207218426e-10,1.0,,,1.5580984414436853e-09
ANNOTATION,PRIMARY_minus_frozen_llm_lower,R0_medium+high,left-minus-right,cost_per_verified_task,negative,50,900,0.771438201443846,0.7362859509909883,0.04114522263870948,0.03883669839314691,0.04452789887675468,0,7.790492207218426e-10,1.0,,,1.5580984414436853e-09
ANNOTATION,PRIMARY_minus_frozen_llm_lower,R0_medium+high,left-minus-right,verified_throughput,positive,50,900,0.44813895087332206,0.5413710784700414,-0.05528738334048992,-0.05989064826693834,-0.05214343539096224,0,7.790492207218426e-10,-1.0,,,1.5580984414436853e-09
ANNOTATION,PRIMARY_minus_frozen_llm_lower,R0_medium+high,left-minus-right,p95_terminal_flow_time,negative,50,900,342.16249999999985,380.5874999999999,-11.400000000000091,-13.425000000000068,-9.774999999999977,2.0,8.775504092319843e-10,-0.9968627450980392,,,1.7551008184639686e-09
ANNOTATION,PRIMARY_minus_frozen_llm_lower,R0_medium+high,left-minus-right,task_completion_rate,positive,50,900,0.4217142857142857,0.4949285714285714,-0.04846428571428571,-0.054500000000000035,-0.0434285714285714,0,7.78873351726538e-10,-1.0,0.03,False,1.557043441385596e-09
ANNOTATION,PRIMARY_minus_frozen_llm_lower,R0_medium+high,left-minus-right,dead_letter_rate,negative,50,900,0.28874999999999995,0.21803571428571428,0.038678571428571396,0.03425,0.04257142857142858,0,7.78873351726538e-10,1.0,0.03,False,1.557746703453076e-09
ANNOTATION,PRIMARY_minus_frozen_llm_lower,R0_medium+high,left-minus-right,unsettled_rate,negative,50,900,0.04321428571428571,0.08160714285714285,0.0,0.0,0.0,0.0,1.0,0.0,0.03,True,1.0
ANNOTATION,PRIMARY_minus_frozen_llm_lower,R0_medium+high,left-minus-right,productive_utilization,positive,50,900,0.8610501803570023,0.8825289336093787,-0.030509571954713488,-0.034196740395809055,-0.02484351485651959,0,7.790492207218426e-10,-1.0,,,1.5580984414436853e-09
ANNOTATION,PRIMARY_minus_frozen_llm_upper,R0_medium+high,left-minus-right,cost_per_verified_task,negative,50,900,0.771438201443846,0.815817603998076,-0.02620585869249689,-0.02948129086399226,-0.02298024286160527,0,7.790492207218426e-10,-1.0,,,1.5580984414436853e-09
ANNOTATION,PRIMARY_minus_frozen_llm_upper,R0_medium+high,left-minus-right,verified_throughput,positive,50,900,0.44813895087332206,0.4229761530658377,0.02933027593345025,0.02677374743314756,0.03255686968686877,0,7.790492207218426e-10,1.0,,,1.5580984414436853e-09
ANNOTATION,PRIMARY_minus_frozen_llm_upper,R0_medium+high,left-minus-right,p95_terminal_flow_time,negative,50,900,342.16249999999985,284.775,1.037499999999966,-0.5,2.0,413.0,0.07346675397515935,0.2976190476190476,,,0.07346675397515935
ANNOTATION,PRIMARY_minus_frozen_llm_upper,R0_medium+high,left-minus-right,task_completion_rate,positive,50,900,0.4217142857142857,0.4039285714285714,0.025357142857142856,0.022178571428571436,0.02749999999999997,0,7.78521720692798e-10,1.0,0.03,True,1.557043441385596e-09
ANNOTATION,PRIMARY_minus_frozen_llm_upper,R0_medium+high,left-minus-right,dead_letter_rate,negative,50,900,0.28874999999999995,0.36589285714285713,-0.014678571428571438,-0.01714285714285716,-0.012142857142857177,1.0,8.275205653270725e-10,-0.9984313725490196,0.03,True,1.557746703453076e-09
ANNOTATION,PRIMARY_minus_frozen_llm_upper,R0_medium+high,left-minus-right,unsettled_rate,negative,50,900,0.04321428571428571,0.01,0.0,0.0,0.0,0.0,1.0,0.0,0.03,True,1.0
ANNOTATION,PRIMARY_minus_frozen_llm_upper,R0_medium+high,left-minus-right,productive_utilization,positive,50,900,0.8610501803570023,0.843206143461336,0.008495958060457415,0.007426146070119072,0.010279785265001062,0,7.790492207218426e-10,1.0,,,1.5580984414436853e-09
RQ1_INTERACTION,CF_FIT_minus_S1__R1_minus_R0,resource,difference-in-differences,cost_per_verified_task,context-dependent,50,1800,,,0.4504098223900964,0.4445342162855369,0.4540050128059504,0,7.790492207218426e-10,1.0,,,3.427816571176108e-08
RQ1_INTERACTION,CF_FIT_minus_S1__R1_minus_R0,resource,difference-in-differences,verified_throughput,context-dependent,50,1800,,,0.015934991549769545,0.014308426073131986,0.01887364545352413,0,7.790492207218426e-10,1.0,,,3.427816571176108e-08
RQ1_INTERACTION,CF_FIT_minus_S1__R1_minus_R0,resource,difference-in-differences,p95_terminal_flow_time,context-dependent,50,1800,,,-7.975000000000023,-12.850000000000136,-6.0,76.5,9.984438127871637e-08,-0.8751020408163265,,,1.4976657191807455e-06
RQ1_INTERACTION,CF_FIT_minus_S1__R1_minus_R0,resource,difference-in-differences,task_completion_rate,context-dependent,50,1800,,,0.018571428571428544,0.015000000000000041,0.020500000000000018,0,7.783459586416516e-10,1.0,,,3.421630373597746e-08
RQ1_INTERACTION,CF_FIT_minus_S1__R1_minus_R0,resource,difference-in-differences,dead_letter_rate,context-dependent,50,1800,,,-0.00700000000000002,-0.009285714285714342,-0.0042857142857142955,235.5,0.00010618020875995541,-0.6305882352941177,,,0.001274162505119465
RQ1_INTERACTION,CF_FIT_minus_S1__R1_minus_R0,resource,difference-in-differences,unsettled_rate,context-dependent,50,1800,,,-0.008000000000000007,-0.011071428571428572,-0.005857142857142859,6.5,2.5273282504431203e-09,-0.9889455782312925,,,3.5382595506203684e-08
RQ1_INTERACTION,CF_FIT_minus_S1__R1_minus_R0,resource,difference-in-differences,productive_utilization,context-dependent,50,1800,,,0.0034435377354943286,0.002081406105457928,0.0057539682539682335,114.0,4.449087044876954e-07,0.8211764705882353,,,8.008356680778517e-06
RQ1_INTERACTION,CF_FIT_minus_S1__medium_minus_low,R0,difference-in-differences,cost_per_verified_task,context-dependent,50,600,,,0.03154055948444889,0.023771370398943725,0.0376440824893734,150.0,2.587045466299546e-06,0.7647058823529411,,,5.691500025859001e-05
RQ1_INTERACTION,CF_FIT_minus_S1__medium_minus_low,R0,difference-in-differences,verified_throughput,context-dependent,50,600,,,0.04577374147762328,0.03851680110156322,0.05409619677723054,0,7.790492207218426e-10,1.0,,,3.427816571176108e-08
RQ1_INTERACTION,CF_FIT_minus_S1__medium_minus_low,R0,difference-in-differences,p95_terminal_flow_time,context-dependent,50,600,,,145.47500000000002,121.42500000000007,160.4000000000001,6.0,1.1202941167605273e-09,0.9905882352941177,,,3.425495571048311e-08
RQ1_INTERACTION,CF_FIT_minus_S1__medium_minus_low,R0,difference-in-differences,task_completion_rate,context-dependent,50,600,,,-0.026785714285714274,-0.03478571428571425,-0.020714285714285685,23.5,3.173627263387111e-09,-0.9631372549019608,,,6.347254526774222e-08
RQ1_INTERACTION,CF_FIT_minus_S1__medium_minus_low,R0,difference-in-differences,dead_letter_rate,context-dependent,50,600,,,0.29649999999999993,0.2810714285714286,0.3064285714285714,0,7.78521720692798e-10,1.0,,,3.423175982331527e-08
RQ1_INTERACTION,CF_FIT_minus_S1__medium_minus_low,R0,difference-in-differences,unsettled_rate,context-dependent,50,600,,,-0.22149999999999995,-0.2285,-0.21599999999999997,0,7.779945414389834e-10,-1.0,,,3.411599183482159e-08
RQ1_INTERACTION,CF_FIT_minus_S1__medium_minus_low,R0,difference-in-differences,productive_utilization,context-dependent,50,600,,,0.07448179253190335,0.06256857911942632,0.08590626961988101,0,7.790492207218426e-10,1.0,,,3.427816571176108e-08
RQ1_INTERACTION,CF_FIT_minus_S1__high_minus_low,R0,difference-in-differences,cost_per_verified_task,context-dependent,50,600,,,0.0016351495882663825,-0.010228579325793907,0.015849695643877504,598.0,0.7065616658464238,0.06196078431372549,,,1.0
RQ1_INTERACTION,CF_FIT_minus_S1__high_minus_low,R0,difference-in-differences,verified_throughput,context-dependent,50,600,,,0.061832410431486046,0.056354375029090575,0.06820207134816259,0,7.790492207218426e-10,1.0,,,3.427816571176108e-08
RQ1_INTERACTION,CF_FIT_minus_S1__high_minus_low,R0,difference-in-differences,p95_terminal_flow_time,context-dependent,50,600,,,264.525,250.4000000000001,282.0,0,7.790492207218426e-10,1.0,,,3.425495571048311e-08
RQ1_INTERACTION,CF_FIT_minus_S1__high_minus_low,R0,difference-in-differences,task_completion_rate,context-dependent,50,600,,,-0.048214285714285654,-0.054285714285714326,-0.041428571428571426,6.0,1.1200458366064152e-09,-0.9905882352941177,,,3.421630373597746e-08
RQ1_INTERACTION,CF_FIT_minus_S1__high_minus_low,R0,difference-in-differences,dead_letter_rate,context-dependent,50,600,,,0.3798571428571429,0.36799999999999994,0.3861428571428572,0,7.783459586416516e-10,1.0,,,3.423175982331527e-08
RQ1_INTERACTION,CF_FIT_minus_S1__high_minus_low,R0,difference-in-differences,unsettled_rate,context-dependent,50,600,,,-0.30350000000000005,-0.31099999999999994,-0.298,0,7.774676827886794e-10,-1.0,,,3.411599183482159e-08
RQ1_INTERACTION,CF_FIT_minus_S1__high_minus_low,R0,difference-in-differences,productive_utilization,context-dependent,50,600,,,0.08544072457193069,0.07638198504332638,0.09729399678816286,0,7.790492207218426e-10,1.0,,,3.427816571176108e-08
RQ1_INTERACTION,CF_FIT_minus_S1__beijing_ml_minus_adult_ml,R0,difference-in-differences,cost_per_verified_task,context-dependent,50,600,,,-0.05143032456046459,-0.0606422287515857,-0.034249701975268554,103.0,2.538329351992984e-07,-0.8384313725490196,,,5.8381575095838625e-06
RQ1_INTERACTION,CF_FIT_minus_S1__beijing_ml_minus_adult_ml,R0,difference-in-differences,verified_throughput,context-dependent,50,600,,,-0.07094304534175136,-0.07714441231206348,-0.06270839260045705,1.0,8.27893173553169e-10,-0.9984313725490196,,,3.427816571176108e-08
RQ1_INTERACTION,CF_FIT_minus_S1__beijing_ml_minus_adult_ml,R0,difference-in-differences,p95_terminal_flow_time,context-dependent,50,600,,,-245.07499999999993,-280.0999999999999,-194.0999999999999,7.0,1.1901467926944336e-09,-0.9890196078431372,,,3.425495571048311e-08
RQ1_INTERACTION,CF_FIT_minus_S1__beijing_ml_minus_adult_ml,R0,difference-in-differences,task_completion_rate,context-dependent,50,600,,,-0.0521428571428571,-0.061785714285714305,-0.04321428571428568,6.0,1.1197976057630524e-09,-0.9905882352941177,,,3.421630373597746e-08
RQ1_INTERACTION,CF_FIT_minus_S1__beijing_ml_minus_adult_ml,R0,difference-in-differences,dead_letter_rate,context-dependent,50,600,,,0.15607142857142858,0.1392857142857142,0.18928571428571425,0,7.78873351726538e-10,1.0,,,3.423175982331527e-08
RQ1_INTERACTION,CF_FIT_minus_S1__beijing_ml_minus_adult_ml,R0,difference-in-differences,unsettled_rate,context-dependent,50,600,,,-0.11214285714285713,-0.12642857142857145,-0.09428571428571428,1.0,8.277068506175886e-10,-0.9984313725490196,,,3.411599183482159e-08
RQ1_INTERACTION,CF_FIT_minus_S1__beijing_ml_minus_adult_ml,R0,difference-in-differences,productive_utilization,context-dependent,50,600,,,-0.06400948841598636,-0.07048925562462527,-0.055567307039470104,0,7.790492207218426e-10,-1.0,,,3.427816571176108e-08
RQ1_INTERACTION,CF_FIT_minus_S1__bugs2fix_minus_adult_ml,R0,difference-in-differences,cost_per_verified_task,context-dependent,50,600,,,0.09533041901551226,0.07755980679618846,0.11427536222163093,1.0,8.27893173553169e-10,0.9984313725490196,,,3.427816571176108e-08
RQ1_INTERACTION,CF_FIT_minus_S1__bugs2fix_minus_adult_ml,R0,difference-in-differences,verified_throughput,context-dependent,50,600,,,-0.09047832539569112,-0.10136416925820924,-0.08055083609049446,0,7.790492207218426e-10,-1.0,,,3.427816571176108e-08
RQ1_INTERACTION,CF_FIT_minus_S1__bugs2fix_minus_adult_ml,R0,difference-in-differences,p95_terminal_flow_time,context-dependent,50,600,,,-100.54999999999995,-139.4499999999996,-74.24999999999977,97.5,1.9091348579808378e-07,-0.8470588235294118,,,2.672788801173173e-06
RQ1_INTERACTION,CF_FIT_minus_S1__bugs2fix_minus_adult_ml,R0,difference-in-differences,task_completion_rate,context-dependent,50,600,,,-0.06264285714285711,-0.06785714285714284,-0.05807142857142858,0,7.78873351726538e-10,-1.0,,,3.421630373597746e-08
RQ1_INTERACTION,CF_FIT_minus_S1__bugs2fix_minus_adult_ml,R0,difference-in-differences,dead_letter_rate,context-dependent,50,600,,,0.3171428571428571,0.3041428571428571,0.33185714285714285,0,7.78873351726538e-10,1.0,,,3.423175982331527e-08
RQ1_INTERACTION,CF_FIT_minus_S1__bugs2fix_minus_adult_ml,R0,difference-in-differences,unsettled_rate,context-dependent,50,600,,,-0.22478571428571423,-0.2457857142857143,-0.2104285714285715,0,7.78873351726538e-10,-1.0,,,3.411599183482159e-08
RQ1_INTERACTION,CF_FIT_minus_S1__bugs2fix_minus_adult_ml,R0,difference-in-differences,productive_utilization,context-dependent,50,600,,,-0.012151086410360334,-0.02853797891114218,-0.008664947217168872,217.0,5.0268082126084925e-05,-0.659607843137255,,,0.0008042893140173588
RQ1_INTERACTION,CF_FIT_minus_S1__bugs2fix_minus_beijing_ml,R0,difference-in-differences,cost_per_verified_task,context-dependent,50,600,,,0.1461151187569612,0.12862826691946744,0.17006681628881404,0,7.790492207218426e-10,1.0,,,3.427816571176108e-08
RQ1_INTERACTION,CF_FIT_minus_S1__bugs2fix_minus_beijing_ml,R0,difference-in-differences,verified_throughput,context-dependent,50,600,,,-0.021458789569309578,-0.027483253834487603,-0.01237974320426255,187.0,1.3992718911716057e-05,-0.7066666666666667,,,0.00027985437823432115
RQ1_INTERACTION,CF_FIT_minus_S1__bugs2fix_minus_beijing_ml,R0,difference-in-differences,p95_terminal_flow_time,context-dependent,50,600,,,132.0,103.70000000000027,156.0,14.0,1.8096963268937938e-09,0.9780392156862745,,,3.438423021098208e-08
RQ1_INTERACTION,CF_FIT_minus_S1__bugs2fix_minus_beijing_ml,R0,difference-in-differences,task_completion_rate,context-dependent,50,600,,,-0.022285714285714298,-0.027285714285714274,-0.01328571428571429,149.5,2.525556886556779e-06,-0.7654901960784314,,,3.5357796411794904e-05
RQ1_INTERACTION,CF_FIT_minus_S1__bugs2fix_minus_beijing_ml,R0,difference-in-differences,dead_letter_rate,context-dependent,50,600,,,0.15471428571428572,0.12128571428571426,0.17000000000000004,0,7.790492207218426e-10,1.0,,,3.423175982331527e-08
RQ1_INTERACTION,CF_FIT_minus_S1__bugs2fix_minus_beijing_ml,R0,difference-in-differences,unsettled_rate,context-dependent,50,600,,,-0.1188571428571428,-0.13085714285714284,-0.09100000000000003,0,7.790492207218426e-10,-1.0,,,3.411599183482159e-08
RQ1_INTERACTION,CF_FIT_minus_S1__bugs2fix_minus_beijing_ml,R0,difference-in-differences,productive_utilization,context-dependent,50,600,,,0.042892904896065176,0.02656195750619711,0.054181268634633795,63.0,3.007802074972487e-08,0.9011764705882352,,,6.316384357442222e-07
RQ1_INTERACTION,CF_FIT_minus_S1__medium_minus_low,R1,difference-in-differences,cost_per_verified_task,context-dependent,50,600,,,-0.09838207945766403,-0.12870369914582358,-0.08291311555644021,9.0,1.3422283395563705e-09,-0.9858823529411764,,,3.6240165168022004e-08
RQ1_INTERACTION,CF_FIT_minus_S1__medium_minus_low,R1,difference-in-differences,verified_throughput,context-dependent,50,600,,,0.04886597737377443,0.044239110527420744,0.053306917323820646,0,7.790492207218426e-10,1.0,,,3.427816571176108e-08
RQ1_INTERACTION,CF_FIT_minus_S1__medium_minus_low,R1,difference-in-differences,p95_terminal_flow_time,context-dependent,50,600,,,200.0,178.95000000000005,223.04999999999995,0,7.790492207218426e-10,1.0,,,3.425495571048311e-08
RQ1_INTERACTION,CF_FIT_minus_S1__medium_minus_low,R1,difference-in-differences,task_completion_rate,context-dependent,50,600,,,-0.026428571428571412,-0.033214285714285724,-0.021428571428571297,19.0,2.432893270990317e-09,-0.9701960784313726,,,5.1090758690796654e-08
RQ1_INTERACTION,CF_FIT_minus_S1__medium_minus_low,R1,difference-in-differences,dead_letter_rate,context-dependent,50,600,,,0.2935,0.2865000000000001,0.305,0,7.781702322258318e-10,1.0,,,3.423175982331527e-08
RQ1_INTERACTION,CF_FIT_minus_S1__medium_minus_low,R1,difference-in-differences,unsettled_rate,context-dependent,50,600,,,-0.19678571428571429,-0.20285714285714287,-0.19142857142857145,0,7.790492207218426e-10,-1.0,,,3.411599183482159e-08
RQ1_INTERACTION,CF_FIT_minus_S1__medium_minus_low,R1,difference-in-differences,productive_utilization,context-dependent,50,600,,,0.09813898533444093,0.08917602768047683,0.10412001390366443,0,7.790492207218426e-10,1.0,,,3.427816571176108e-08
RQ1_INTERACTION,CF_FIT_minus_S1__high_minus_low,R1,difference-in-differences,cost_per_verified_task,context-dependent,50,600,,,-0.17233732014191588,-0.18148893760642582,-0.14433856331978429,0,7.790492207218426e-10,-1.0,,,3.427816571176108e-08
RQ1_INTERACTION,CF_FIT_minus_S1__high_minus_low,R1,difference-in-differences,verified_throughput,context-dependent,50,600,,,0.07286559591334318,0.06538046667370356,0.07751666323094897,0,7.790492207218426e-10,1.0,,,3.427816571176108e-08
RQ1_INTERACTION,CF_FIT_minus_S1__high_minus_low,R1,difference-in-differences,p95_terminal_flow_time,context-dependent,50,600,,,336.475,325.0,375.7500000000002,0,7.78521720692798e-10,1.0,,,3.425495571048311e-08
RQ1_INTERACTION,CF_FIT_minus_S1__high_minus_low,R1,difference-in-differences,task_completion_rate,context-dependent,50,600,,,-0.061428571428571416,-0.0685714285714285,-0.05035714285714288,0,7.783459586416516e-10,-1.0,,,3.421630373597746e-08
RQ1_INTERACTION,CF_FIT_minus_S1__high_minus_low,R1,difference-in-differences,dead_letter_rate,context-dependent,50,600,,,0.388,0.37450000000000006,0.399,0,7.790492207218426e-10,1.0,,,3.423175982331527e-08
RQ1_INTERACTION,CF_FIT_minus_S1__high_minus_low,R1,difference-in-differences,unsettled_rate,context-dependent,50,600,,,-0.25250000000000006,-0.26,-0.24700000000000005,0,7.781702322258318e-10,-1.0,,,3.411599183482159e-08
RQ1_INTERACTION,CF_FIT_minus_S1__high_minus_low,R1,difference-in-differences,productive_utilization,context-dependent,50,600,,,0.1051990391333194,0.10212084930318965,0.11448989571454082,0,7.790492207218426e-10,1.0,,,3.427816571176108e-08
RQ1_INTERACTION,CF_FIT_minus_S1__beijing_ml_minus_adult_ml,R1,difference-in-differences,cost_per_verified_task,context-dependent,50,600,,,0.2655812140253079,0.2452398588850867,0.2837601966051075,0,7.790492207218426e-10,1.0,,,3.427816571176108e-08
RQ1_INTERACTION,CF_FIT_minus_S1__beijing_ml_minus_adult_ml,R1,difference-in-differences,verified_throughput,context-dependent,50,600,,,-0.07017319980487652,-0.08004501336995565,-0.061759855266714125,0,7.790492207218426e-10,-1.0,,,3.427816571176108e-08
RQ1_INTERACTION,CF_FIT_minus_S1__beijing_ml_minus_adult_ml,R1,difference-in-differences,p95_terminal_flow_time,context-dependent,50,600,,,-258.45000000000005,-289.9000000000001,-215.14999999999986,3.0,9.347048585220696e-10,-0.9952941176470588,,,3.425495571048311e-08
RQ1_INTERACTION,CF_FIT_minus_S1__beijing_ml_minus_adult_ml,R1,difference-in-differences,task_completion_rate,context-dependent,50,600,,,-0.05357142857142863,-0.06571428571428567,-0.04499999999999996,1.0,8.273343176749321e-10,-0.9984313725490196,,,3.421630373597746e-08
RQ1_INTERACTION,CF_FIT_minus_S1__beijing_ml_minus_adult_ml,R1,difference-in-differences,dead_letter_rate,context-dependent,50,600,,,0.17892857142857144,0.15214285714285714,0.20214285714285712,0,7.78521720692798e-10,1.0,,,3.423175982331527e-08
RQ1_INTERACTION,CF_FIT_minus_S1__beijing_ml_minus_adult_ml,R1,difference-in-differences,unsettled_rate,context-dependent,50,600,,,-0.12071428571428572,-0.13428571428571426,-0.0942857142857143,1.0,8.275205653270725e-10,-0.9984313725490196,,,3.411599183482159e-08
RQ1_INTERACTION,CF_FIT_minus_S1__beijing_ml_minus_adult_ml,R1,difference-in-differences,productive_utilization,context-dependent,50,600,,,-0.061839538751118805,-0.07384663377967876,-0.05145457126139119,0,7.790492207218426e-10,-1.0,,,3.427816571176108e-08
RQ1_INTERACTION,CF_FIT_minus_S1__bugs2fix_minus_adult_ml,R1,difference-in-differences,cost_per_verified_task,context-dependent,50,600,,,-0.48681836882487783,-0.5116454474287648,-0.45384667353623204,0,7.790492207218426e-10,-1.0,,,3.427816571176108e-08
RQ1_INTERACTION,CF_FIT_minus_S1__bugs2fix_minus_adult_ml,R1,difference-in-differences,verified_throughput,context-dependent,50,600,,,-0.11028805690989008,-0.12212679683647193,-0.10209639404356574,0,7.790492207218426e-10,-1.0,,,3.427816571176108e-08
RQ1_INTERACTION,CF_FIT_minus_S1__bugs2fix_minus_adult_ml,R1,difference-in-differences,p95_terminal_flow_time,context-dependent,50,600,,,-151.0,-175.87499999999966,-118.35000000000014,4.0,9.928152652039722e-10,-0.9937254901960785,,,3.425495571048311e-08
RQ1_INTERACTION,CF_FIT_minus_S1__bugs2fix_minus_adult_ml,R1,difference-in-differences,task_completion_rate,context-dependent,50,600,,,-0.08257142857142855,-0.09085714285714291,-0.0687142857142857,0,7.790492207218426e-10,-1.0,,,3.421630373597746e-08
RQ1_INTERACTION,CF_FIT_minus_S1__bugs2fix_minus_adult_ml,R1,difference-in-differences,dead_letter_rate,context-dependent,50,600,,,0.32871428571428574,0.3074285714285715,0.34514285714285714,0,7.78873351726538e-10,1.0,,,3.423175982331527e-08
RQ1_INTERACTION,CF_FIT_minus_S1__bugs2fix_minus_adult_ml,R1,difference-in-differences,unsettled_rate,context-dependent,50,600,,,-0.2377142857142857,-0.25257142857142856,-0.22199999999999998,0,7.790492207218426e-10,-1.0,,,3.411599183482159e-08
RQ1_INTERACTION,CF_FIT_minus_S1__bugs2fix_minus_adult_ml,R1,difference-in-differences,productive_utilization,context-dependent,50,600,,,0.009678767527946441,-0.0019108069854579801,0.017643272601990667,425.0,0.04070768613514754,0.3333333333333333,,,0.44778454748662294
RQ1_INTERACTION,CF_FIT_minus_S1__bugs2fix_minus_beijing_ml,R1,difference-in-differences,cost_per_verified_task,context-dependent,50,600,,,-0.7457146774440699,-0.7834837284434959,-0.7135108892999793,0,7.790492207218426e-10,-1.0,,,3.427816571176108e-08
RQ1_INTERACTION,CF_FIT_minus_S1__bugs2fix_minus_beijing_ml,R1,difference-in-differences,verified_throughput,context-dependent,50,600,,,-0.033320819094174586,-0.04358233801536121,-0.01966350204025047,77.0,6.450677967084323e-08,-0.8792156862745099,,,1.5481627121002376e-06
RQ1_INTERACTION,CF_FIT_minus_S1__bugs2fix_minus_beijing_ml,R1,difference-in-differences,p95_terminal_flow_time,context-dependent,50,600,,,116.45000000000005,84.04999999999995,143.5999999999999,48.0,1.3021607245013698e-08,0.9247058823529412,,,2.2136732316523287e-07
RQ1_INTERACTION,CF_FIT_minus_S1__bugs2fix_minus_beijing_ml,R1,difference-in-differences,task_completion_rate,context-dependent,50,600,,,-0.03864285714285712,-0.04942857142857143,-0.021285714285714324,76.0,6.111054076843905e-08,-0.8807843137254902,,,9.777686522950247e-07
RQ1_INTERACTION,CF_FIT_minus_S1__bugs2fix_minus_beijing_ml,R1,difference-in-differences,dead_letter_rate,context-dependent,50,600,,,0.14428571428571435,0.11457142857142855,0.16800000000000004,0,7.790492207218426e-10,1.0,,,3.423175982331527e-08
RQ1_INTERACTION,CF_FIT_minus_S1__bugs2fix_minus_beijing_ml,R1,difference-in-differences,unsettled_rate,context-dependent,50,600,,,-0.11049999999999999,-0.12228571428571428,-0.09114285714285719,0,7.790492207218426e-10,-1.0,,,3.411599183482159e-08
RQ1_INTERACTION,CF_FIT_minus_S1__bugs2fix_minus_beijing_ml,R1,difference-in-differences,productive_utilization,context-dependent,50,600,,,0.06787953161076643,0.058128579067905806,0.08073831774038476,4.0,9.93036701162761e-10,0.9937254901960785,,,3.427816571176108e-08
RQ1_INTERACTION,CF_FIT_minus_S2__R1_minus_R0,resource,difference-in-differences,cost_per_verified_task,context-dependent,50,1800,,,-0.2784200248488141,-0.28881912017509687,-0.26455778354638043,0,7.790492207218426e-10,-1.0,,,3.427816571176108e-08
RQ1_INTERACTION,CF_FIT_minus_S2__R1_minus_R0,resource,difference-in-differences,verified_throughput,context-dependent,50,1800,,,-0.004844862953123974,-0.006130021903671262,-0.0030706243602866,123.0,5.216650425532781e-06,-0.7724329324699353,,,0.00011476630936172118
RQ1_INTERACTION,CF_FIT_minus_S2__R1_minus_R0,resource,difference-in-differences,p95_terminal_flow_time,context-dependent,50,1800,,,37.02499999999998,31.90000000000009,41.149999999998954,0,7.78697518385641e-10,1.0,,,3.425495571048311e-08
RQ1_INTERACTION,CF_FIT_minus_S2__R1_minus_R0,resource,difference-in-differences,task_completion_rate,context-dependent,50,1800,,,-0.0050000000000000044,-0.0071428571428571175,-0.0032857142857143085,127.0,2.3127578674207097e-06,-0.7840136054421769,,,3.4691368011310645e-05
RQ1_INTERACTION,CF_FIT_minus_S2__R1_minus_R0,resource,difference-in-differences,dead_letter_rate,context-dependent,50,1800,,,-0.021357142857142852,-0.024499999999999994,-0.018000000000000016,1.0,8.267758004818509e-10,-0.9984313725490196,,,3.423175982331527e-08
RQ1_INTERACTION,CF_FIT_minus_S2__R1_minus_R0,resource,difference-in-differences,unsettled_rate,context-dependent,50,1800,,,0.02400000000000002,0.022928571428571437,0.025999999999999912,0,7.769411445702697e-10,1.0,,,3.411599183482159e-08
RQ1_INTERACTION,CF_FIT_minus_S2__R1_minus_R0,resource,difference-in-differences,productive_utilization,context-dependent,50,1800,,,-0.0025213404376843163,-0.003918362960916133,-0.0009050122428569396,293.0,0.0008978303500980888,-0.5403921568627451,,,0.012569624901373243
RQ1_INTERACTION,CF_FIT_minus_S2__medium_minus_low,R0,difference-in-differences,cost_per_verified_task,context-dependent,50,600,,,-0.005829398513548634,-0.015379930840392186,0.0010725258469164167,429.0,0.044655836169799464,-0.3270588235294118,,,0.7591492148865909
RQ1_INTERACTION,CF_FIT_minus_S2__medium_minus_low,R0,difference-in-differences,verified_throughput,context-dependent,50,600,,,-0.0015552319952672894,-0.00541948340738882,0.004554890849868154,623.0,0.8924965189494958,0.022745098039215685,,,1.0
RQ1_INTERACTION,CF_FIT_minus_S2__medium_minus_low,R0,difference-in-differences,p95_terminal_flow_time,context-dependent,50,600,,,415.5,400.0,430.475,0,7.78873351726538e-10,1.0,,,3.425495571048311e-08
RQ1_INTERACTION,CF_FIT_minus_S2__medium_minus_low,R0,difference-in-differences,task_completion_rate,context-dependent,50,600,,,-0.06857142857142856,-0.07535714285714284,-0.06285714285714289,0,7.78521720692798e-10,-1.0,,,3.421630373597746e-08
RQ1_INTERACTION,CF_FIT_minus_S2__medium_minus_low,R0,difference-in-differences,dead_letter_rate,context-dependent,50,600,,,0.17285714285714288,0.16999999999999998,0.17785714285714294,0,7.78521720692798e-10,1.0,,,3.423175982331527e-08
RQ1_INTERACTION,CF_FIT_minus_S2__medium_minus_low,R0,difference-in-differences,unsettled_rate,context-dependent,50,600,,,-0.10500000000000004,-0.10949999999999999,-0.10285714285714287,0,7.778188862747382e-10,-1.0,,,3.411599183482159e-08
RQ1_INTERACTION,CF_FIT_minus_S2__medium_minus_low,R0,difference-in-differences,productive_utilization,context-dependent,50,600,,,0.02263620440507988,0.016476853513599732,0.02765349231449593,34.0,5.852211352191327e-09,0.9466666666666667,,,1.287486497482092e-07
RQ1_INTERACTION,CF_FIT_minus_S2__high_minus_low,R0,difference-in-differences,cost_per_verified_task,context-dependent,50,600,,,-0.03816951047914752,-0.04823741822605143,-0.025190307239935317,40.0,8.262818626631751e-09,-0.9372549019607843,,,2.1483328429242553e-07
RQ1_INTERACTION,CF_FIT_minus_S2__high_minus_low,R0,difference-in-differences,verified_throughput,context-dependent,50,600,,,-0.009570103240545483,-0.017231118917428317,-0.0039926135094107695,336.0,0.0036650650423073,-0.47294117647058825,,,0.0586410406769168
RQ1_INTERACTION,CF_FIT_minus_S2__high_minus_low,R0,difference-in-differences,p95_terminal_flow_time,context-dependent,50,600,,,570.6999999999998,554.7499999999998,594.0,0,7.78873351726538e-10,1.0,,,3.425495571048311e-08
RQ1_INTERACTION,CF_FIT_minus_S2__high_minus_low,R0,difference-in-differences,task_completion_rate,context-dependent,50,600,,,-0.10207142857142854,-0.10500000000000001,-0.09750000000000006,0,7.783459586416516e-10,-1.0,,,3.421630373597746e-08
RQ1_INTERACTION,CF_FIT_minus_S2__high_minus_low,R0,difference-in-differences,dead_letter_rate,context-dependent,50,600,,,0.22928571428571423,0.2257142857142857,0.23600000000000004,0,7.78521720692798e-10,1.0,,,3.423175982331527e-08
RQ1_INTERACTION,CF_FIT_minus_S2__high_minus_low,R0,difference-in-differences,unsettled_rate,context-dependent,50,600,,,-0.13585714285714287,-0.14049999999999996,-0.13278571428571426,0,7.753634507913997e-10,-1.0,,,3.411599183482159e-08
RQ1_INTERACTION,CF_FIT_minus_S2__high_minus_low,R0,difference-in-differences,productive_utilization,context-dependent,50,600,,,-0.00209822020843084,-0.010910699049692552,0.010243239818795935,621.0,0.8772529937158152,-0.02588235294117647,,,1.0
RQ1_INTERACTION,CF_FIT_minus_S2__beijing_ml_minus_adult_ml,R0,difference-in-differences,cost_per_verified_task,context-dependent,50,600,,,0.262211007084402,0.2532496414624574,0.2731333748926096,0,7.790492207218426e-10,1.0,,,3.427816571176108e-08
RQ1_INTERACTION,CF_FIT_minus_S2__beijing_ml_minus_adult_ml,R0,difference-in-differences,verified_throughput,context-dependent,50,600,,,0.024965644079918137,0.018139830210812835,0.03141513039123961,30.0,4.641506443199498e-09,0.9529411764705882,,,1.1603766107998744e-07
RQ1_INTERACTION,CF_FIT_minus_S2__beijing_ml_minus_adult_ml,R0,difference-in-differences,p95_terminal_flow_time,context-dependent,50,600,,,-717.3750000000001,-773.9250000000001,-695.9000000000001,0,7.790492207218426e-10,-1.0,,,3.425495571048311e-08
RQ1_INTERACTION,CF_FIT_minus_S2__beijing_ml_minus_adult_ml,R0,difference-in-differences,task_completion_rate,context-dependent,50,600,,,0.035714285714285726,0.027142857142857135,0.043214285714285705,0,7.776432667267605e-10,1.0,,,3.421630373597746e-08
RQ1_INTERACTION,CF_FIT_minus_S2__beijing_ml_minus_adult_ml,R0,difference-in-differences,dead_letter_rate,context-dependent,50,600,,,0.2767857142857143,0.26142857142857145,0.28785714285714287,0,7.790492207218426e-10,1.0,,,3.423175982331527e-08
RQ1_INTERACTION,CF_FIT_minus_S2__beijing_ml_minus_adult_ml,R0,difference-in-differences,unsettled_rate,context-dependent,50,600,,,-0.34071428571428575,-0.3525,-0.3342857142857143,0,7.776432667267605e-10,-1.0,,,3.411599183482159e-08
RQ1_INTERACTION,CF_FIT_minus_S2__beijing_ml_minus_adult_ml,R0,difference-in-differences,productive_utilization,context-dependent,50,600,,,0.22278507273093828,0.21530156735313732,0.22523291110073002,0,7.790492207218426e-10,1.0,,,3.427816571176108e-08
RQ1_INTERACTION,CF_FIT_minus_S2__bugs2fix_minus_adult_ml,R0,difference-in-differences,cost_per_verified_task,context-dependent,50,600,,,0.2550147309244491,0.23917590690342289,0.2622917544826885,0,7.790492207218426e-10,1.0,,,3.427816571176108e-08
RQ1_INTERACTION,CF_FIT_minus_S2__bugs2fix_minus_adult_ml,R0,difference-in-differences,verified_throughput,context-dependent,50,600,,,0.07288564073354925,0.06696183748573484,0.08240977956731224,0,7.790492207218426e-10,1.0,,,3.427816571176108e-08
RQ1_INTERACTION,CF_FIT_minus_S2__bugs2fix_minus_adult_ml,R0,difference-in-differences,p95_terminal_flow_time,context-dependent,50,600,,,-385.5999999999999,-412.3750000000001,-352.04999999999995,0,7.790492207218426e-10,-1.0,,,3.425495571048311e-08
RQ1_INTERACTION,CF_FIT_minus_S2__bugs2fix_minus_adult_ml,R0,difference-in-differences,task_completion_rate,context-dependent,50,600,,,0.08392857142857149,0.06985714285714284,0.09114285714285719,0,7.790492207218426e-10,1.0,,,3.421630373597746e-08
RQ1_INTERACTION,CF_FIT_minus_S2__bugs2fix_minus_adult_ml,R0,difference-in-differences,dead_letter_rate,context-dependent,50,600,,,0.3272857142857143,0.3173571428571428,0.34485714285714286,0,7.790492207218426e-10,1.0,,,3.423175982331527e-08
RQ1_INTERACTION,CF_FIT_minus_S2__bugs2fix_minus_adult_ml,R0,difference-in-differences,unsettled_rate,context-dependent,50,600,,,-0.44585714285714284,-0.45449999999999996,-0.4393571428571429,0,7.790492207218426e-10,-1.0,,,3.411599183482159e-08
RQ1_INTERACTION,CF_FIT_minus_S2__bugs2fix_minus_adult_ml,R0,difference-in-differences,productive_utilization,context-dependent,50,600,,,0.2721212351408069,0.26675867507886436,0.28083533448668624,0,7.790492207218426e-10,1.0,,,3.427816571176108e-08
RQ1_INTERACTION,CF_FIT_minus_S2__bugs2fix_minus_beijing_ml,R0,difference-in-differences,cost_per_verified_task,context-dependent,50,600,,,-0.022694718172840467,-0.035376816227152386,0.00461566688716919,325.0,0.002596840127303903,-0.49019607843137253,,,0.05453364267338197
RQ1_INTERACTION,CF_FIT_minus_S2__bugs2fix_minus_beijing_ml,R0,difference-in-differences,verified_throughput,context-dependent,50,600,,,0.049537498798785745,0.0431362414373538,0.061762170081641254,0,7.790492207218426e-10,1.0,,,3.427816571176108e-08
RQ1_INTERACTION,CF_FIT_minus_S2__bugs2fix_minus_beijing_ml,R0,difference-in-differences,p95_terminal_flow_time,context-dependent,50,600,,,351.3249999999997,313.975,377.475,0,7.78697518385641e-10,1.0,,,3.425495571048311e-08
RQ1_INTERACTION,CF_FIT_minus_S2__bugs2fix_minus_beijing_ml,R0,difference-in-differences,task_completion_rate,context-dependent,50,600,,,0.05499999999999994,0.04335714285714287,0.06442857142857139,0,7.78873351726538e-10,1.0,,,3.421630373597746e-08
RQ1_INTERACTION,CF_FIT_minus_S2__bugs2fix_minus_beijing_ml,R0,difference-in-differences,dead_letter_rate,context-dependent,50,600,,,0.05864285714285716,0.03414285714285703,0.06871428571428573,59.0,2.4107914608921837e-08,0.9074509803921569,,,4.0983454835167124e-07
RQ1_INTERACTION,CF_FIT_minus_S2__bugs2fix_minus_beijing_ml,R0,difference-in-differences,unsettled_rate,context-dependent,50,600,,,-0.10542857142857137,-0.11285714285714288,-0.0941428571428572,0,7.78873351726538e-10,-1.0,,,3.411599183482159e-08
RQ1_INTERACTION,CF_FIT_minus_S2__bugs2fix_minus_beijing_ml,R0,difference-in-differences,productive_utilization,context-dependent,50,600,,,0.0558728648943366,0.04772992697754175,0.060796836127576054,0,7.790492207218426e-10,1.0,,,3.427816571176108e-08
RQ1_INTERACTION,CF_FIT_minus_S2__medium_minus_low,R1,difference-in-differences,cost_per_verified_task,context-dependent,50,600,,,0.07077087402859006,0.059273163245773475,0.0834124008756656,3.0,9.347048585220696e-10,0.9952941176470588,,,3.427816571176108e-08
RQ1_INTERACTION,CF_FIT_minus_S2__medium_minus_low,R1,difference-in-differences,verified_throughput,context-dependent,50,600,,,0.0029780104048885148,-0.0023618275052751936,0.006974977322285539,477.0,0.12246129939432743,0.25176470588235295,,,1.0
RQ1_INTERACTION,CF_FIT_minus_S2__medium_minus_low,R1,difference-in-differences,p95_terminal_flow_time,context-dependent,50,600,,,383.62499999999943,369.0,392.45000000000005,0,7.790492207218426e-10,1.0,,,3.425495571048311e-08
RQ1_INTERACTION,CF_FIT_minus_S2__medium_minus_low,R1,difference-in-differences,task_completion_rate,context-dependent,50,600,,,-0.06535714285714286,-0.07214285714285715,-0.0632142857142857,0,7.78697518385641e-10,-1.0,,,3.421630373597746e-08
RQ1_INTERACTION,CF_FIT_minus_S2__medium_minus_low,R1,difference-in-differences,dead_letter_rate,context-dependent,50,600,,,0.185,0.17928571428571433,0.19214285714285712,0,7.78873351726538e-10,1.0,,,3.423175982331527e-08
RQ1_INTERACTION,CF_FIT_minus_S2__medium_minus_low,R1,difference-in-differences,unsettled_rate,context-dependent,50,600,,,-0.12278571428571428,-0.13035714285714287,-0.119,0,7.772921344541358e-10,-1.0,,,3.411599183482159e-08
RQ1_INTERACTION,CF_FIT_minus_S2__medium_minus_low,R1,difference-in-differences,productive_utilization,context-dependent,50,600,,,0.033290616430594,0.027807749002579984,0.04669053844231494,25.0,3.466927922494609e-09,0.9607843137254902,,,7.973934221737602e-08
RQ1_INTERACTION,CF_FIT_minus_S2__high_minus_low,R1,difference-in-differences,cost_per_verified_task,context-dependent,50,600,,,0.1041682604554211,0.08820982049833559,0.12440587370507261,0,7.790492207218426e-10,1.0,,,3.427816571176108e-08
RQ1_INTERACTION,CF_FIT_minus_S2__high_minus_low,R1,difference-in-differences,verified_throughput,context-dependent,50,600,,,-0.0084847188615223,-0.014210143679810272,-0.005002962269217745,247.0,0.0001666966612706161,-0.6125490196078431,,,0.003167236564141706
RQ1_INTERACTION,CF_FIT_minus_S2__high_minus_low,R1,difference-in-differences,p95_terminal_flow_time,context-dependent,50,600,,,548.45,518.0,567.5499999999995,0,7.790492207218426e-10,1.0,,,3.425495571048311e-08
RQ1_INTERACTION,CF_FIT_minus_S2__high_minus_low,R1,difference-in-differences,task_completion_rate,context-dependent,50,600,,,-0.09642857142857139,-0.10535714285714282,-0.09214285714285719,0,7.781702322258318e-10,-1.0,,,3.421630373597746e-08
RQ1_INTERACTION,CF_FIT_minus_S2__high_minus_low,R1,difference-in-differences,dead_letter_rate,context-dependent,50,600,,,0.24499999999999997,0.2407142857142857,0.25357142857142856,0,7.78873351726538e-10,1.0,,,3.423175982331527e-08
RQ1_INTERACTION,CF_FIT_minus_S2__high_minus_low,R1,difference-in-differences,unsettled_rate,context-dependent,50,600,,,-0.1560714285714286,-0.16399999999999992,-0.15214285714285714,0,7.783459586416516e-10,-1.0,,,3.411599183482159e-08
RQ1_INTERACTION,CF_FIT_minus_S2__high_minus_low,R1,difference-in-differences,productive_utilization,context-dependent,50,600,,,0.010730192581486109,-0.004536952697487828,0.020974375866544215,405.0,0.0251194595851845,0.36470588235294116,,,0.301433515022214
RQ1_INTERACTION,CF_FIT_minus_S2__beijing_ml_minus_adult_ml,R1,difference-in-differences,cost_per_verified_task,context-dependent,50,600,,,0.011249287677476016,0.0012736526838086348,0.029289116717351682,387.0,0.015807948250998127,0.39294117647058824,,,0.31615896501996255
RQ1_INTERACTION,CF_FIT_minus_S2__beijing_ml_minus_adult_ml,R1,difference-in-differences,verified_throughput,context-dependent,50,600,,,0.026607608485678697,0.01720841234361617,0.0300955553314044,20.0,2.583710483708163e-09,0.9686274509803922,,,6.717647257641224e-08
RQ1_INTERACTION,CF_FIT_minus_S2__beijing_ml_minus_adult_ml,R1,difference-in-differences,p95_terminal_flow_time,context-dependent,50,600,,,-745.0,-773.5999999999995,-706.475,0,7.78873351726538e-10,-1.0,,,3.425495571048311e-08
RQ1_INTERACTION,CF_FIT_minus_S2__beijing_ml_minus_adult_ml,R1,difference-in-differences,task_completion_rate,context-dependent,50,600,,,0.03428571428571431,0.023928571428571466,0.040714285714285675,5.0,1.0537407420741838e-09,0.9921568627450981,,,3.421630373597746e-08
RQ1_INTERACTION,CF_FIT_minus_S2__beijing_ml_minus_adult_ml,R1,difference-in-differences,dead_letter_rate,context-dependent,50,600,,,0.2857142857142857,0.26749999999999996,0.3025,0,7.78697518385641e-10,1.0,,,3.423175982331527e-08
RQ1_INTERACTION,CF_FIT_minus_S2__beijing_ml_minus_adult_ml,R1,difference-in-differences,unsettled_rate,context-dependent,50,600,,,-0.3603571428571429,-0.37,-0.35,0,7.778188862747382e-10,-1.0,,,3.411599183482159e-08
RQ1_INTERACTION,CF_FIT_minus_S2__beijing_ml_minus_adult_ml,R1,difference-in-differences,productive_utilization,context-dependent,50,600,,,0.23150841764386704,0.22731072582269768,0.24050892513252525,0,7.790492207218426e-10,1.0,,,3.427816571176108e-08
RQ1_INTERACTION,CF_FIT_minus_S2__bugs2fix_minus_adult_ml,R1,difference-in-differences,cost_per_verified_task,context-dependent,50,600,,,-0.17062342251609802,-0.19698747067708988,-0.1519279328965486,0,7.790492207218426e-10,-1.0,,,3.427816571176108e-08
RQ1_INTERACTION,CF_FIT_minus_S2__bugs2fix_minus_adult_ml,R1,difference-in-differences,verified_throughput,context-dependent,50,600,,,0.0776780558572947,0.06935567096108386,0.0835978835978835,0,7.790492207218426e-10,1.0,,,3.427816571176108e-08
RQ1_INTERACTION,CF_FIT_minus_S2__bugs2fix_minus_adult_ml,R1,difference-in-differences,p95_terminal_flow_time,context-dependent,50,600,,,-407.1249999999999,-440.475,-381.2499999999998,0,7.790492207218426e-10,-1.0,,,3.425495571048311e-08
RQ1_INTERACTION,CF_FIT_minus_S2__bugs2fix_minus_adult_ml,R1,difference-in-differences,task_completion_rate,context-dependent,50,600,,,0.08564285714285719,0.07442857142857146,0.0912857142857143,0,7.78697518385641e-10,1.0,,,3.421630373597746e-08
RQ1_INTERACTION,CF_FIT_minus_S2__bugs2fix_minus_adult_ml,R1,difference-in-differences,dead_letter_rate,context-dependent,50,600,,,0.3344285714285714,0.3259285714285714,0.34585714285714286,0,7.790492207218426e-10,1.0,,,3.423175982331527e-08
RQ1_INTERACTION,CF_FIT_minus_S2__bugs2fix_minus_adult_ml,R1,difference-in-differences,unsettled_rate,context-dependent,50,600,,,-0.4517142857142857,-0.46742857142857136,-0.4473571428571428,0,7.78873351726538e-10,-1.0,,,3.411599183482159e-08
RQ1_INTERACTION,CF_FIT_minus_S2__bugs2fix_minus_adult_ml,R1,difference-in-differences,productive_utilization,context-dependent,50,600,,,0.2872839192837142,0.2807019945152949,0.2914652032063178,0,7.790492207218426e-10,1.0,,,3.427816571176108e-08
RQ1_INTERACTION,CF_FIT_minus_S2__bugs2fix_minus_beijing_ml,R1,difference-in-differences,cost_per_verified_task,context-dependent,50,600,,,-0.17180160287289847,-0.21373372714730898,-0.15122110103455344,0,7.790492207218426e-10,-1.0,,,3.427816571176108e-08
RQ1_INTERACTION,CF_FIT_minus_S2__bugs2fix_minus_beijing_ml,R1,difference-in-differences,verified_throughput,context-dependent,50,600,,,0.04806164987987266,0.04413581946860784,0.06004458066313739,0,7.790492207218426e-10,1.0,,,3.427816571176108e-08
RQ1_INTERACTION,CF_FIT_minus_S2__bugs2fix_minus_beijing_ml,R1,difference-in-differences,p95_terminal_flow_time,context-dependent,50,600,,,329.57499999999993,300.3499999999997,367.14999999999986,0,7.790492207218426e-10,1.0,,,3.425495571048311e-08
RQ1_INTERACTION,CF_FIT_minus_S2__bugs2fix_minus_beijing_ml,R1,difference-in-differences,task_completion_rate,context-dependent,50,600,,,0.048500000000000015,0.03999999999999998,0.06057142857142858,1.0,8.277068506175886e-10,0.9984313725490196,,,3.421630373597746e-08
RQ1_INTERACTION,CF_FIT_minus_S2__bugs2fix_minus_beijing_ml,R1,difference-in-differences,dead_letter_rate,context-dependent,50,600,,,0.0533571428571428,0.026928571428571357,0.06985714285714278,82.0,8.434884904745377e-08,0.8713725490196078,,,1.3495815847592603e-06
RQ1_INTERACTION,CF_FIT_minus_S2__bugs2fix_minus_beijing_ml,R1,difference-in-differences,unsettled_rate,context-dependent,50,600,,,-0.1052142857142857,-0.11028571428571432,-0.09099999999999997,0,7.78697518385641e-10,-1.0,,,3.411599183482159e-08
RQ1_INTERACTION,CF_FIT_minus_S2__bugs2fix_minus_beijing_ml,R1,difference-in-differences,productive_utilization,context-dependent,50,600,,,0.053654719233044046,0.04814061995403393,0.05930799716411528,2.0,8.797193978636199e-10,0.9968627450980392,,,3.427816571176108e-08
RQ1_INTERACTION,CF_FIT_minus_S3__R1_minus_R0,resource,difference-in-differences,cost_per_verified_task,context-dependent,50,1800,,,0.09471007595081643,0.08209581348323791,0.09646548374397979,0,7.790492207218426e-10,1.0,,,3.427816571176108e-08
RQ1_INTERACTION,CF_FIT_minus_S3__R1_minus_R0,resource,difference-in-differences,verified_throughput,context-dependent,50,1800,,,0.025699137087447754,0.023682660758854696,0.026743075453677156,0,7.790492207218426e-10,1.0,,,3.427816571176108e-08
RQ1_INTERACTION,CF_FIT_minus_S3__R1_minus_R0,resource,difference-in-differences,p95_terminal_flow_time,context-dependent,50,1800,,,-49.84999999999968,-56.049999999999955,-44.30000000000018,0,7.78521720692798e-10,-1.0,,,3.425495571048311e-08
RQ1_INTERACTION,CF_FIT_minus_S3__R1_minus_R0,resource,difference-in-differences,task_completion_rate,context-dependent,50,1800,,,0.02699999999999997,0.024999999999999967,0.028785714285714276,0,7.776432667267605e-10,1.0,,,3.421630373597746e-08
RQ1_INTERACTION,CF_FIT_minus_S3__R1_minus_R0,resource,difference-in-differences,dead_letter_rate,context-dependent,50,1800,,,-0.0005000000000000004,-0.004285714285714226,0.0019999999999999463,525.5,0.3895049475549103,-0.14204081632653062,,,1.0
RQ1_INTERACTION,CF_FIT_minus_S3__R1_minus_R0,resource,difference-in-differences,unsettled_rate,context-dependent,50,1800,,,-0.02292857142857141,-0.026000000000000023,-0.02071428571428574,0,7.757138005545729e-10,-1.0,,,3.411599183482159e-08
RQ1_INTERACTION,CF_FIT_minus_S3__R1_minus_R0,resource,difference-in-differences,productive_utilization,context-dependent,50,1800,,,0.03294332803304456,0.03126489495924539,0.03530278153370675,0,7.790492207218426e-10,1.0,,,3.427816571176108e-08
RQ1_INTERACTION,CF_FIT_minus_S3__medium_minus_low,R0,difference-in-differences,cost_per_verified_task,context-dependent,50,600,,,0.004814349746144753,-0.005485688414992307,0.010116525857905345,538.0,0.33923666464046465,0.156078431372549,,,1.0
RQ1_INTERACTION,CF_FIT_minus_S3__medium_minus_low,R0,difference-in-differences,verified_throughput,context-dependent,50,600,,,-0.008618350408885311,-0.015049037695103518,-0.002448533735916414,287.0,0.0007284333446976738,-0.5498039215686275,,,0.012383366859860455
RQ1_INTERACTION,CF_FIT_minus_S3__medium_minus_low,R0,difference-in-differences,p95_terminal_flow_time,context-dependent,50,600,,,-145.20000000000027,-173.75000000000023,-117.95000000000005,39.0,7.799834738465623e-09,-0.9388235294117647,,,1.403970252923812e-07
RQ1_INTERACTION,CF_FIT_minus_S3__medium_minus_low,R0,difference-in-differences,task_completion_rate,context-dependent,50,600,,,-0.03428571428571431,-0.0428571428571429,-0.027142857142857246,4.0,9.921512229880905e-10,-0.9937254901960785,,,3.421630373597746e-08
RQ1_INTERACTION,CF_FIT_minus_S3__medium_minus_low,R0,difference-in-differences,dead_letter_rate,context-dependent,50,600,,,0.2928571428571428,0.2857142857142857,0.3007142857142857,0,7.78697518385641e-10,1.0,,,3.423175982331527e-08
RQ1_INTERACTION,CF_FIT_minus_S3__medium_minus_low,R0,difference-in-differences,unsettled_rate,context-dependent,50,600,,,-0.245,-0.2507142857142857,-0.23428571428571426,0,7.781702322258318e-10,-1.0,,,3.411599183482159e-08
RQ1_INTERACTION,CF_FIT_minus_S3__medium_minus_low,R0,difference-in-differences,productive_utilization,context-dependent,50,600,,,-0.039980984488111604,-0.04547714604319375,-0.034787575143266136,16.0,2.038789223643199e-09,-0.9749019607843137,,,4.893094136743678e-08
RQ1_INTERACTION,CF_FIT_minus_S3__high_minus_low,R0,difference-in-differences,cost_per_verified_task,context-dependent,50,600,,,-0.0006744059863146301,-0.013741145712016234,0.008670383804516457,521.0,0.26280738500288303,-0.18274509803921568,,,1.0
RQ1_INTERACTION,CF_FIT_minus_S3__high_minus_low,R0,difference-in-differences,verified_throughput,context-dependent,50,600,,,-0.009941504448038208,-0.014830672819944657,-0.005364604885420371,280.0,0.0005684863225141047,-0.5607843137254902,,,0.010232753805253885
RQ1_INTERACTION,CF_FIT_minus_S3__high_minus_low,R0,difference-in-differences,p95_terminal_flow_time,context-dependent,50,600,,,-48.549999999999955,-69.80000000000018,11.199999999999818,431.5,0.04728256542085896,-0.32313725490196077,,,0.3309779579460127
RQ1_INTERACTION,CF_FIT_minus_S3__high_minus_low,R0,difference-in-differences,task_completion_rate,context-dependent,50,600,,,-0.04749999999999999,-0.05071428571428577,-0.042499999999999954,0,7.776432667267605e-10,-1.0,,,3.421630373597746e-08
RQ1_INTERACTION,CF_FIT_minus_S3__high_minus_low,R0,difference-in-differences,dead_letter_rate,context-dependent,50,600,,,0.399,0.38642857142857145,0.40392857142857147,0,7.779945414389834e-10,1.0,,,3.423175982331527e-08
RQ1_INTERACTION,CF_FIT_minus_S3__high_minus_low,R0,difference-in-differences,unsettled_rate,context-dependent,50,600,,,-0.33499999999999996,-0.34249999999999997,-0.3265,0,7.779945414389834e-10,-1.0,,,3.411599183482159e-08
RQ1_INTERACTION,CF_FIT_minus_S3__high_minus_low,R0,difference-in-differences,productive_utilization,context-dependent,50,600,,,-0.04099966369085373,-0.05600911342971393,-0.03283165305002028,11.0,1.5131926093401496e-09,-0.9827450980392157,,,3.782981523350374e-08
RQ1_INTERACTION,CF_FIT_minus_S3__beijing_ml_minus_adult_ml,R0,difference-in-differences,cost_per_verified_task,context-dependent,50,600,,,-0.0038296503841753204,-0.017505340415150616,0.016724378793907868,621.0,0.8772529937158152,-0.02588235294117647,,,1.0
RQ1_INTERACTION,CF_FIT_minus_S3__beijing_ml_minus_adult_ml,R0,difference-in-differences,verified_throughput,context-dependent,50,600,,,-0.04634977551486186,-0.049514583530550216,-0.03635824406975258,11.0,1.5131926093401496e-09,-0.9827450980392157,,,4.388258567086434e-08
RQ1_INTERACTION,CF_FIT_minus_S3__beijing_ml_minus_adult_ml,R0,difference-in-differences,p95_terminal_flow_time,context-dependent,50,600,,,-364.3249999999997,-392.475,-316.45000000000005,0,7.790492207218426e-10,-1.0,,,3.425495571048311e-08
RQ1_INTERACTION,CF_FIT_minus_S3__beijing_ml_minus_adult_ml,R0,difference-in-differences,task_completion_rate,context-dependent,50,600,,,-0.034642857142857114,-0.04249999999999998,-0.025714285714285717,35.0,6.1961679003678616e-09,-0.9450980392156862,,,1.115310222066215e-07
RQ1_INTERACTION,CF_FIT_minus_S3__beijing_ml_minus_adult_ml,R0,difference-in-differences,dead_letter_rate,context-dependent,50,600,,,0.1596428571428572,0.14500000000000002,0.18071428571428572,0,7.78521720692798e-10,1.0,,,3.423175982331527e-08
RQ1_INTERACTION,CF_FIT_minus_S3__beijing_ml_minus_adult_ml,R0,difference-in-differences,unsettled_rate,context-dependent,50,600,,,-0.10964285714285714,-0.1378571428571429,-0.09,0,7.78873351726538e-10,-1.0,,,3.411599183482159e-08
RQ1_INTERACTION,CF_FIT_minus_S3__beijing_ml_minus_adult_ml,R0,difference-in-differences,productive_utilization,context-dependent,50,600,,,-0.06764410963862,-0.07455608958565496,-0.05891698713522492,0,7.790492207218426e-10,-1.0,,,3.427816571176108e-08
RQ1_INTERACTION,CF_FIT_minus_S3__bugs2fix_minus_adult_ml,R0,difference-in-differences,cost_per_verified_task,context-dependent,50,600,,,-0.0022287015609026017,-0.025570298271329284,0.012125822069815273,505.0,0.20258092941351644,-0.20784313725490197,,,1.0
RQ1_INTERACTION,CF_FIT_minus_S3__bugs2fix_minus_adult_ml,R0,difference-in-differences,verified_throughput,context-dependent,50,600,,,-0.05131990844036283,-0.0611216209102895,-0.04501115566245026,6.0,1.1205424462339812e-09,-0.9905882352941177,,,3.427816571176108e-08
RQ1_INTERACTION,CF_FIT_minus_S3__bugs2fix_minus_adult_ml,R0,difference-in-differences,p95_terminal_flow_time,context-dependent,50,600,,,-181.5,-210.07499999999993,-171.1249999999999,0,7.790492207218426e-10,-1.0,,,3.425495571048311e-08
RQ1_INTERACTION,CF_FIT_minus_S3__bugs2fix_minus_adult_ml,R0,difference-in-differences,task_completion_rate,context-dependent,50,600,,,-0.0433571428571429,-0.04828571428571432,-0.03142857142857142,10.0,1.4252139507189435e-09,-0.984313725490196,,,3.421630373597746e-08
RQ1_INTERACTION,CF_FIT_minus_S3__bugs2fix_minus_adult_ml,R0,difference-in-differences,dead_letter_rate,context-dependent,50,600,,,0.21364285714285716,0.19628571428571426,0.23557142857142863,0,7.790492207218426e-10,1.0,,,3.423175982331527e-08
RQ1_INTERACTION,CF_FIT_minus_S3__bugs2fix_minus_adult_ml,R0,difference-in-differences,unsettled_rate,context-dependent,50,600,,,-0.1437142857142857,-0.17400000000000004,-0.13228571428571428,0,7.78697518385641e-10,-1.0,,,3.411599183482159e-08
RQ1_INTERACTION,CF_FIT_minus_S3__bugs2fix_minus_adult_ml,R0,difference-in-differences,productive_utilization,context-dependent,50,600,,,-0.11280803959244684,-0.12259166106734082,-0.10382695830473826,0,7.790492207218426e-10,-1.0,,,3.427816571176108e-08
RQ1_INTERACTION,CF_FIT_minus_S3__bugs2fix_minus_beijing_ml,R0,difference-in-differences,cost_per_verified_task,context-dependent,50,600,,,-0.010236350065543798,-0.03188612657657586,0.015513337682724893,500.0,0.18600198276773772,-0.21568627450980393,,,1.0
RQ1_INTERACTION,CF_FIT_minus_S3__bugs2fix_minus_beijing_ml,R0,difference-in-differences,verified_throughput,context-dependent,50,600,,,-0.004553993744055518,-0.016146472430625447,0.0029445976219196757,482.0,0.1345863847394936,-0.24392156862745099,,,1.0
RQ1_INTERACTION,CF_FIT_minus_S3__bugs2fix_minus_beijing_ml,R0,difference-in-differences,p95_terminal_flow_time,context-dependent,50,600,,,180.79999999999973,152.85000000000014,197.95000000000005,1.0,8.277068506175886e-10,0.9984313725490196,,,3.425495571048311e-08
RQ1_INTERACTION,CF_FIT_minus_S3__bugs2fix_minus_beijing_ml,R0,difference-in-differences,task_completion_rate,context-dependent,50,600,,,-0.007428571428571451,-0.017571428571428516,0.0005714285714286116,466.5,0.09978369292592215,-0.26823529411764707,,,0.9978369292592215
RQ1_INTERACTION,CF_FIT_minus_S3__bugs2fix_minus_beijing_ml,R0,difference-in-differences,dead_letter_rate,context-dependent,50,600,,,0.0500714285714286,0.02757142857142858,0.06642857142857139,181.0,1.072967695367962e-05,0.716078431372549,,,0.0001609451543051943
RQ1_INTERACTION,CF_FIT_minus_S3__bugs2fix_minus_beijing_ml,R0,difference-in-differences,unsettled_rate,context-dependent,50,600,,,-0.032714285714285724,-0.05385714285714288,-0.024214285714285737,171.0,6.845781707935006e-06,-0.731764705882353,,,8.899516220315508e-05
RQ1_INTERACTION,CF_FIT_minus_S3__bugs2fix_minus_beijing_ml,R0,difference-in-differences,productive_utilization,context-dependent,50,600,,,-0.032156313562388794,-0.04501454721067938,-0.024723118092453866,109.0,3.452038234171711e-07,-0.8290196078431372,,,6.55887264492625e-06
RQ1_INTERACTION,CF_FIT_minus_S3__medium_minus_low,R1,difference-in-differences,cost_per_verified_task,context-dependent,50,600,,,-0.1719630447303222,-0.19356185093541756,-0.15607220686604906,0,7.790492207218426e-10,-1.0,,,3.427816571176108e-08
RQ1_INTERACTION,CF_FIT_minus_S3__medium_minus_low,R1,difference-in-differences,verified_throughput,context-dependent,50,600,,,-0.012817264483492408,-0.016252769570205466,-0.007636059812935109,168.0,5.971731846781985e-06,-0.7364705882352941,,,0.00012540636878242167
RQ1_INTERACTION,CF_FIT_minus_S3__medium_minus_low,R1,difference-in-differences,p95_terminal_flow_time,context-dependent,50,600,,,-24.450000000000045,-46.94999999999959,6.074999999999932,444.0,0.06245061998283067,-0.3035294117647059,,,0.37470371989698403
RQ1_INTERACTION,CF_FIT_minus_S3__medium_minus_low,R1,difference-in-differences,task_completion_rate,context-dependent,50,600,,,-0.056642857142857134,-0.06535714285714286,-0.05035714285714282,0,7.778188862747382e-10,-1.0,,,3.421630373597746e-08
RQ1_INTERACTION,CF_FIT_minus_S3__medium_minus_low,R1,difference-in-differences,dead_letter_rate,context-dependent,50,600,,,0.28621428571428575,0.28142857142857136,0.2919285714285714,0,7.78697518385641e-10,1.0,,,3.423175982331527e-08
RQ1_INTERACTION,CF_FIT_minus_S3__medium_minus_low,R1,difference-in-differences,unsettled_rate,context-dependent,50,600,,,-0.21207142857142858,-0.22049999999999997,-0.20642857142857143,0,7.781702322258318e-10,-1.0,,,3.411599183482159e-08
RQ1_INTERACTION,CF_FIT_minus_S3__medium_minus_low,R1,difference-in-differences,productive_utilization,context-dependent,50,600,,,-0.028120186594596086,-0.03578718202821929,-0.010600503069776113,102.0,2.41077204944737e-07,-0.84,,,4.8215440988947395e-06
RQ1_INTERACTION,CF_FIT_minus_S3__high_minus_low,R1,difference-in-differences,cost_per_verified_task,context-dependent,50,600,,,-0.26135099411201845,-0.2781855804751694,-0.23416138874899084,0,7.790492207218426e-10,-1.0,,,3.427816571176108e-08
RQ1_INTERACTION,CF_FIT_minus_S3__high_minus_low,R1,difference-in-differences,verified_throughput,context-dependent,50,600,,,-0.015932583626161623,-0.02378294140906656,-0.009751134793680727,117.0,5.175091561704784e-07,-0.8164705882352942,,,1.1902710591921004e-05
RQ1_INTERACTION,CF_FIT_minus_S3__high_minus_low,R1,difference-in-differences,p95_terminal_flow_time,context-dependent,50,600,,,110.0,76.95000000000005,137.52499999999998,69.0,4.180257518817201e-08,0.8917647058823529,,,6.688412030107522e-07
RQ1_INTERACTION,CF_FIT_minus_S3__high_minus_low,R1,difference-in-differences,task_completion_rate,context-dependent,50,600,,,-0.0789285714285714,-0.08342857142857141,-0.07000000000000006,0,7.78697518385641e-10,-1.0,,,3.421630373597746e-08
RQ1_INTERACTION,CF_FIT_minus_S3__high_minus_low,R1,difference-in-differences,dead_letter_rate,context-dependent,50,600,,,0.3887857142857143,0.38035714285714284,0.39785714285714285,0,7.783459586416516e-10,1.0,,,3.423175982331527e-08
RQ1_INTERACTION,CF_FIT_minus_S3__high_minus_low,R1,difference-in-differences,unsettled_rate,context-dependent,50,600,,,-0.2925,-0.3005,-0.28550000000000003,0,7.760642924779247e-10,-1.0,,,3.411599183482159e-08
RQ1_INTERACTION,CF_FIT_minus_S3__high_minus_low,R1,difference-in-differences,productive_utilization,context-dependent,50,600,,,-0.03784606296003307,-0.04504734372363106,-0.030232410263075882,10.0,1.4252139507189435e-09,-0.984313725490196,,,3.705556271869253e-08
RQ1_INTERACTION,CF_FIT_minus_S3__beijing_ml_minus_adult_ml,R1,difference-in-differences,cost_per_verified_task,context-dependent,50,600,,,0.08789436170498854,0.06258250553448241,0.11628950608142419,71.0,4.6616489867078676e-08,0.8886274509803922,,,1.165412246676967e-06
RQ1_INTERACTION,CF_FIT_minus_S3__beijing_ml_minus_adult_ml,R1,difference-in-differences,verified_throughput,context-dependent,50,600,,,-0.049517414262181064,-0.05587539440531447,-0.03903820605556185,12.0,1.6064560440824635e-09,-0.9811764705882353,,,4.4980769234308974e-08
RQ1_INTERACTION,CF_FIT_minus_S3__beijing_ml_minus_adult_ml,R1,difference-in-differences,p95_terminal_flow_time,context-dependent,50,600,,,-384.5500000000004,-400.92500000000007,-327.14999999999986,0,7.790492207218426e-10,-1.0,,,3.425495571048311e-08
RQ1_INTERACTION,CF_FIT_minus_S3__beijing_ml_minus_adult_ml,R1,difference-in-differences,task_completion_rate,context-dependent,50,600,,,-0.035357142857142865,-0.043214285714285705,-0.03142857142857147,42.5,9.52327939349943e-09,-0.9333333333333333,,,1.6189574968949032e-07
RQ1_INTERACTION,CF_FIT_minus_S3__beijing_ml_minus_adult_ml,R1,difference-in-differences,dead_letter_rate,context-dependent,50,600,,,0.19107142857142856,0.1796428571428571,0.20571428571428574,0,7.78873351726538e-10,1.0,,,3.423175982331527e-08
RQ1_INTERACTION,CF_FIT_minus_S3__beijing_ml_minus_adult_ml,R1,difference-in-differences,unsettled_rate,context-dependent,50,600,,,-0.12964285714285714,-0.1414285714285714,-0.10142857142857142,0,7.790492207218426e-10,-1.0,,,3.411599183482159e-08
RQ1_INTERACTION,CF_FIT_minus_S3__beijing_ml_minus_adult_ml,R1,difference-in-differences,productive_utilization,context-dependent,50,600,,,-0.06294088620729898,-0.07106581248362798,-0.05188536800529331,0,7.790492207218426e-10,-1.0,,,3.427816571176108e-08
RQ1_INTERACTION,CF_FIT_minus_S3__bugs2fix_minus_adult_ml,R1,difference-in-differences,cost_per_verified_task,context-dependent,50,600,,,-0.010073666230375034,-0.03987059999434228,0.004450717202749754,474.0,0.11560669217617668,-0.2564705882352941,,,1.0
RQ1_INTERACTION,CF_FIT_minus_S3__bugs2fix_minus_adult_ml,R1,difference-in-differences,verified_throughput,context-dependent,50,600,,,-0.06297428586027498,-0.07695646138271847,-0.05378156459778913,15.0,1.9211253920341983e-09,-0.9764705882352941,,,5.1870385584923354e-08
RQ1_INTERACTION,CF_FIT_minus_S3__bugs2fix_minus_adult_ml,R1,difference-in-differences,p95_terminal_flow_time,context-dependent,50,600,,,-185.22500000000025,-209.04999999999995,-168.04999999999995,1.0,8.277068506175886e-10,-0.9984313725490196,,,3.425495571048311e-08
RQ1_INTERACTION,CF_FIT_minus_S3__bugs2fix_minus_adult_ml,R1,difference-in-differences,task_completion_rate,context-dependent,50,600,,,-0.0470714285714286,-0.05707142857142858,-0.03849999999999998,24.0,3.2695168251149995e-09,-0.9623529411764706,,,6.347254526774222e-08
RQ1_INTERACTION,CF_FIT_minus_S3__bugs2fix_minus_adult_ml,R1,difference-in-differences,dead_letter_rate,context-dependent,50,600,,,0.22535714285714287,0.21342857142857144,0.2385714285714285,0,7.790492207218426e-10,1.0,,,3.423175982331527e-08
RQ1_INTERACTION,CF_FIT_minus_S3__bugs2fix_minus_adult_ml,R1,difference-in-differences,unsettled_rate,context-dependent,50,600,,,-0.15814285714285714,-0.17935714285714283,-0.14064285714285713,0,7.790492207218426e-10,-1.0,,,3.411599183482159e-08
RQ1_INTERACTION,CF_FIT_minus_S3__bugs2fix_minus_adult_ml,R1,difference-in-differences,productive_utilization,context-dependent,50,600,,,-0.10413319983839603,-0.11494503187432148,-0.09330747683704788,0,7.790492207218426e-10,-1.0,,,3.427816571176108e-08
RQ1_INTERACTION,CF_FIT_minus_S3__bugs2fix_minus_beijing_ml,R1,difference-in-differences,cost_per_verified_task,context-dependent,50,600,,,-0.11098408760926337,-0.14753904652042982,-0.07402042814604015,94.0,1.5907775165333556e-07,-0.8525490196078431,,,3.817866039680054e-06
RQ1_INTERACTION,CF_FIT_minus_S3__bugs2fix_minus_beijing_ml,R1,difference-in-differences,verified_throughput,context-dependent,50,600,,,-0.002394235781911419,-0.010431728535148899,0.005444480857036776,566.0,0.4931024037429112,-0.11215686274509803,,,1.0
RQ1_INTERACTION,CF_FIT_minus_S3__bugs2fix_minus_beijing_ml,R1,difference-in-differences,p95_terminal_flow_time,context-dependent,50,600,,,198.5,159.0,216.39999999999964,0,7.78873351726538e-10,1.0,,,3.425495571048311e-08
RQ1_INTERACTION,CF_FIT_minus_S3__bugs2fix_minus_beijing_ml,R1,difference-in-differences,task_completion_rate,context-dependent,50,600,,,-0.004571428571428587,-0.013785714285714262,0.0025714285714286134,504.5,0.20087350760829506,-0.20862745098039215,,,1.0
RQ1_INTERACTION,CF_FIT_minus_S3__bugs2fix_minus_beijing_ml,R1,difference-in-differences,dead_letter_rate,context-dependent,50,600,,,0.042785714285714316,0.025714285714285745,0.05707142857142858,222.0,6.172064745878567e-05,0.6517647058823529,,,0.0008023684169642137
RQ1_INTERACTION,CF_FIT_minus_S3__bugs2fix_minus_beijing_ml,R1,difference-in-differences,unsettled_rate,context-dependent,50,600,,,-0.03057142857142857,-0.049571428571428544,-0.017785714285714294,226.0,7.26242234638466e-05,-0.6454901960784314,,,0.0008714906815661592
RQ1_INTERACTION,CF_FIT_minus_S3__bugs2fix_minus_beijing_ml,R1,difference-in-differences,productive_utilization,context-dependent,50,600,,,-0.030754053657239544,-0.04962452702559872,-0.022000934365998537,152.0,2.843111397033083e-06,-0.7615686274509804,,,4.833289374956241e-05
RQ1_INTERACTION,CF_FIT_minus_CENTRAL_FIT__R1_minus_R0,resource,difference-in-differences,cost_per_verified_task,context-dependent,50,1800,,,0.006200400166480102,-0.002696279122311185,0.016703381334246203,397.0,0.02051534398274597,0.3772549019607843,,,0.38979153567217345
RQ1_INTERACTION,CF_FIT_minus_CENTRAL_FIT__R1_minus_R0,resource,difference-in-differences,verified_throughput,context-dependent,50,1800,,,-0.0016612501112990286,-0.005805031534716204,0.0008960573476703981,408.0,0.04243302624193924,-0.33387755102040817,,,0.6364953936290886
RQ1_INTERACTION,CF_FIT_minus_CENTRAL_FIT__R1_minus_R0,resource,difference-in-differences,p95_terminal_flow_time,context-dependent,50,1800,,,0.9750000000000227,-0.9500000000000455,2.4500000000000455,448.5,0.31737552753899084,0.1702127659574468,,,0.9778609890155958
RQ1_INTERACTION,CF_FIT_minus_CENTRAL_FIT__R1_minus_R0,resource,difference-in-differences,task_completion_rate,context-dependent,50,1800,,,-0.0017857142857142794,-0.006428571428571339,0.0014285714285713902,414.0,0.04886177772182372,-0.3240816326530612,,,0.5374795549400609
RQ1_INTERACTION,CF_FIT_minus_CENTRAL_FIT__R1_minus_R0,resource,difference-in-differences,dead_letter_rate,context-dependent,50,1800,,,0.0,-0.0030000000000000027,0.0040000000000000036,538.0,0.787264933697416,0.04609929078014184,,,1.0
RQ1_INTERACTION,CF_FIT_minus_CENTRAL_FIT__R1_minus_R0,resource,difference-in-differences,unsettled_rate,context-dependent,50,1800,,,0.0,0.0,0.0,0.0,1.0,0.0,,,1.0
RQ1_INTERACTION,CF_FIT_minus_CENTRAL_FIT__R1_minus_R0,resource,difference-in-differences,productive_utilization,context-dependent,50,1800,,,-0.0003964910309703362,-0.0019379844961239234,0.0013977635782748132,612.0,1.0,0.0008163265306122449,,,1.0
RQ1_INTERACTION,CF_FIT_minus_CENTRAL_FIT__medium_minus_low,R0,difference-in-differences,cost_per_verified_task,context-dependent,50,600,,,-0.008916199800092006,-0.015304364371235946,0.0030089596347361858,413.0,0.03059240822750094,-0.35215686274509805,,,0.5506633480950169
RQ1_INTERACTION,CF_FIT_minus_CENTRAL_FIT__medium_minus_low,R0,difference-in-differences,verified_throughput,context-dependent,50,600,,,0.0022566685789338348,-0.0006120947535094845,0.005033610821813417,449.0,0.06955213065466107,0.29568627450980395,,,0.973729829165255
RQ1_INTERACTION,CF_FIT_minus_CENTRAL_FIT__medium_minus_low,R0,difference-in-differences,p95_terminal_flow_time,context-dependent,50,600,,,1.4750000000000227,-3.099999999999909,5.099999999999909,520.0,0.4886869546907709,0.11564625850340136,,,0.9778609890155958
RQ1_INTERACTION,CF_FIT_minus_CENTRAL_FIT__medium_minus_low,R0,difference-in-differences,task_completion_rate,context-dependent,50,600,,,0.0057142857142856995,0.002142857142857113,0.010714285714285787,295.5,0.0009779106328796608,0.5364705882352941,,,0.01173492759455593
RQ1_INTERACTION,CF_FIT_minus_CENTRAL_FIT__medium_minus_low,R0,difference-in-differences,dead_letter_rate,context-dependent,50,600,,,-0.007500000000000062,-0.013571428571428512,-0.004285714285714254,204.0,2.915201313040274e-05,-0.68,,,0.0004081281838256383
RQ1_INTERACTION,CF_FIT_minus_CENTRAL_FIT__medium_minus_low,R0,difference-in-differences,unsettled_rate,context-dependent,50,600,,,0.0,0.0,0.0,0.0,1.0,0.0,,,1.0
RQ1_INTERACTION,CF_FIT_minus_CENTRAL_FIT__medium_minus_low,R0,difference-in-differences,productive_utilization,context-dependent,50,600,,,-0.001092080448609145,-0.002361232996928586,0.0058059030620005725,540.0,0.34908373173011176,0.15294117647058825,,,1.0
RQ1_INTERACTION,CF_FIT_minus_CENTRAL_FIT__high_minus_low,R0,difference-in-differences,cost_per_verified_task,context-dependent,50,600,,,0.0012747705266255571,-0.013951370281826359,0.00557118534590173,503.0,0.19582458618177764,-0.21098039215686273,,,1.0
RQ1_INTERACTION,CF_FIT_minus_CENTRAL_FIT__high_minus_low,R0,difference-in-differences,verified_throughput,context-dependent,50,600,,,0.0004916283268541211,-0.003291121525795415,0.005641267283424595,568.0,0.5053623778895395,0.10901960784313726,,,1.0
RQ1_INTERACTION,CF_FIT_minus_CENTRAL_FIT__high_minus_low,R0,difference-in-differences,p95_terminal_flow_time,context-dependent,50,600,,,1.6499999999998636,-3.4750000000000227,7.0,495.0,0.24446524725389895,0.19183673469387755,,,0.9778609890155958
RQ1_INTERACTION,CF_FIT_minus_CENTRAL_FIT__high_minus_low,R0,difference-in-differences,task_completion_rate,context-dependent,50,600,,,0.006785714285714312,0.002857142857142808,0.01085714285714287,257.0,0.00024407745979426168,0.5968627450980392,,,0.003173006977325402
RQ1_INTERACTION,CF_FIT_minus_CENTRAL_FIT__high_minus_low,R0,difference-in-differences,dead_letter_rate,context-dependent,50,600,,,-0.009642857142857175,-0.012214285714285733,-0.0029999999999998916,251.5,0.00019808420760131245,-0.6054901960784314,,,0.002178926283614437
RQ1_INTERACTION,CF_FIT_minus_CENTRAL_FIT__high_minus_low,R0,difference-in-differences,unsettled_rate,context-dependent,50,600,,,0.0,0.0,0.0,1.5,0.5862136810731401,0.5,,,1.0
RQ1_INTERACTION,CF_FIT_minus_CENTRAL_FIT__high_minus_low,R0,difference-in-differences,productive_utilization,context-dependent,50,600,,,-0.002741632144641515,-0.005554002765600696,0.002255482260093311,585.0,0.6156882784636442,-0.08235294117647059,,,1.0
RQ1_INTERACTION,CF_FIT_minus_CENTRAL_FIT__beijing_ml_minus_adult_ml,R0,difference-in-differences,cost_per_verified_task,context-dependent,50,600,,,0.0003674840420519465,-0.008305057772832858,0.007836723691005798,611.0,0.8018255165128876,-0.04156862745098039,,,1.0
RQ1_INTERACTION,CF_FIT_minus_CENTRAL_FIT__beijing_ml_minus_adult_ml,R0,difference-in-differences,verified_throughput,context-dependent,50,600,,,0.0012512208539589564,-0.0021957874588146575,0.00443881631564913,563.0,0.4750153427207917,0.11686274509803922,,,1.0
RQ1_INTERACTION,CF_FIT_minus_CENTRAL_FIT__beijing_ml_minus_adult_ml,R0,difference-in-differences,p95_terminal_flow_time,context-dependent,50,600,,,-3.5249999999999773,-6.149999999999864,-0.900000000000091,393.5,0.0187348598087347,-0.3827450980392157,,,0.187348598087347
RQ1_INTERACTION,CF_FIT_minus_CENTRAL_FIT__beijing_ml_minus_adult_ml,R0,difference-in-differences,task_completion_rate,context-dependent,50,600,,,0.0007142857142856673,-0.0032142857142856973,0.004642857142857143,595.5,0.6886772863930772,0.06588235294117648,,,1.0
RQ1_INTERACTION,CF_FIT_minus_CENTRAL_FIT__beijing_ml_minus_adult_ml,R0,difference-in-differences,dead_letter_rate,context-dependent,50,600,,,0.0010714285714285565,-0.004999999999999921,0.0071428571428571175,553.5,0.4202066089420296,0.13176470588235295,,,1.0
RQ1_INTERACTION,CF_FIT_minus_CENTRAL_FIT__beijing_ml_minus_adult_ml,R0,difference-in-differences,unsettled_rate,context-dependent,50,600,,,0.0,-0.0010714285714285635,0.0,160.5,0.2218034796448839,-0.2620689655172414,,,1.0
RQ1_INTERACTION,CF_FIT_minus_CENTRAL_FIT__beijing_ml_minus_adult_ml,R0,difference-in-differences,productive_utilization,context-dependent,50,600,,,0.0005947513857348929,-0.0019177646414534344,0.004099840626197726,582.0,0.5954670611307022,0.08705882352941176,,,1.0
RQ1_INTERACTION,CF_FIT_minus_CENTRAL_FIT__bugs2fix_minus_adult_ml,R0,difference-in-differences,cost_per_verified_task,context-dependent,50,600,,,-0.002893632293933135,-0.013837889770030531,0.004158567495922971,526.0,0.28393840935197456,-0.17490196078431372,,,1.0
RQ1_INTERACTION,CF_FIT_minus_CENTRAL_FIT__bugs2fix_minus_adult_ml,R0,difference-in-differences,verified_throughput,context-dependent,50,600,,,0.0036143717990249624,-0.002887359409098511,0.006970827050605977,544.0,0.3693162246476484,0.14666666666666667,,,1.0
RQ1_INTERACTION,CF_FIT_minus_CENTRAL_FIT__bugs2fix_minus_adult_ml,R0,difference-in-differences,p95_terminal_flow_time,context-dependent,50,600,,,-3.0,-7.850000000000136,-0.049999999999954525,337.5,0.01033977571068723,-0.4260204081632653,,,0.11373753281755954
RQ1_INTERACTION,CF_FIT_minus_CENTRAL_FIT__bugs2fix_minus_adult_ml,R0,difference-in-differences,task_completion_rate,context-dependent,50,600,,,0.004357142857142837,-0.0027857142857142247,0.00814285714285709,564.0,0.48098059112169406,0.11529411764705882,,,1.0
RQ1_INTERACTION,CF_FIT_minus_CENTRAL_FIT__bugs2fix_minus_adult_ml,R0,difference-in-differences,dead_letter_rate,context-dependent,50,600,,,0.001642857142857168,-0.007571428571428562,0.007071428571428562,559.5,0.45437966477704,0.1223529411764706,,,1.0
RQ1_INTERACTION,CF_FIT_minus_CENTRAL_FIT__bugs2fix_minus_adult_ml,R0,difference-in-differences,unsettled_rate,context-dependent,50,600,,,0.0,-0.000714285714285709,0.0,160.5,0.2218034796448839,-0.2620689655172414,,,1.0
RQ1_INTERACTION,CF_FIT_minus_CENTRAL_FIT__bugs2fix_minus_adult_ml,R0,difference-in-differences,productive_utilization,context-dependent,50,600,,,-0.0020926221191830963,-0.007435246992734623,0.006537598204264916,550.0,0.4010007691816693,-0.13725490196078433,,,1.0
RQ1_INTERACTION,CF_FIT_minus_CENTRAL_FIT__bugs2fix_minus_beijing_ml,R0,difference-in-differences,cost_per_verified_task,context-dependent,50,600,,,-0.01132038205851138,-0.02136694017870211,0.003874854593125976,446.0,0.06521575868854103,-0.3003921568627451,,,1.0
RQ1_INTERACTION,CF_FIT_minus_CENTRAL_FIT__bugs2fix_minus_beijing_ml,R0,difference-in-differences,verified_throughput,context-dependent,50,600,,,0.004352729219488233,4.5084222521890593e-05,0.009065254613482121,503.0,0.19582458618177764,0.21098039215686273,,,1.0
RQ1_INTERACTION,CF_FIT_minus_CENTRAL_FIT__bugs2fix_minus_beijing_ml,R0,difference-in-differences,p95_terminal_flow_time,context-dependent,50,600,,,-0.9750000000000227,-4.4500000000000455,1.9500000000000455,491.0,0.15866499788754115,-0.22980392156862745,,,0.7933249894377058
RQ1_INTERACTION,CF_FIT_minus_CENTRAL_FIT__bugs2fix_minus_beijing_ml,R0,difference-in-differences,task_completion_rate,context-dependent,50,600,,,0.004142857142857115,-7.142857142855563e-05,0.008857142857142786,532.5,0.313077637670884,0.16470588235294117,,,1.0
RQ1_INTERACTION,CF_FIT_minus_CENTRAL_FIT__bugs2fix_minus_beijing_ml,R0,difference-in-differences,dead_letter_rate,context-dependent,50,600,,,-0.004142857142857115,-0.00899999999999998,-0.0002142857142857224,534.0,0.3200771835243508,-0.1623529411764706,,,1.0
RQ1_INTERACTION,CF_FIT_minus_CENTRAL_FIT__bugs2fix_minus_beijing_ml,R0,difference-in-differences,unsettled_rate,context-dependent,50,600,,,0.0,0.0,0.0,0.0,1.0,0.0,,,1.0
RQ1_INTERACTION,CF_FIT_minus_CENTRAL_FIT__bugs2fix_minus_beijing_ml,R0,difference-in-differences,productive_utilization,context-dependent,50,600,,,-0.0025428816997911663,-0.008149948707796395,0.00392806446545324,592.0,0.6639997835716571,-0.07137254901960784,,,1.0
RQ1_INTERACTION,CF_FIT_minus_CENTRAL_FIT__medium_minus_low,R1,difference-in-differences,cost_per_verified_task,context-dependent,50,600,,,0.014411574805176963,-0.0031216861791528716,0.019686286440176337,485.0,0.14229491006591793,0.23921568627450981,,,1.0
RQ1_INTERACTION,CF_FIT_minus_CENTRAL_FIT__medium_minus_low,R1,difference-in-differences,verified_throughput,context-dependent,50,600,,,0.00039437525844782106,-0.00203758073987087,0.002646340881001963,604.0,0.7500615576122862,0.05254901960784314,,,1.0
RQ1_INTERACTION,CF_FIT_minus_CENTRAL_FIT__medium_minus_low,R1,difference-in-differences,p95_terminal_flow_time,context-dependent,50,600,,,2.0,0.0,4.5,425.0,0.04067723024973911,0.3333333333333333,,,0.3254178419979129
RQ1_INTERACTION,CF_FIT_minus_CENTRAL_FIT__medium_minus_low,R1,difference-in-differences,task_completion_rate,context-dependent,50,600,,,0.004499999999999976,-0.002071428571428613,0.009000000000000008,483.0,0.13710774817408874,0.24235294117647058,,,1.0
RQ1_INTERACTION,CF_FIT_minus_CENTRAL_FIT__medium_minus_low,R1,difference-in-differences,dead_letter_rate,context-dependent,50,600,,,-0.008000000000000007,-0.011785714285714316,0.000714285714285709,365.5,0.008769123786289634,-0.4266666666666667,,,0.08769123786289634
RQ1_INTERACTION,CF_FIT_minus_CENTRAL_FIT__medium_minus_low,R1,difference-in-differences,unsettled_rate,context-dependent,50,600,,,0.0,0.0,0.0,0,1.0,-1.0,,,1.0
RQ1_INTERACTION,CF_FIT_minus_CENTRAL_FIT__medium_minus_low,R1,difference-in-differences,productive_utilization,context-dependent,50,600,,,-0.004178846236845113,-0.009731229693682786,-0.0015255012317374472,396.0,0.019995081261727273,-0.3788235294117647,,,0.25993605640245454
RQ1_INTERACTION,CF_FIT_minus_CENTRAL_FIT__high_minus_low,R1,difference-in-differences,cost_per_verified_task,context-dependent,50,600,,,0.01191767557228196,-0.0056541699213950025,0.02344480555778894,534.0,0.32008282046432723,0.1623529411764706,,,1.0
RQ1_INTERACTION,CF_FIT_minus_CENTRAL_FIT__high_minus_low,R1,difference-in-differences,verified_throughput,context-dependent,50,600,,,-0.0016151106502752255,-0.008528796823783602,0.002460787131554981,546.0,0.37970045043418704,-0.14352941176470588,,,1.0
RQ1_INTERACTION,CF_FIT_minus_CENTRAL_FIT__high_minus_low,R1,difference-in-differences,p95_terminal_flow_time,context-dependent,50,600,,,-2.5499999999999545,-4.975000000000023,1.6749999999998408,555.0,0.42856639608729424,-0.12941176470588237,,,0.9778609890155958
RQ1_INTERACTION,CF_FIT_minus_CENTRAL_FIT__high_minus_low,R1,difference-in-differences,task_completion_rate,context-dependent,50,600,,,0.002999999999999975,-0.002142857142857113,0.007857142857142924,489.5,0.1544778027022598,0.23215686274509803,,,1.0
RQ1_INTERACTION,CF_FIT_minus_CENTRAL_FIT__high_minus_low,R1,difference-in-differences,dead_letter_rate,context-dependent,50,600,,,-0.007500000000000062,-0.012928571428571414,-0.0015714285714286125,350.0,0.009152087572819352,-0.42857142857142855,,,0.08769123786289634
RQ1_INTERACTION,CF_FIT_minus_CENTRAL_FIT__high_minus_low,R1,difference-in-differences,unsettled_rate,context-dependent,50,600,,,0.0,0.0,0.0,0,1.0,1.0,,,1.0
RQ1_INTERACTION,CF_FIT_minus_CENTRAL_FIT__high_minus_low,R1,difference-in-differences,productive_utilization,context-dependent,50,600,,,-0.00855343926924923,-0.01337524360363418,-0.0024626081126115085,275.0,0.0004749739537977563,-0.5686274509803921,,,0.007124609306966344
RQ1_INTERACTION,CF_FIT_minus_CENTRAL_FIT__beijing_ml_minus_adult_ml,R1,difference-in-differences,cost_per_verified_task,context-dependent,50,600,,,0.0021317029340141014,-0.003408188788795452,0.012866170648281217,561.0,0.46316257951376605,0.12,,,1.0
RQ1_INTERACTION,CF_FIT_minus_CENTRAL_FIT__beijing_ml_minus_adult_ml,R1,difference-in-differences,verified_throughput,context-dependent,50,600,,,0.0026423995642297637,-0.0020813409904028024,0.006092652875650917,495.0,0.170448046529308,0.2235294117647059,,,1.0
RQ1_INTERACTION,CF_FIT_minus_CENTRAL_FIT__beijing_ml_minus_adult_ml,R1,difference-in-differences,p95_terminal_flow_time,context-dependent,50,600,,,-10.074999999999932,-17.475000000000023,-6.0499999999999545,143.5,5.2576450344870625e-06,-0.7559523809523809,,,6.834938544833181e-05
RQ1_INTERACTION,CF_FIT_minus_CENTRAL_FIT__beijing_ml_minus_adult_ml,R1,difference-in-differences,task_completion_rate,context-dependent,50,600,,,0.0014285714285713624,-0.002857142857142836,0.0071428571428571175,530.5,0.41750946099134656,0.13387755102040816,,,1.0
RQ1_INTERACTION,CF_FIT_minus_CENTRAL_FIT__beijing_ml_minus_adult_ml,R1,difference-in-differences,dead_letter_rate,context-dependent,50,600,,,0.007142857142857145,0.0007142857142857784,0.014642857142857124,388.0,0.016229713927619054,0.39137254901960783,,,0.11360799749333338
RQ1_INTERACTION,CF_FIT_minus_CENTRAL_FIT__beijing_ml_minus_adult_ml,R1,difference-in-differences,unsettled_rate,context-dependent,50,600,,,-0.0007142857142857159,-0.007142857142857145,0.0,107.0,0.001992276927961834,-0.6185383244206774,,,0.021915046207580172
RQ1_INTERACTION,CF_FIT_minus_CENTRAL_FIT__beijing_ml_minus_adult_ml,R1,difference-in-differences,productive_utilization,context-dependent,50,600,,,-0.0012211731557995043,-0.004422580679050492,0.001618922641649867,572.0,0.5303557077753189,-0.1027450980392157,,,1.0
RQ1_INTERACTION,CF_FIT_minus_CENTRAL_FIT__bugs2fix_minus_adult_ml,R1,difference-in-differences,cost_per_verified_task,context-dependent,50,600,,,0.005681770135737008,-0.021000102398876508,0.024263755796502195,561.0,0.46316257951376605,0.12,,,1.0
RQ1_INTERACTION,CF_FIT_minus_CENTRAL_FIT__bugs2fix_minus_adult_ml,R1,difference-in-differences,verified_throughput,context-dependent,50,600,,,0.0020426061615716473,-0.001511029892811433,0.006727275138590505,544.0,0.3693162246476484,0.14666666666666667,,,1.0
RQ1_INTERACTION,CF_FIT_minus_CENTRAL_FIT__bugs2fix_minus_adult_ml,R1,difference-in-differences,p95_terminal_flow_time,context-dependent,50,600,,,-8.425000000000068,-15.099999999999909,-4.325000000000159,265.0,0.000556735133785644,-0.5673469387755102,,,0.006680821605427727
RQ1_INTERACTION,CF_FIT_minus_CENTRAL_FIT__bugs2fix_minus_adult_ml,R1,difference-in-differences,task_completion_rate,context-dependent,50,600,,,0.0012142857142857233,-0.0032857142857141974,0.008000000000000118,586.0,0.6224930873323992,0.08078431372549019,,,1.0
RQ1_INTERACTION,CF_FIT_minus_CENTRAL_FIT__bugs2fix_minus_adult_ml,R1,difference-in-differences,dead_letter_rate,context-dependent,50,600,,,0.006357142857142881,0.0017142857142857237,0.01514285714285718,376.5,0.011913087589251255,0.40941176470588236,,,0.09530470071401004
RQ1_INTERACTION,CF_FIT_minus_CENTRAL_FIT__bugs2fix_minus_adult_ml,R1,difference-in-differences,unsettled_rate,context-dependent,50,600,,,-0.0007142857142857159,-0.007142857142857145,0.0,107.0,0.001992276927961834,-0.6185383244206774,,,0.021915046207580172
RQ1_INTERACTION,CF_FIT_minus_CENTRAL_FIT__bugs2fix_minus_adult_ml,R1,difference-in-differences,productive_utilization,context-dependent,50,600,,,-0.005334371275361349,-0.010533832544098676,0.003358738316506127,495.0,0.170448046529308,-0.2235294117647059,,,1.0
RQ1_INTERACTION,CF_FIT_minus_CENTRAL_FIT__bugs2fix_minus_beijing_ml,R1,difference-in-differences,cost_per_verified_task,context-dependent,50,600,,,0.009173329772560579,-0.016008328685801043,0.027589507202177344,578.0,0.5689873983539737,0.09333333333333334,,,1.0
RQ1_INTERACTION,CF_FIT_minus_CENTRAL_FIT__bugs2fix_minus_beijing_ml,R1,difference-in-differences,verified_throughput,context-dependent,50,600,,,-0.002287542668278436,-0.006564654024596384,0.0049119598681457155,628.0,0.9307672881116184,-0.014901960784313726,,,1.0
RQ1_INTERACTION,CF_FIT_minus_CENTRAL_FIT__bugs2fix_minus_beijing_ml,R1,difference-in-differences,p95_terminal_flow_time,context-dependent,50,600,,,2.0249999999999773,0.09999999999990905,5.5,379.0,0.03245080691376437,0.3554421768707483,,,0.2920572622238793
RQ1_INTERACTION,CF_FIT_minus_CENTRAL_FIT__bugs2fix_minus_beijing_ml,R1,difference-in-differences,task_completion_rate,context-dependent,50,600,,,-0.002428571428571391,-0.009857142857142898,0.006142857142857117,616.0,0.8393520185361747,-0.03372549019607843,,,1.0
RQ1_INTERACTION,CF_FIT_minus_CENTRAL_FIT__bugs2fix_minus_beijing_ml,R1,difference-in-differences,dead_letter_rate,context-dependent,50,600,,,0.0024285714285714466,-0.006142857142857172,0.009857142857142898,620.0,0.8696448955221573,0.027450980392156862,,,1.0
RQ1_INTERACTION,CF_FIT_minus_CENTRAL_FIT__bugs2fix_minus_beijing_ml,R1,difference-in-differences,unsettled_rate,context-dependent,50,600,,,0.0,0.0,0.0,0.0,1.0,0.0,,,1.0
RQ1_INTERACTION,CF_FIT_minus_CENTRAL_FIT__bugs2fix_minus_beijing_ml,R1,difference-in-differences,productive_utilization,context-dependent,50,600,,,-0.00046865067760060164,-0.008576262714584448,0.006214585784730997,595.0,0.6851558007537826,-0.06666666666666667,,,1.0
