"item_id","workload","variant","stage","skill","dependency_count","base_effort_reference","corpus_context","variant_context","task_description","ambiguity_score","scope_score","dependency_score","reasoning_score","verification_score","difficulty","failure_impact","confidence","reason"
"bugs2fix:V09:localise","bugs2fix","9","localise","analysis","1","2.8","{""absolute_length_delta"": {""p25"": 6.0, ""p50"": 16.0, ""p75"": 36.0, ""p95"": 80.0}, ""execution_note"": ""Normalized function pairs; not executable repository tests."", ""mean_source_length"": 138.4590616966581, ""records"": 46680, ""source_length"": {""p25"": 103.0, ""p50"": 137.0, ""p75"": 173.0, ""p95"": 215.0}, ""unequal_fraction"": 1.0}","{""description"": ""Normalized Java before/after function-pair stratum; no executable repository tests are available."", ""median_absolute_length_delta"": 10, ""median_source_characters"": 155, ""patch_delta_band"": 2, ""records"": 2549, ""source_length_band"": 3, ""stratum"": ""source_length_q3_patch_delta_q2"", ""variant"": 9}","Perform stage 'localise' requiring skill 'analysis' for the bugs2fix variant described in variant_context. Respect 1 upstream dependencies and produce a verifiable stage output.","2","1","1","1","2","3","3","3","Localising the defect across broader source or patch context without executable tests requires substantial inference."
"beijing_ml:V13:clean_feature","beijing_ml","13","clean_feature","data","1","3.0","{""missing_fraction"": 0.009774058652538005, ""records"": 420768, ""stations"": 12}","{""description"": ""Beijing air-quality regression/time-series stratum with chronological validation required."", ""missing_pollutant_fraction"": 0.030124, ""pm25_median"": 54.0, ""records"": 104832, ""scope"": ""multi_station_season"", ""stations"": 12, ""stratum"": ""all_stations_months_04_06"", ""variant"": 13}","Perform stage 'clean_feature' requiring skill 'data' for the beijing_ml variant described in variant_context. Respect 1 upstream dependencies and produce a verifiable stage output.","1","2","1","2","2","3","3","4","Cross-station cleaning and feature alignment with chronological constraints impose high execution and verification burden."
"adult_ml:V01:clean_feature","adult_ml","1","clean_feature","data","1","2.5","{""missing_fraction"": 0.008824372466319971, ""positive_fraction"": 0.23928176569346055, ""records"": 48842}","{""age_band"": 1, ""description"": ""Adult classification subgroup defined by empirical age and weekly-hours quartiles."", ""hours_per_week_band"": 2, ""missing_fraction"": 0.0, ""positive_fraction"": 0.0, ""records"": 0, ""stratum"": ""age_q1_hours_q2"", ""variant"": 1}","Perform stage 'clean_feature' requiring skill 'data' for the adult_ml variant described in variant_context. Respect 1 upstream dependencies and produce a verifiable stage output.","2","0","1","1","1","2","2","4","The stratum has zero records, so skip/fail behavior is underspecified even though operational scope is small."
"adult_ml:V14:validate_load","adult_ml","14","validate_load","data","0","1.5","{""missing_fraction"": 0.008824372466319971, ""positive_fraction"": 0.23928176569346055, ""records"": 48842}","{""age_band"": 4, ""description"": ""Adult classification subgroup defined by empirical age and weekly-hours quartiles."", ""hours_per_week_band"": 3, ""missing_fraction"": 0.005839, ""positive_fraction"": 0.470588, ""records"": 765, ""stratum"": ""age_q4_hours_q3"", ""variant"": 14}","Perform stage 'validate_load' requiring skill 'data' for the adult_ml variant described in variant_context. Respect 0 upstream dependencies and produce a verifiable stage output.","0","0","0","0","1","1","3","5","Bounded subgroup load checks have no upstream dependency and objective schema and count validation."
"beijing_ml:V11:eda","beijing_ml","11","eda","analysis","1","2.3","{""missing_fraction"": 0.009774058652538005, ""records"": 420768, ""stations"": 12}","{""description"": ""Beijing air-quality regression/time-series stratum with chronological validation required."", ""missing_pollutant_fraction"": 0.023661, ""pm25_median"": 60.0, ""records"": 35064, ""scope"": ""single_station"", ""stations"": 1, ""stratum"": ""station_Wanshouxigong"", ""variant"": 11}","Perform stage 'eda' requiring skill 'analysis' for the beijing_ml variant described in variant_context. Respect 1 upstream dependencies and produce a verifiable stage output.","1","1","1","1","1","2","2","4","Single-station temporal EDA is bounded, with conventional summaries and one dependency."
"adult_ml:V09:clean_feature","adult_ml","9","clean_feature","data","1","2.5","{""missing_fraction"": 0.008824372466319971, ""positive_fraction"": 0.23928176569346055, ""records"": 48842}","{""age_band"": 3, ""description"": ""Adult classification subgroup defined by empirical age and weekly-hours quartiles."", ""hours_per_week_band"": 2, ""missing_fraction"": 0.0, ""positive_fraction"": 0.0, ""records"": 0, ""stratum"": ""age_q3_hours_q2"", ""variant"": 9}","Perform stage 'clean_feature' requiring skill 'data' for the adult_ml variant described in variant_context. Respect 1 upstream dependencies and produce a verifiable stage output.","2","0","1","1","1","2","2","4","The stratum has zero records, so skip/fail behavior is underspecified even though operational scope is small."
"bugs2fix:V07:report","bugs2fix","7","report","report","1","1.2","{""absolute_length_delta"": {""p25"": 6.0, ""p50"": 16.0, ""p75"": 36.0, ""p95"": 80.0}, ""execution_note"": ""Normalized function pairs; not executable repository tests."", ""mean_source_length"": 138.4590616966581, ""records"": 46680, ""source_length"": {""p25"": 103.0, ""p50"": 137.0, ""p75"": 173.0, ""p95"": 215.0}, ""unequal_fraction"": 1.0}","{""description"": ""Normalized Java before/after function-pair stratum; no executable repository tests are available."", ""median_absolute_length_delta"": 50, ""median_source_characters"": 122, ""patch_delta_band"": 4, ""records"": 2793, ""source_length_band"": 2, ""stratum"": ""source_length_q2_patch_delta_q4"", ""variant"": 7}","Perform stage 'report' requiring skill 'report' for the bugs2fix variant described in variant_context. Respect 1 upstream dependencies and produce a verifiable stage output.","1","0","1","0","1","1","1","3","Reporting one compact function-pair result is narrow and straightforward to check for completeness."
"beijing_ml:V12:report","beijing_ml","12","report","report","1","1.6","{""missing_fraction"": 0.009774058652538005, ""records"": 420768, ""stations"": 12}","{""description"": ""Beijing air-quality regression/time-series stratum with chronological validation required."", ""missing_pollutant_fraction"": 0.021274, ""pm25_median"": 61.0, ""records"": 103968, ""scope"": ""multi_station_season"", ""stations"": 12, ""stratum"": ""all_stations_months_01_03"", ""variant"": 12}","Perform stage 'report' requiring skill 'report' for the beijing_ml variant described in variant_context. Respect 1 upstream dependencies and produce a verifiable stage output.","0","1","1","1","1","2","1","4","Synthesizing twelve stations is broader than a routine report but still follows one upstream artifact."
"adult_ml:V09:validate_load","adult_ml","9","validate_load","data","0","1.5","{""missing_fraction"": 0.008824372466319971, ""positive_fraction"": 0.23928176569346055, ""records"": 48842}","{""age_band"": 3, ""description"": ""Adult classification subgroup defined by empirical age and weekly-hours quartiles."", ""hours_per_week_band"": 2, ""missing_fraction"": 0.0, ""positive_fraction"": 0.0, ""records"": 0, ""stratum"": ""age_q3_hours_q2"", ""variant"": 9}","Perform stage 'validate_load' requiring skill 'data' for the adult_ml variant described in variant_context. Respect 0 upstream dependencies and produce a verifiable stage output.","1","0","0","0","1","1","2","4","The zero-record stratum makes the load decision unusual, but detecting and documenting emptiness is bounded."
"beijing_ml:V13:report","beijing_ml","13","report","report","1","1.6","{""missing_fraction"": 0.009774058652538005, ""records"": 420768, ""stations"": 12}","{""description"": ""Beijing air-quality regression/time-series stratum with chronological validation required."", ""missing_pollutant_fraction"": 0.030124, ""pm25_median"": 54.0, ""records"": 104832, ""scope"": ""multi_station_season"", ""stations"": 12, ""stratum"": ""all_stations_months_04_06"", ""variant"": 13}","Perform stage 'report' requiring skill 'report' for the beijing_ml variant described in variant_context. Respect 1 upstream dependencies and produce a verifiable stage output.","0","1","1","1","1","2","1","4","Synthesizing twelve stations is broader than a routine report but still follows one upstream artifact."
"beijing_ml:V06:eda","beijing_ml","6","eda","analysis","1","2.3","{""missing_fraction"": 0.009774058652538005, ""records"": 420768, ""stations"": 12}","{""description"": ""Beijing air-quality regression/time-series stratum with chronological validation required."", ""missing_pollutant_fraction"": 0.032902, ""pm25_median"": 47.0, ""records"": 35064, ""scope"": ""single_station"", ""stations"": 1, ""stratum"": ""station_Huairou"", ""variant"": 6}","Perform stage 'eda' requiring skill 'analysis' for the beijing_ml variant described in variant_context. Respect 1 upstream dependencies and produce a verifiable stage output.","1","1","1","1","1","2","2","4","Single-station temporal EDA is bounded, with conventional summaries and one dependency."
"adult_ml:V03:baseline_model","adult_ml","3","baseline_model","ml","1","2.5","{""missing_fraction"": 0.008824372466319971, ""positive_fraction"": 0.23928176569346055, ""records"": 48842}","{""age_band"": 1, ""description"": ""Adult classification subgroup defined by empirical age and weekly-hours quartiles."", ""hours_per_week_band"": 4, ""missing_fraction"": 0.006445, ""positive_fraction"": 0.116012, ""records"": 1655, ""stratum"": ""age_q1_hours_q4"", ""variant"": 3}","Perform stage 'baseline_model' requiring skill 'ml' for the adult_ml variant described in variant_context. Respect 1 upstream dependencies and produce a verifiable stage output.","1","1","1","1","1","2","2","4","Baseline fitting on a single subgroup requires a standard model choice and routine metric checks."
"beijing_ml:V10:validate_load","beijing_ml","10","validate_load","data","0","1.8","{""missing_fraction"": 0.009774058652538005, ""records"": 420768, ""stations"": 12}","{""description"": ""Beijing air-quality regression/time-series stratum with chronological validation required."", ""missing_pollutant_fraction"": 0.029613, ""pm25_median"": 59.0, ""records"": 35064, ""scope"": ""single_station"", ""stations"": 1, ""stratum"": ""station_Wanliu"", ""variant"": 10}","Perform stage 'validate_load' requiring skill 'data' for the beijing_ml variant described in variant_context. Respect 0 upstream dependencies and produce a verifiable stage output.","0","1","0","1","1","1","3","5","Single-station load validation is bounded, dependency-free, and objectively checkable."
"beijing_ml:V08:report","beijing_ml","8","report","report","1","1.6","{""missing_fraction"": 0.009774058652538005, ""records"": 420768, ""stations"": 12}","{""description"": ""Beijing air-quality regression/time-series stratum with chronological validation required."", ""missing_pollutant_fraction"": 0.037023, ""pm25_median"": 55.0, ""records"": 35064, ""scope"": ""single_station"", ""stations"": 1, ""stratum"": ""station_Shunyi"", ""variant"": 8}","Perform stage 'report' requiring skill 'report' for the beijing_ml variant described in variant_context. Respect 1 upstream dependencies and produce a verifiable stage output.","0","0","1","1","1","1","1","5","A single-station report is narrow, uses one artifact, and has straightforward completeness checks."
"adult_ml:V12:report","adult_ml","12","report","report","1","1.5","{""missing_fraction"": 0.008824372466319971, ""positive_fraction"": 0.23928176569346055, ""records"": 48842}","{""age_band"": 4, ""description"": ""Adult classification subgroup defined by empirical age and weekly-hours quartiles."", ""hours_per_week_band"": 1, ""missing_fraction"": 0.015525, ""positive_fraction"": 0.260737, ""records"": 8219, ""stratum"": ""age_q4_hours_q1"", ""variant"": 12}","Perform stage 'report' requiring skill 'report' for the adult_ml variant described in variant_context. Respect 1 upstream dependencies and produce a verifiable stage output.","0","0","1","1","0","1","1","5","A single-stratum report has narrow scope, one upstream artifact, and straightforward completeness checks."
"beijing_ml:V13:evaluate","beijing_ml","13","evaluate","test","2","2.4","{""missing_fraction"": 0.009774058652538005, ""records"": 420768, ""stations"": 12}","{""description"": ""Beijing air-quality regression/time-series stratum with chronological validation required."", ""missing_pollutant_fraction"": 0.030124, ""pm25_median"": 54.0, ""records"": 104832, ""scope"": ""multi_station_season"", ""stations"": 12, ""stratum"": ""all_stations_months_04_06"", ""variant"": 13}","Perform stage 'evaluate' requiring skill 'test' for the beijing_ml variant described in variant_context. Respect 2 upstream dependencies and produce a verifiable stage output.","1","2","2","2","2","3","3","4","Evaluation coordinates two model artifacts and verifies chronological metrics across twelve-station seasonal data."
"bugs2fix:V04:fix","bugs2fix","4","fix","code","1","3.5","{""absolute_length_delta"": {""p25"": 6.0, ""p50"": 16.0, ""p75"": 36.0, ""p95"": 80.0}, ""execution_note"": ""Normalized function pairs; not executable repository tests."", ""mean_source_length"": 138.4590616966581, ""records"": 46680, ""source_length"": {""p25"": 103.0, ""p50"": 137.0, ""p75"": 173.0, ""p95"": 215.0}, ""unequal_fraction"": 1.0}","{""description"": ""Normalized Java before/after function-pair stratum; no executable repository tests are available."", ""median_absolute_length_delta"": 1.0, ""median_source_characters"": 120.0, ""patch_delta_band"": 1, ""records"": 2736, ""source_length_band"": 2, ""stratum"": ""source_length_q2_patch_delta_q1"", ""variant"": 4}","Perform stage 'fix' requiring skill 'code' for the bugs2fix variant described in variant_context. Respect 1 upstream dependencies and produce a verifiable stage output.","2","1","1","1","2","3","3","3","Implementing a broader inferred patch without repository tests creates high reasoning and verification burden."
"adult_ml:V11:validate_load","adult_ml","11","validate_load","data","0","1.5","{""missing_fraction"": 0.008824372466319971, ""positive_fraction"": 0.23928176569346055, ""records"": 48842}","{""age_band"": 3, ""description"": ""Adult classification subgroup defined by empirical age and weekly-hours quartiles."", ""hours_per_week_band"": 4, ""missing_fraction"": 0.00239, ""positive_fraction"": 0.512475, ""records"": 3487, ""stratum"": ""age_q3_hours_q4"", ""variant"": 11}","Perform stage 'validate_load' requiring skill 'data' for the adult_ml variant described in variant_context. Respect 0 upstream dependencies and produce a verifiable stage output.","0","0","0","0","1","1","3","5","Bounded subgroup load checks have no upstream dependency and objective schema and count validation."
"bugs2fix:V10:reproduce","bugs2fix","10","reproduce","test","0","2.0","{""absolute_length_delta"": {""p25"": 6.0, ""p50"": 16.0, ""p75"": 36.0, ""p95"": 80.0}, ""execution_note"": ""Normalized function pairs; not executable repository tests."", ""mean_source_length"": 138.4590616966581, ""records"": 46680, ""source_length"": {""p25"": 103.0, ""p50"": 137.0, ""p75"": 173.0, ""p95"": 215.0}, ""unequal_fraction"": 1.0}","{""description"": ""Normalized Java before/after function-pair stratum; no executable repository tests are available."", ""median_absolute_length_delta"": 25.0, ""median_source_characters"": 155.0, ""patch_delta_band"": 3, ""records"": 2968, ""source_length_band"": 3, ""stratum"": ""source_length_q3_patch_delta_q3"", ""variant"": 10}","Perform stage 'reproduce' requiring skill 'test' for the bugs2fix variant described in variant_context. Respect 0 upstream dependencies and produce a verifiable stage output.","2","1","0","2","2","3","3","3","Longer source or a larger patch, combined with no executable repository tests, makes reproduction reasoning and verification demanding."
"beijing_ml:V10:report","beijing_ml","10","report","report","1","1.6","{""missing_fraction"": 0.009774058652538005, ""records"": 420768, ""stations"": 12}","{""description"": ""Beijing air-quality regression/time-series stratum with chronological validation required."", ""missing_pollutant_fraction"": 0.029613, ""pm25_median"": 59.0, ""records"": 35064, ""scope"": ""single_station"", ""stations"": 1, ""stratum"": ""station_Wanliu"", ""variant"": 10}","Perform stage 'report' requiring skill 'report' for the beijing_ml variant described in variant_context. Respect 1 upstream dependencies and produce a verifiable stage output.","0","0","1","1","1","1","1","5","A single-station report is narrow, uses one artifact, and has straightforward completeness checks."
"adult_ml:V03:validate_load","adult_ml","3","validate_load","data","0","1.5","{""missing_fraction"": 0.008824372466319971, ""positive_fraction"": 0.23928176569346055, ""records"": 48842}","{""age_band"": 1, ""description"": ""Adult classification subgroup defined by empirical age and weekly-hours quartiles."", ""hours_per_week_band"": 4, ""missing_fraction"": 0.006445, ""positive_fraction"": 0.116012, ""records"": 1655, ""stratum"": ""age_q1_hours_q4"", ""variant"": 3}","Perform stage 'validate_load' requiring skill 'data' for the adult_ml variant described in variant_context. Respect 0 upstream dependencies and produce a verifiable stage output.","0","0","0","0","1","1","3","5","Bounded subgroup load checks have no upstream dependency and objective schema and count validation."
"beijing_ml:V02:baseline_model","beijing_ml","2","baseline_model","ml","1","3.0","{""missing_fraction"": 0.009774058652538005, ""records"": 420768, ""stations"": 12}","{""description"": ""Beijing air-quality regression/time-series stratum with chronological validation required."", ""missing_pollutant_fraction"": 0.03149, ""pm25_median"": 41.0, ""records"": 35064, ""scope"": ""single_station"", ""stations"": 1, ""stratum"": ""station_Dingling"", ""variant"": 2}","Perform stage 'baseline_model' requiring skill 'ml' for the beijing_ml variant described in variant_context. Respect 1 upstream dependencies and produce a verifiable stage output.","1","1","1","2","2","3","2","4","Baseline time-series modeling on one station requires leakage-safe chronological validation and rigorous metric checks."
"adult_ml:V01:eda","adult_ml","1","eda","analysis","1","2.0","{""missing_fraction"": 0.008824372466319971, ""positive_fraction"": 0.23928176569346055, ""records"": 48842}","{""age_band"": 1, ""description"": ""Adult classification subgroup defined by empirical age and weekly-hours quartiles."", ""hours_per_week_band"": 2, ""missing_fraction"": 0.0, ""positive_fraction"": 0.0, ""records"": 0, ""stratum"": ""age_q1_hours_q2"", ""variant"": 1}","Perform stage 'eda' requiring skill 'analysis' for the adult_ml variant described in variant_context. Respect 1 upstream dependencies and produce a verifiable stage output.","2","0","1","1","1","2","1","4","The empty stratum makes meaningful EDA impossible and requires an explicit, verifiable no-data disposition."
"beijing_ml:V07:report","beijing_ml","7","report","report","1","1.6","{""missing_fraction"": 0.009774058652538005, ""records"": 420768, ""stations"": 12}","{""description"": ""Beijing air-quality regression/time-series stratum with chronological validation required."", ""missing_pollutant_fraction"": 0.018623, ""pm25_median"": 59.0, ""records"": 35064, ""scope"": ""single_station"", ""stations"": 1, ""stratum"": ""station_Nongzhanguan"", ""variant"": 7}","Perform stage 'report' requiring skill 'report' for the beijing_ml variant described in variant_context. Respect 1 upstream dependencies and produce a verifiable stage output.","0","0","1","1","1","1","1","5","A single-station report is narrow, uses one artifact, and has straightforward completeness checks."
"bugs2fix:V00:fix","bugs2fix","0","fix","code","1","3.5","{""absolute_length_delta"": {""p25"": 6.0, ""p50"": 16.0, ""p75"": 36.0, ""p95"": 80.0}, ""execution_note"": ""Normalized function pairs; not executable repository tests."", ""mean_source_length"": 138.4590616966581, ""records"": 46680, ""source_length"": {""p25"": 103.0, ""p50"": 137.0, ""p75"": 173.0, ""p95"": 215.0}, ""unequal_fraction"": 1.0}","{""description"": ""Normalized Java before/after function-pair stratum; no executable repository tests are available."", ""median_absolute_length_delta"": 1.0, ""median_source_characters"": 80.0, ""patch_delta_band"": 1, ""records"": 3536, ""source_length_band"": 1, ""stratum"": ""source_length_q1_patch_delta_q1"", ""variant"": 0}","Perform stage 'fix' requiring skill 'code' for the bugs2fix variant described in variant_context. Respect 1 upstream dependencies and produce a verifiable stage output.","2","0","1","1","2","2","3","3","A minimal change in compact source limits scope, although repository-level verification is unavailable."
"adult_ml:V07:report","adult_ml","7","report","report","1","1.5","{""missing_fraction"": 0.008824372466319971, ""positive_fraction"": 0.23928176569346055, ""records"": 48842}","{""age_band"": 2, ""description"": ""Adult classification subgroup defined by empirical age and weekly-hours quartiles."", ""hours_per_week_band"": 4, ""missing_fraction"": 0.002956, ""positive_fraction"": 0.387161, ""records"": 3022, ""stratum"": ""age_q2_hours_q4"", ""variant"": 7}","Perform stage 'report' requiring skill 'report' for the adult_ml variant described in variant_context. Respect 1 upstream dependencies and produce a verifiable stage output.","0","0","1","1","0","1","1","5","A single-stratum report has narrow scope, one upstream artifact, and straightforward completeness checks."
"beijing_ml:V15:clean_feature","beijing_ml","15","clean_feature","data","1","3.0","{""missing_fraction"": 0.009774058652538005, ""records"": 420768, ""stations"": 12}","{""description"": ""Beijing air-quality regression/time-series stratum with chronological validation required."", ""missing_pollutant_fraction"": 0.032903, ""pm25_median"": 61.0, ""records"": 105984, ""scope"": ""multi_station_season"", ""stations"": 12, ""stratum"": ""all_stations_months_10_12"", ""variant"": 15}","Perform stage 'clean_feature' requiring skill 'data' for the beijing_ml variant described in variant_context. Respect 1 upstream dependencies and produce a verifiable stage output.","1","2","1","2","2","3","3","4","Cross-station cleaning and feature alignment with chronological constraints impose high execution and verification burden."
"adult_ml:V08:advanced_model","adult_ml","8","advanced_model","ml","1","3.5","{""missing_fraction"": 0.008824372466319971, ""positive_fraction"": 0.23928176569346055, ""records"": 48842}","{""age_band"": 3, ""description"": ""Adult classification subgroup defined by empirical age and weekly-hours quartiles."", ""hours_per_week_band"": 1, ""missing_fraction"": 0.004865, ""positive_fraction"": 0.288019, ""records"": 7687, ""stratum"": ""age_q3_hours_q1"", ""variant"": 8}","Perform stage 'advanced_model' requiring skill 'ml' for the adult_ml variant described in variant_context. Respect 1 upstream dependencies and produce a verifiable stage output.","2","1","1","2","2","3","2","4","Advanced model selection, tuning, and robust validation create multi-step reasoning and verification burden."
"bugs2fix:V02:reproduce","bugs2fix","2","reproduce","test","0","2.0","{""absolute_length_delta"": {""p25"": 6.0, ""p50"": 16.0, ""p75"": 36.0, ""p95"": 80.0}, ""execution_note"": ""Normalized function pairs; not executable repository tests."", ""mean_source_length"": 138.4590616966581, ""records"": 46680, ""source_length"": {""p25"": 103.0, ""p50"": 137.0, ""p75"": 173.0, ""p95"": 215.0}, ""unequal_fraction"": 1.0}","{""description"": ""Normalized Java before/after function-pair stratum; no executable repository tests are available."", ""median_absolute_length_delta"": 25, ""median_source_characters"": 85, ""patch_delta_band"": 3, ""records"": 3397, ""source_length_band"": 1, ""stratum"": ""source_length_q1_patch_delta_q3"", ""variant"": 2}","Perform stage 'reproduce' requiring skill 'test' for the bugs2fix variant described in variant_context. Respect 0 upstream dependencies and produce a verifiable stage output.","2","0","0","2","2","2","3","3","Absent executable repository tests raises ambiguity and verification burden, but the function or patch context is bounded."
"beijing_ml:V14:baseline_model","beijing_ml","14","baseline_model","ml","1","3.0","{""missing_fraction"": 0.009774058652538005, ""records"": 420768, ""stations"": 12}","{""description"": ""Beijing air-quality regression/time-series stratum with chronological validation required."", ""missing_pollutant_fraction"": 0.026987, ""pm25_median"": 49.0, ""records"": 105984, ""scope"": ""multi_station_season"", ""stations"": 12, ""stratum"": ""all_stations_months_07_09"", ""variant"": 14}","Perform stage 'baseline_model' requiring skill 'ml' for the beijing_ml variant described in variant_context. Respect 1 upstream dependencies and produce a verifiable stage output.","1","2","1","2","2","3","2","4","Baseline time-series modeling on twelve-station seasonal data requires leakage-safe chronological validation and rigorous metric checks."
"adult_ml:V15:validate_load","adult_ml","15","validate_load","data","0","1.5","{""missing_fraction"": 0.008824372466319971, ""positive_fraction"": 0.23928176569346055, ""records"": 48842}","{""age_band"": 4, ""description"": ""Adult classification subgroup defined by empirical age and weekly-hours quartiles."", ""hours_per_week_band"": 4, ""missing_fraction"": 0.006622, ""positive_fraction"": 0.513599, ""records"": 2537, ""stratum"": ""age_q4_hours_q4"", ""variant"": 15}","Perform stage 'validate_load' requiring skill 'data' for the adult_ml variant described in variant_context. Respect 0 upstream dependencies and produce a verifiable stage output.","0","0","0","0","1","1","3","5","Bounded subgroup load checks have no upstream dependency and objective schema and count validation."
"bugs2fix:V02:localise","bugs2fix","2","localise","analysis","1","2.8","{""absolute_length_delta"": {""p25"": 6.0, ""p50"": 16.0, ""p75"": 36.0, ""p95"": 80.0}, ""execution_note"": ""Normalized function pairs; not executable repository tests."", ""mean_source_length"": 138.4590616966581, ""records"": 46680, ""source_length"": {""p25"": 103.0, ""p50"": 137.0, ""p75"": 173.0, ""p95"": 215.0}, ""unequal_fraction"": 1.0}","{""description"": ""Normalized Java before/after function-pair stratum; no executable repository tests are available."", ""median_absolute_length_delta"": 25, ""median_source_characters"": 85, ""patch_delta_band"": 3, ""records"": 3397, ""source_length_band"": 1, ""stratum"": ""source_length_q1_patch_delta_q3"", ""variant"": 2}","Perform stage 'localise' requiring skill 'analysis' for the bugs2fix variant described in variant_context. Respect 1 upstream dependencies and produce a verifiable stage output.","2","0","1","2","2","3","3","3","Localising the defect across broader source or patch context without executable tests requires substantial inference."
"bugs2fix:V03:localise","bugs2fix","3","localise","analysis","1","2.8","{""absolute_length_delta"": {""p25"": 6.0, ""p50"": 16.0, ""p75"": 36.0, ""p95"": 80.0}, ""execution_note"": ""Normalized function pairs; not executable repository tests."", ""mean_source_length"": 138.4590616966581, ""records"": 46680, ""source_length"": {""p25"": 103.0, ""p50"": 137.0, ""p75"": 173.0, ""p95"": 215.0}, ""unequal_fraction"": 1.0}","{""description"": ""Normalized Java before/after function-pair stratum; no executable repository tests are available."", ""median_absolute_length_delta"": 45.0, ""median_source_characters"": 89.0, ""patch_delta_band"": 4, ""records"": 1580, ""source_length_band"": 1, ""stratum"": ""source_length_q1_patch_delta_q4"", ""variant"": 3}","Perform stage 'localise' requiring skill 'analysis' for the bugs2fix variant described in variant_context. Respect 1 upstream dependencies and produce a verifiable stage output.","2","0","1","2","2","3","3","3","Localising the defect across broader source or patch context without executable tests requires substantial inference."
"beijing_ml:V09:clean_feature","beijing_ml","9","clean_feature","data","1","3.0","{""missing_fraction"": 0.009774058652538005, ""records"": 420768, ""stations"": 12}","{""description"": ""Beijing air-quality regression/time-series stratum with chronological validation required."", ""missing_pollutant_fraction"": 0.024265, ""pm25_median"": 59.0, ""records"": 35064, ""scope"": ""single_station"", ""stations"": 1, ""stratum"": ""station_Tiantan"", ""variant"": 9}","Perform stage 'clean_feature' requiring skill 'data' for the beijing_ml variant described in variant_context. Respect 1 upstream dependencies and produce a verifiable stage output.","1","1","1","1","1","2","3","4","Single-station temporal cleaning and feature work has moderate scope and routine checks."
"bugs2fix:V08:localise","bugs2fix","8","localise","analysis","1","2.8","{""absolute_length_delta"": {""p25"": 6.0, ""p50"": 16.0, ""p75"": 36.0, ""p95"": 80.0}, ""execution_note"": ""Normalized function pairs; not executable repository tests."", ""mean_source_length"": 138.4590616966581, ""records"": 46680, ""source_length"": {""p25"": 103.0, ""p50"": 137.0, ""p75"": 173.0, ""p95"": 215.0}, ""unequal_fraction"": 1.0}","{""description"": ""Normalized Java before/after function-pair stratum; no executable repository tests are available."", ""median_absolute_length_delta"": 1.0, ""median_source_characters"": 155.0, ""patch_delta_band"": 1, ""records"": 3012, ""source_length_band"": 3, ""stratum"": ""source_length_q3_patch_delta_q1"", ""variant"": 8}","Perform stage 'localise' requiring skill 'analysis' for the bugs2fix variant described in variant_context. Respect 1 upstream dependencies and produce a verifiable stage output.","2","1","1","1","2","3","3","3","Localising the defect across broader source or patch context without executable tests requires substantial inference."
"adult_ml:V02:advanced_model","adult_ml","2","advanced_model","ml","1","3.5","{""missing_fraction"": 0.008824372466319971, ""positive_fraction"": 0.23928176569346055, ""records"": 48842}","{""age_band"": 1, ""description"": ""Adult classification subgroup defined by empirical age and weekly-hours quartiles."", ""hours_per_week_band"": 3, ""missing_fraction"": 0.008829, ""positive_fraction"": 0.110119, ""records"": 672, ""stratum"": ""age_q1_hours_q3"", ""variant"": 2}","Perform stage 'advanced_model' requiring skill 'ml' for the adult_ml variant described in variant_context. Respect 1 upstream dependencies and produce a verifiable stage output.","2","0","1","2","2","3","2","4","Advanced model selection, tuning, and robust validation create multi-step reasoning and verification burden."
"beijing_ml:V14:clean_feature","beijing_ml","14","clean_feature","data","1","3.0","{""missing_fraction"": 0.009774058652538005, ""records"": 420768, ""stations"": 12}","{""description"": ""Beijing air-quality regression/time-series stratum with chronological validation required."", ""missing_pollutant_fraction"": 0.026987, ""pm25_median"": 49.0, ""records"": 105984, ""scope"": ""multi_station_season"", ""stations"": 12, ""stratum"": ""all_stations_months_07_09"", ""variant"": 14}","Perform stage 'clean_feature' requiring skill 'data' for the beijing_ml variant described in variant_context. Respect 1 upstream dependencies and produce a verifiable stage output.","1","2","1","2","2","3","3","4","Cross-station cleaning and feature alignment with chronological constraints impose high execution and verification burden."
"beijing_ml:V14:advanced_model","beijing_ml","14","advanced_model","ml","1","4.2","{""missing_fraction"": 0.009774058652538005, ""records"": 420768, ""stations"": 12}","{""description"": ""Beijing air-quality regression/time-series stratum with chronological validation required."", ""missing_pollutant_fraction"": 0.026987, ""pm25_median"": 49.0, ""records"": 105984, ""scope"": ""multi_station_season"", ""stations"": 12, ""stratum"": ""all_stations_months_07_09"", ""variant"": 14}","Perform stage 'advanced_model' requiring skill 'ml' for the beijing_ml variant described in variant_context. Respect 1 upstream dependencies and produce a verifiable stage output.","2","2","1","2","2","3","2","4","Advanced time-series modeling on twelve-station seasonal data combines method selection, tuning, and leakage-safe validation."
"adult_ml:V13:advanced_model","adult_ml","13","advanced_model","ml","1","3.5","{""missing_fraction"": 0.008824372466319971, ""positive_fraction"": 0.23928176569346055, ""records"": 48842}","{""age_band"": 4, ""description"": ""Adult classification subgroup defined by empirical age and weekly-hours quartiles."", ""hours_per_week_band"": 2, ""missing_fraction"": 0.0, ""positive_fraction"": 0.0, ""records"": 0, ""stratum"": ""age_q4_hours_q2"", ""variant"": 13}","Perform stage 'advanced_model' requiring skill 'ml' for the adult_ml variant described in variant_context. Respect 1 upstream dependencies and produce a verifiable stage output.","2","0","1","2","2","3","2","4","Advanced modeling is ill-posed on zero records, requiring careful fallback reasoning and validation."
"bugs2fix:V08:fix","bugs2fix","8","fix","code","1","3.5","{""absolute_length_delta"": {""p25"": 6.0, ""p50"": 16.0, ""p75"": 36.0, ""p95"": 80.0}, ""execution_note"": ""Normalized function pairs; not executable repository tests."", ""mean_source_length"": 138.4590616966581, ""records"": 46680, ""source_length"": {""p25"": 103.0, ""p50"": 137.0, ""p75"": 173.0, ""p95"": 215.0}, ""unequal_fraction"": 1.0}","{""description"": ""Normalized Java before/after function-pair stratum; no executable repository tests are available."", ""median_absolute_length_delta"": 1.0, ""median_source_characters"": 155.0, ""patch_delta_band"": 1, ""records"": 3012, ""source_length_band"": 3, ""stratum"": ""source_length_q3_patch_delta_q1"", ""variant"": 8}","Perform stage 'fix' requiring skill 'code' for the bugs2fix variant described in variant_context. Respect 1 upstream dependencies and produce a verifiable stage output.","2","1","1","1","2","3","3","3","Implementing a broader inferred patch without repository tests creates high reasoning and verification burden."
"bugs2fix:V00:regression_test","bugs2fix","0","regression_test","test","1","2.3","{""absolute_length_delta"": {""p25"": 6.0, ""p50"": 16.0, ""p75"": 36.0, ""p95"": 80.0}, ""execution_note"": ""Normalized function pairs; not executable repository tests."", ""mean_source_length"": 138.4590616966581, ""records"": 46680, ""source_length"": {""p25"": 103.0, ""p50"": 137.0, ""p75"": 173.0, ""p95"": 215.0}, ""unequal_fraction"": 1.0}","{""description"": ""Normalized Java before/after function-pair stratum; no executable repository tests are available."", ""median_absolute_length_delta"": 1.0, ""median_source_characters"": 80.0, ""patch_delta_band"": 1, ""records"": 3536, ""source_length_band"": 1, ""stratum"": ""source_length_q1_patch_delta_q1"", ""variant"": 0}","Perform stage 'regression_test' requiring skill 'test' for the bugs2fix variant described in variant_context. Respect 1 upstream dependencies and produce a verifiable stage output.","2","0","1","1","2","2","3","3","A compact one-line change bounds scope, but regression evidence cannot be executed in repository context."
"beijing_ml:V11:evaluate","beijing_ml","11","evaluate","test","2","2.4","{""missing_fraction"": 0.009774058652538005, ""records"": 420768, ""stations"": 12}","{""description"": ""Beijing air-quality regression/time-series stratum with chronological validation required."", ""missing_pollutant_fraction"": 0.023661, ""pm25_median"": 60.0, ""records"": 35064, ""scope"": ""single_station"", ""stations"": 1, ""stratum"": ""station_Wanshouxigong"", ""variant"": 11}","Perform stage 'evaluate' requiring skill 'test' for the beijing_ml variant described in variant_context. Respect 2 upstream dependencies and produce a verifiable stage output.","1","1","2","2","2","3","3","4","Evaluation coordinates two model artifacts and verifies chronological metrics across one station."
"beijing_ml:V04:advanced_model","beijing_ml","4","advanced_model","ml","1","4.2","{""missing_fraction"": 0.009774058652538005, ""records"": 420768, ""stations"": 12}","{""description"": ""Beijing air-quality regression/time-series stratum with chronological validation required."", ""missing_pollutant_fraction"": 0.02426, ""pm25_median"": 59.0, ""records"": 35064, ""scope"": ""single_station"", ""stations"": 1, ""stratum"": ""station_Guanyuan"", ""variant"": 4}","Perform stage 'advanced_model' requiring skill 'ml' for the beijing_ml variant described in variant_context. Respect 1 upstream dependencies and produce a verifiable stage output.","2","1","1","2","2","3","2","4","Advanced time-series modeling on one station combines method selection, tuning, and leakage-safe validation."
"adult_ml:V14:advanced_model","adult_ml","14","advanced_model","ml","1","3.5","{""missing_fraction"": 0.008824372466319971, ""positive_fraction"": 0.23928176569346055, ""records"": 48842}","{""age_band"": 4, ""description"": ""Adult classification subgroup defined by empirical age and weekly-hours quartiles."", ""hours_per_week_band"": 3, ""missing_fraction"": 0.005839, ""positive_fraction"": 0.470588, ""records"": 765, ""stratum"": ""age_q4_hours_q3"", ""variant"": 14}","Perform stage 'advanced_model' requiring skill 'ml' for the adult_ml variant described in variant_context. Respect 1 upstream dependencies and produce a verifiable stage output.","2","0","1","2","2","3","2","4","Advanced model selection, tuning, and robust validation create multi-step reasoning and verification burden."
"adult_ml:V13:eda","adult_ml","13","eda","analysis","1","2.0","{""missing_fraction"": 0.008824372466319971, ""positive_fraction"": 0.23928176569346055, ""records"": 48842}","{""age_band"": 4, ""description"": ""Adult classification subgroup defined by empirical age and weekly-hours quartiles."", ""hours_per_week_band"": 2, ""missing_fraction"": 0.0, ""positive_fraction"": 0.0, ""records"": 0, ""stratum"": ""age_q4_hours_q2"", ""variant"": 13}","Perform stage 'eda' requiring skill 'analysis' for the adult_ml variant described in variant_context. Respect 1 upstream dependencies and produce a verifiable stage output.","2","0","1","1","1","2","1","4","The empty stratum makes meaningful EDA impossible and requires an explicit, verifiable no-data disposition."
"bugs2fix:V10:report","bugs2fix","10","report","report","1","1.2","{""absolute_length_delta"": {""p25"": 6.0, ""p50"": 16.0, ""p75"": 36.0, ""p95"": 80.0}, ""execution_note"": ""Normalized function pairs; not executable repository tests."", ""mean_source_length"": 138.4590616966581, ""records"": 46680, ""source_length"": {""p25"": 103.0, ""p50"": 137.0, ""p75"": 173.0, ""p95"": 215.0}, ""unequal_fraction"": 1.0}","{""description"": ""Normalized Java before/after function-pair stratum; no executable repository tests are available."", ""median_absolute_length_delta"": 25.0, ""median_source_characters"": 155.0, ""patch_delta_band"": 3, ""records"": 2968, ""source_length_band"": 3, ""stratum"": ""source_length_q3_patch_delta_q3"", ""variant"": 10}","Perform stage 'report' requiring skill 'report' for the bugs2fix variant described in variant_context. Respect 1 upstream dependencies and produce a verifiable stage output.","1","1","1","0","1","2","1","3","Broader function context modestly increases synthesis burden, though reporting remains a single-artifact task."
"adult_ml:V14:baseline_model","adult_ml","14","baseline_model","ml","1","2.5","{""missing_fraction"": 0.008824372466319971, ""positive_fraction"": 0.23928176569346055, ""records"": 48842}","{""age_band"": 4, ""description"": ""Adult classification subgroup defined by empirical age and weekly-hours quartiles."", ""hours_per_week_band"": 3, ""missing_fraction"": 0.005839, ""positive_fraction"": 0.470588, ""records"": 765, ""stratum"": ""age_q4_hours_q3"", ""variant"": 14}","Perform stage 'baseline_model' requiring skill 'ml' for the adult_ml variant described in variant_context. Respect 1 upstream dependencies and produce a verifiable stage output.","1","0","1","1","1","2","2","4","Baseline fitting on a single subgroup requires a standard model choice and routine metric checks."
"bugs2fix:V05:localise","bugs2fix","5","localise","analysis","1","2.8","{""absolute_length_delta"": {""p25"": 6.0, ""p50"": 16.0, ""p75"": 36.0, ""p95"": 80.0}, ""execution_note"": ""Normalized function pairs; not executable repository tests."", ""mean_source_length"": 138.4590616966581, ""records"": 46680, ""source_length"": {""p25"": 103.0, ""p50"": 137.0, ""p75"": 173.0, ""p95"": 215.0}, ""unequal_fraction"": 1.0}","{""description"": ""Normalized Java before/after function-pair stratum; no executable repository tests are available."", ""median_absolute_length_delta"": 10, ""median_source_characters"": 120, ""patch_delta_band"": 2, ""records"": 2735, ""source_length_band"": 2, ""stratum"": ""source_length_q2_patch_delta_q2"", ""variant"": 5}","Perform stage 'localise' requiring skill 'analysis' for the bugs2fix variant described in variant_context. Respect 1 upstream dependencies and produce a verifiable stage output.","2","1","1","1","2","3","3","3","Localising the defect across broader source or patch context without executable tests requires substantial inference."
"adult_ml:V06:advanced_model","adult_ml","6","advanced_model","ml","1","3.5","{""missing_fraction"": 0.008824372466319971, ""positive_fraction"": 0.23928176569346055, ""records"": 48842}","{""age_band"": 2, ""description"": ""Adult classification subgroup defined by empirical age and weekly-hours quartiles."", ""hours_per_week_band"": 3, ""missing_fraction"": 0.002818, ""positive_fraction"": 0.332373, ""records"": 1041, ""stratum"": ""age_q2_hours_q3"", ""variant"": 6}","Perform stage 'advanced_model' requiring skill 'ml' for the adult_ml variant described in variant_context. Respect 1 upstream dependencies and produce a verifiable stage output.","2","0","1","2","2","3","2","4","Advanced model selection, tuning, and robust validation create multi-step reasoning and verification burden."
"bugs2fix:V03:fix","bugs2fix","3","fix","code","1","3.5","{""absolute_length_delta"": {""p25"": 6.0, ""p50"": 16.0, ""p75"": 36.0, ""p95"": 80.0}, ""execution_note"": ""Normalized function pairs; not executable repository tests."", ""mean_source_length"": 138.4590616966581, ""records"": 46680, ""source_length"": {""p25"": 103.0, ""p50"": 137.0, ""p75"": 173.0, ""p95"": 215.0}, ""unequal_fraction"": 1.0}","{""description"": ""Normalized Java before/after function-pair stratum; no executable repository tests are available."", ""median_absolute_length_delta"": 45.0, ""median_source_characters"": 89.0, ""patch_delta_band"": 4, ""records"": 1580, ""source_length_band"": 1, ""stratum"": ""source_length_q1_patch_delta_q4"", ""variant"": 3}","Perform stage 'fix' requiring skill 'code' for the bugs2fix variant described in variant_context. Respect 1 upstream dependencies and produce a verifiable stage output.","2","0","1","2","2","3","3","3","Implementing a broader inferred patch without repository tests creates high reasoning and verification burden."
"adult_ml:V02:clean_feature","adult_ml","2","clean_feature","data","1","2.5","{""missing_fraction"": 0.008824372466319971, ""positive_fraction"": 0.23928176569346055, ""records"": 48842}","{""age_band"": 1, ""description"": ""Adult classification subgroup defined by empirical age and weekly-hours quartiles."", ""hours_per_week_band"": 3, ""missing_fraction"": 0.008829, ""positive_fraction"": 0.110119, ""records"": 672, ""stratum"": ""age_q1_hours_q3"", ""variant"": 2}","Perform stage 'clean_feature' requiring skill 'data' for the adult_ml variant described in variant_context. Respect 1 upstream dependencies and produce a verifiable stage output.","1","0","1","1","1","2","3","4","Cleaning and feature work on a single subgroup uses one upstream artifact and routine checks."
"bugs2fix:V01:localise","bugs2fix","1","localise","analysis","1","2.8","{""absolute_length_delta"": {""p25"": 6.0, ""p50"": 16.0, ""p75"": 36.0, ""p95"": 80.0}, ""execution_note"": ""Normalized function pairs; not executable repository tests."", ""mean_source_length"": 138.4590616966581, ""records"": 46680, ""source_length"": {""p25"": 103.0, ""p50"": 137.0, ""p75"": 173.0, ""p95"": 215.0}, ""unequal_fraction"": 1.0}","{""description"": ""Normalized Java before/after function-pair stratum; no executable repository tests are available."", ""median_absolute_length_delta"": 10, ""median_source_characters"": 80, ""patch_delta_band"": 2, ""records"": 3459, ""source_length_band"": 1, ""stratum"": ""source_length_q1_patch_delta_q2"", ""variant"": 1}","Perform stage 'localise' requiring skill 'analysis' for the bugs2fix variant described in variant_context. Respect 1 upstream dependencies and produce a verifiable stage output.","2","0","1","1","2","2","3","3","Localisation lacks executable evidence, but compact source and patch context limit the search burden."
"bugs2fix:V04:localise","bugs2fix","4","localise","analysis","1","2.8","{""absolute_length_delta"": {""p25"": 6.0, ""p50"": 16.0, ""p75"": 36.0, ""p95"": 80.0}, ""execution_note"": ""Normalized function pairs; not executable repository tests."", ""mean_source_length"": 138.4590616966581, ""records"": 46680, ""source_length"": {""p25"": 103.0, ""p50"": 137.0, ""p75"": 173.0, ""p95"": 215.0}, ""unequal_fraction"": 1.0}","{""description"": ""Normalized Java before/after function-pair stratum; no executable repository tests are available."", ""median_absolute_length_delta"": 1.0, ""median_source_characters"": 120.0, ""patch_delta_band"": 1, ""records"": 2736, ""source_length_band"": 2, ""stratum"": ""source_length_q2_patch_delta_q1"", ""variant"": 4}","Perform stage 'localise' requiring skill 'analysis' for the bugs2fix variant described in variant_context. Respect 1 upstream dependencies and produce a verifiable stage output.","2","1","1","1","2","3","3","3","Localising the defect across broader source or patch context without executable tests requires substantial inference."
"adult_ml:V08:report","adult_ml","8","report","report","1","1.5","{""missing_fraction"": 0.008824372466319971, ""positive_fraction"": 0.23928176569346055, ""records"": 48842}","{""age_band"": 3, ""description"": ""Adult classification subgroup defined by empirical age and weekly-hours quartiles."", ""hours_per_week_band"": 1, ""missing_fraction"": 0.004865, ""positive_fraction"": 0.288019, ""records"": 7687, ""stratum"": ""age_q3_hours_q1"", ""variant"": 8}","Perform stage 'report' requiring skill 'report' for the adult_ml variant described in variant_context. Respect 1 upstream dependencies and produce a verifiable stage output.","0","0","1","1","0","1","1","5","A single-stratum report has narrow scope, one upstream artifact, and straightforward completeness checks."
"adult_ml:V03:advanced_model","adult_ml","3","advanced_model","ml","1","3.5","{""missing_fraction"": 0.008824372466319971, ""positive_fraction"": 0.23928176569346055, ""records"": 48842}","{""age_band"": 1, ""description"": ""Adult classification subgroup defined by empirical age and weekly-hours quartiles."", ""hours_per_week_band"": 4, ""missing_fraction"": 0.006445, ""positive_fraction"": 0.116012, ""records"": 1655, ""stratum"": ""age_q1_hours_q4"", ""variant"": 3}","Perform stage 'advanced_model' requiring skill 'ml' for the adult_ml variant described in variant_context. Respect 1 upstream dependencies and produce a verifiable stage output.","2","1","1","2","2","3","2","4","Advanced model selection, tuning, and robust validation create multi-step reasoning and verification burden."
"bugs2fix:V01:reproduce","bugs2fix","1","reproduce","test","0","2.0","{""absolute_length_delta"": {""p25"": 6.0, ""p50"": 16.0, ""p75"": 36.0, ""p95"": 80.0}, ""execution_note"": ""Normalized function pairs; not executable repository tests."", ""mean_source_length"": 138.4590616966581, ""records"": 46680, ""source_length"": {""p25"": 103.0, ""p50"": 137.0, ""p75"": 173.0, ""p95"": 215.0}, ""unequal_fraction"": 1.0}","{""description"": ""Normalized Java before/after function-pair stratum; no executable repository tests are available."", ""median_absolute_length_delta"": 10, ""median_source_characters"": 80, ""patch_delta_band"": 2, ""records"": 3459, ""source_length_band"": 1, ""stratum"": ""source_length_q1_patch_delta_q2"", ""variant"": 1}","Perform stage 'reproduce' requiring skill 'test' for the bugs2fix variant described in variant_context. Respect 0 upstream dependencies and produce a verifiable stage output.","2","0","0","1","2","2","3","3","Absent executable repository tests raises ambiguity and verification burden, but the function or patch context is bounded."
"adult_ml:V11:baseline_model","adult_ml","11","baseline_model","ml","1","2.5","{""missing_fraction"": 0.008824372466319971, ""positive_fraction"": 0.23928176569346055, ""records"": 48842}","{""age_band"": 3, ""description"": ""Adult classification subgroup defined by empirical age and weekly-hours quartiles."", ""hours_per_week_band"": 4, ""missing_fraction"": 0.00239, ""positive_fraction"": 0.512475, ""records"": 3487, ""stratum"": ""age_q3_hours_q4"", ""variant"": 11}","Perform stage 'baseline_model' requiring skill 'ml' for the adult_ml variant described in variant_context. Respect 1 upstream dependencies and produce a verifiable stage output.","1","1","1","1","1","2","2","4","Baseline fitting on a single subgroup requires a standard model choice and routine metric checks."
"adult_ml:V12:advanced_model","adult_ml","12","advanced_model","ml","1","3.5","{""missing_fraction"": 0.008824372466319971, ""positive_fraction"": 0.23928176569346055, ""records"": 48842}","{""age_band"": 4, ""description"": ""Adult classification subgroup defined by empirical age and weekly-hours quartiles."", ""hours_per_week_band"": 1, ""missing_fraction"": 0.015525, ""positive_fraction"": 0.260737, ""records"": 8219, ""stratum"": ""age_q4_hours_q1"", ""variant"": 12}","Perform stage 'advanced_model' requiring skill 'ml' for the adult_ml variant described in variant_context. Respect 1 upstream dependencies and produce a verifiable stage output.","2","1","1","2","2","3","2","4","Advanced model selection, tuning, and robust validation create multi-step reasoning and verification burden."
"adult_ml:V01:baseline_model","adult_ml","1","baseline_model","ml","1","2.5","{""missing_fraction"": 0.008824372466319971, ""positive_fraction"": 0.23928176569346055, ""records"": 48842}","{""age_band"": 1, ""description"": ""Adult classification subgroup defined by empirical age and weekly-hours quartiles."", ""hours_per_week_band"": 2, ""missing_fraction"": 0.0, ""positive_fraction"": 0.0, ""records"": 0, ""stratum"": ""age_q1_hours_q2"", ""variant"": 1}","Perform stage 'baseline_model' requiring skill 'ml' for the adult_ml variant described in variant_context. Respect 1 upstream dependencies and produce a verifiable stage output.","2","0","1","1","1","2","2","4","The empty stratum makes baseline fitting ill-posed; a defensible skip/fail artifact must be produced."
"bugs2fix:V07:reproduce","bugs2fix","7","reproduce","test","0","2.0","{""absolute_length_delta"": {""p25"": 6.0, ""p50"": 16.0, ""p75"": 36.0, ""p95"": 80.0}, ""execution_note"": ""Normalized function pairs; not executable repository tests."", ""mean_source_length"": 138.4590616966581, ""records"": 46680, ""source_length"": {""p25"": 103.0, ""p50"": 137.0, ""p75"": 173.0, ""p95"": 215.0}, ""unequal_fraction"": 1.0}","{""description"": ""Normalized Java before/after function-pair stratum; no executable repository tests are available."", ""median_absolute_length_delta"": 50, ""median_source_characters"": 122, ""patch_delta_band"": 4, ""records"": 2793, ""source_length_band"": 2, ""stratum"": ""source_length_q2_patch_delta_q4"", ""variant"": 7}","Perform stage 'reproduce' requiring skill 'test' for the bugs2fix variant described in variant_context. Respect 0 upstream dependencies and produce a verifiable stage output.","2","1","0","2","2","3","3","3","Longer source or a larger patch, combined with no executable repository tests, makes reproduction reasoning and verification demanding."
"beijing_ml:V06:report","beijing_ml","6","report","report","1","1.6","{""missing_fraction"": 0.009774058652538005, ""records"": 420768, ""stations"": 12}","{""description"": ""Beijing air-quality regression/time-series stratum with chronological validation required."", ""missing_pollutant_fraction"": 0.032902, ""pm25_median"": 47.0, ""records"": 35064, ""scope"": ""single_station"", ""stations"": 1, ""stratum"": ""station_Huairou"", ""variant"": 6}","Perform stage 'report' requiring skill 'report' for the beijing_ml variant described in variant_context. Respect 1 upstream dependencies and produce a verifiable stage output.","0","0","1","1","1","1","1","5","A single-station report is narrow, uses one artifact, and has straightforward completeness checks."
"beijing_ml:V01:advanced_model","beijing_ml","1","advanced_model","ml","1","4.2","{""missing_fraction"": 0.009774058652538005, ""records"": 420768, ""stations"": 12}","{""description"": ""Beijing air-quality regression/time-series stratum with chronological validation required."", ""missing_pollutant_fraction"": 0.022701, ""pm25_median"": 46.0, ""records"": 35064, ""scope"": ""single_station"", ""stations"": 1, ""stratum"": ""station_Changping"", ""variant"": 1}","Perform stage 'advanced_model' requiring skill 'ml' for the beijing_ml variant described in variant_context. Respect 1 upstream dependencies and produce a verifiable stage output.","2","1","1","2","2","3","2","4","Advanced time-series modeling on one station combines method selection, tuning, and leakage-safe validation."
"bugs2fix:V13:localise","bugs2fix","13","localise","analysis","1","2.8","{""absolute_length_delta"": {""p25"": 6.0, ""p50"": 16.0, ""p75"": 36.0, ""p95"": 80.0}, ""execution_note"": ""Normalized function pairs; not executable repository tests."", ""mean_source_length"": 138.4590616966581, ""records"": 46680, ""source_length"": {""p25"": 103.0, ""p50"": 137.0, ""p75"": 173.0, ""p95"": 215.0}, ""unequal_fraction"": 1.0}","{""description"": ""Normalized Java before/after function-pair stratum; no executable repository tests are available."", ""median_absolute_length_delta"": 10.0, ""median_source_characters"": 195.0, ""patch_delta_band"": 2, ""records"": 2506, ""source_length_band"": 4, ""stratum"": ""source_length_q4_patch_delta_q2"", ""variant"": 13}","Perform stage 'localise' requiring skill 'analysis' for the bugs2fix variant described in variant_context. Respect 1 upstream dependencies and produce a verifiable stage output.","2","2","1","1","2","3","3","3","Localising the defect across broader source or patch context without executable tests requires substantial inference."
"beijing_ml:V09:validate_load","beijing_ml","9","validate_load","data","0","1.8","{""missing_fraction"": 0.009774058652538005, ""records"": 420768, ""stations"": 12}","{""description"": ""Beijing air-quality regression/time-series stratum with chronological validation required."", ""missing_pollutant_fraction"": 0.024265, ""pm25_median"": 59.0, ""records"": 35064, ""scope"": ""single_station"", ""stations"": 1, ""stratum"": ""station_Tiantan"", ""variant"": 9}","Perform stage 'validate_load' requiring skill 'data' for the beijing_ml variant described in variant_context. Respect 0 upstream dependencies and produce a verifiable stage output.","0","1","0","1","1","1","3","5","Single-station load validation is bounded, dependency-free, and objectively checkable."
"bugs2fix:V01:regression_test","bugs2fix","1","regression_test","test","1","2.3","{""absolute_length_delta"": {""p25"": 6.0, ""p50"": 16.0, ""p75"": 36.0, ""p95"": 80.0}, ""execution_note"": ""Normalized function pairs; not executable repository tests."", ""mean_source_length"": 138.4590616966581, ""records"": 46680, ""source_length"": {""p25"": 103.0, ""p50"": 137.0, ""p75"": 173.0, ""p95"": 215.0}, ""unequal_fraction"": 1.0}","{""description"": ""Normalized Java before/after function-pair stratum; no executable repository tests are available."", ""median_absolute_length_delta"": 10, ""median_source_characters"": 80, ""patch_delta_band"": 2, ""records"": 3459, ""source_length_band"": 1, ""stratum"": ""source_length_q1_patch_delta_q2"", ""variant"": 1}","Perform stage 'regression_test' requiring skill 'test' for the bugs2fix variant described in variant_context. Respect 1 upstream dependencies and produce a verifiable stage output.","2","0","1","2","2","3","3","3","Designing regression evidence for broader changes without executable repository tests is operationally difficult."
"adult_ml:V09:eda","adult_ml","9","eda","analysis","1","2.0","{""missing_fraction"": 0.008824372466319971, ""positive_fraction"": 0.23928176569346055, ""records"": 48842}","{""age_band"": 3, ""description"": ""Adult classification subgroup defined by empirical age and weekly-hours quartiles."", ""hours_per_week_band"": 2, ""missing_fraction"": 0.0, ""positive_fraction"": 0.0, ""records"": 0, ""stratum"": ""age_q3_hours_q2"", ""variant"": 9}","Perform stage 'eda' requiring skill 'analysis' for the adult_ml variant described in variant_context. Respect 1 upstream dependencies and produce a verifiable stage output.","2","0","1","1","1","2","1","4","The empty stratum makes meaningful EDA impossible and requires an explicit, verifiable no-data disposition."
"beijing_ml:V05:clean_feature","beijing_ml","5","clean_feature","data","1","3.0","{""missing_fraction"": 0.009774058652538005, ""records"": 420768, ""stations"": 12}","{""description"": ""Beijing air-quality regression/time-series stratum with chronological validation required."", ""missing_pollutant_fraction"": 0.020591, ""pm25_median"": 60.0, ""records"": 35064, ""scope"": ""single_station"", ""stations"": 1, ""stratum"": ""station_Gucheng"", ""variant"": 5}","Perform stage 'clean_feature' requiring skill 'data' for the beijing_ml variant described in variant_context. Respect 1 upstream dependencies and produce a verifiable stage output.","1","1","1","1","1","2","3","4","Single-station temporal cleaning and feature work has moderate scope and routine checks."
"bugs2fix:V07:regression_test","bugs2fix","7","regression_test","test","1","2.3","{""absolute_length_delta"": {""p25"": 6.0, ""p50"": 16.0, ""p75"": 36.0, ""p95"": 80.0}, ""execution_note"": ""Normalized function pairs; not executable repository tests."", ""mean_source_length"": 138.4590616966581, ""records"": 46680, ""source_length"": {""p25"": 103.0, ""p50"": 137.0, ""p75"": 173.0, ""p95"": 215.0}, ""unequal_fraction"": 1.0}","{""description"": ""Normalized Java before/after function-pair stratum; no executable repository tests are available."", ""median_absolute_length_delta"": 50, ""median_source_characters"": 122, ""patch_delta_band"": 4, ""records"": 2793, ""source_length_band"": 2, ""stratum"": ""source_length_q2_patch_delta_q4"", ""variant"": 7}","Perform stage 'regression_test' requiring skill 'test' for the bugs2fix variant described in variant_context. Respect 1 upstream dependencies and produce a verifiable stage output.","2","1","1","2","2","3","3","3","Designing regression evidence for broader changes without executable repository tests is operationally difficult."
"adult_ml:V04:baseline_model","adult_ml","4","baseline_model","ml","1","2.5","{""missing_fraction"": 0.008824372466319971, ""positive_fraction"": 0.23928176569346055, ""records"": 48842}","{""age_band"": 2, ""description"": ""Adult classification subgroup defined by empirical age and weekly-hours quartiles."", ""hours_per_week_band"": 1, ""missing_fraction"": 0.006011, ""positive_fraction"": 0.171414, ""records"": 7619, ""stratum"": ""age_q2_hours_q1"", ""variant"": 4}","Perform stage 'baseline_model' requiring skill 'ml' for the adult_ml variant described in variant_context. Respect 1 upstream dependencies and produce a verifiable stage output.","1","1","1","1","1","2","2","4","Baseline fitting on a larger subgroup requires a standard model choice and routine metric checks."
"beijing_ml:V07:advanced_model","beijing_ml","7","advanced_model","ml","1","4.2","{""missing_fraction"": 0.009774058652538005, ""records"": 420768, ""stations"": 12}","{""description"": ""Beijing air-quality regression/time-series stratum with chronological validation required."", ""missing_pollutant_fraction"": 0.018623, ""pm25_median"": 59.0, ""records"": 35064, ""scope"": ""single_station"", ""stations"": 1, ""stratum"": ""station_Nongzhanguan"", ""variant"": 7}","Perform stage 'advanced_model' requiring skill 'ml' for the beijing_ml variant described in variant_context. Respect 1 upstream dependencies and produce a verifiable stage output.","2","1","1","2","2","3","2","4","Advanced time-series modeling on one station combines method selection, tuning, and leakage-safe validation."
"adult_ml:V02:eda","adult_ml","2","eda","analysis","1","2.0","{""missing_fraction"": 0.008824372466319971, ""positive_fraction"": 0.23928176569346055, ""records"": 48842}","{""age_band"": 1, ""description"": ""Adult classification subgroup defined by empirical age and weekly-hours quartiles."", ""hours_per_week_band"": 3, ""missing_fraction"": 0.008829, ""positive_fraction"": 0.110119, ""records"": 672, ""stratum"": ""age_q1_hours_q3"", ""variant"": 2}","Perform stage 'eda' requiring skill 'analysis' for the adult_ml variant described in variant_context. Respect 1 upstream dependencies and produce a verifiable stage output.","1","0","1","1","1","2","2","4","EDA on a single subgroup is bounded, with conventional summaries and one upstream artifact."
"adult_ml:V05:evaluate","adult_ml","5","evaluate","test","2","2.0","{""missing_fraction"": 0.008824372466319971, ""positive_fraction"": 0.23928176569346055, ""records"": 48842}","{""age_band"": 2, ""description"": ""Adult classification subgroup defined by empirical age and weekly-hours quartiles."", ""hours_per_week_band"": 2, ""missing_fraction"": 0.0, ""positive_fraction"": 0.0, ""records"": 0, ""stratum"": ""age_q2_hours_q2"", ""variant"": 5}","Perform stage 'evaluate' requiring skill 'test' for the adult_ml variant described in variant_context. Respect 2 upstream dependencies and produce a verifiable stage output.","2","0","2","2","2","3","2","4","Two upstream artifacts plus an empty stratum make comparison semantics and verification difficult."
"bugs2fix:V14:fix","bugs2fix","14","fix","code","1","3.5","{""absolute_length_delta"": {""p25"": 6.0, ""p50"": 16.0, ""p75"": 36.0, ""p95"": 80.0}, ""execution_note"": ""Normalized function pairs; not executable repository tests."", ""mean_source_length"": 138.4590616966581, ""records"": 46680, ""source_length"": {""p25"": 103.0, ""p50"": 137.0, ""p75"": 173.0, ""p95"": 215.0}, ""unequal_fraction"": 1.0}","{""description"": ""Normalized Java before/after function-pair stratum; no executable repository tests are available."", ""median_absolute_length_delta"": 25, ""median_source_characters"": 193, ""patch_delta_band"": 3, ""records"": 2457, ""source_length_band"": 4, ""stratum"": ""source_length_q4_patch_delta_q3"", ""variant"": 14}","Perform stage 'fix' requiring skill 'code' for the bugs2fix variant described in variant_context. Respect 1 upstream dependencies and produce a verifiable stage output.","2","2","1","2","2","3","3","3","Implementing a broader inferred patch without repository tests creates high reasoning and verification burden."
"adult_ml:V11:clean_feature","adult_ml","11","clean_feature","data","1","2.5","{""missing_fraction"": 0.008824372466319971, ""positive_fraction"": 0.23928176569346055, ""records"": 48842}","{""age_band"": 3, ""description"": ""Adult classification subgroup defined by empirical age and weekly-hours quartiles."", ""hours_per_week_band"": 4, ""missing_fraction"": 0.00239, ""positive_fraction"": 0.512475, ""records"": 3487, ""stratum"": ""age_q3_hours_q4"", ""variant"": 11}","Perform stage 'clean_feature' requiring skill 'data' for the adult_ml variant described in variant_context. Respect 1 upstream dependencies and produce a verifiable stage output.","1","1","1","1","1","2","3","4","Cleaning and feature work on a single subgroup uses one upstream artifact and routine checks."
"bugs2fix:V11:regression_test","bugs2fix","11","regression_test","test","1","2.3","{""absolute_length_delta"": {""p25"": 6.0, ""p50"": 16.0, ""p75"": 36.0, ""p95"": 80.0}, ""execution_note"": ""Normalized function pairs; not executable repository tests."", ""mean_source_length"": 138.4590616966581, ""records"": 46680, ""source_length"": {""p25"": 103.0, ""p50"": 137.0, ""p75"": 173.0, ""p95"": 215.0}, ""unequal_fraction"": 1.0}","{""description"": ""Normalized Java before/after function-pair stratum; no executable repository tests are available."", ""median_absolute_length_delta"": 57.0, ""median_source_characters"": 155.0, ""patch_delta_band"": 4, ""records"": 3242, ""source_length_band"": 3, ""stratum"": ""source_length_q3_patch_delta_q4"", ""variant"": 11}","Perform stage 'regression_test' requiring skill 'test' for the bugs2fix variant described in variant_context. Respect 1 upstream dependencies and produce a verifiable stage output.","2","1","1","2","2","3","3","3","Designing regression evidence for broader changes without executable repository tests is operationally difficult."
"adult_ml:V06:validate_load","adult_ml","6","validate_load","data","0","1.5","{""missing_fraction"": 0.008824372466319971, ""positive_fraction"": 0.23928176569346055, ""records"": 48842}","{""age_band"": 2, ""description"": ""Adult classification subgroup defined by empirical age and weekly-hours quartiles."", ""hours_per_week_band"": 3, ""missing_fraction"": 0.002818, ""positive_fraction"": 0.332373, ""records"": 1041, ""stratum"": ""age_q2_hours_q3"", ""variant"": 6}","Perform stage 'validate_load' requiring skill 'data' for the adult_ml variant described in variant_context. Respect 0 upstream dependencies and produce a verifiable stage output.","0","0","0","0","1","1","3","5","Bounded subgroup load checks have no upstream dependency and objective schema and count validation."
"bugs2fix:V13:reproduce","bugs2fix","13","reproduce","test","0","2.0","{""absolute_length_delta"": {""p25"": 6.0, ""p50"": 16.0, ""p75"": 36.0, ""p95"": 80.0}, ""execution_note"": ""Normalized function pairs; not executable repository tests."", ""mean_source_length"": 138.4590616966581, ""records"": 46680, ""source_length"": {""p25"": 103.0, ""p50"": 137.0, ""p75"": 173.0, ""p95"": 215.0}, ""unequal_fraction"": 1.0}","{""description"": ""Normalized Java before/after function-pair stratum; no executable repository tests are available."", ""median_absolute_length_delta"": 10.0, ""median_source_characters"": 195.0, ""patch_delta_band"": 2, ""records"": 2506, ""source_length_band"": 4, ""stratum"": ""source_length_q4_patch_delta_q2"", ""variant"": 13}","Perform stage 'reproduce' requiring skill 'test' for the bugs2fix variant described in variant_context. Respect 0 upstream dependencies and produce a verifiable stage output.","2","2","0","1","2","3","3","3","Longer source or a larger patch, combined with no executable repository tests, makes reproduction reasoning and verification demanding."
"adult_ml:V15:baseline_model","adult_ml","15","baseline_model","ml","1","2.5","{""missing_fraction"": 0.008824372466319971, ""positive_fraction"": 0.23928176569346055, ""records"": 48842}","{""age_band"": 4, ""description"": ""Adult classification subgroup defined by empirical age and weekly-hours quartiles."", ""hours_per_week_band"": 4, ""missing_fraction"": 0.006622, ""positive_fraction"": 0.513599, ""records"": 2537, ""stratum"": ""age_q4_hours_q4"", ""variant"": 15}","Perform stage 'baseline_model' requiring skill 'ml' for the adult_ml variant described in variant_context. Respect 1 upstream dependencies and produce a verifiable stage output.","1","1","1","1","1","2","2","4","Baseline fitting on a single subgroup requires a standard model choice and routine metric checks."
"adult_ml:V14:clean_feature","adult_ml","14","clean_feature","data","1","2.5","{""missing_fraction"": 0.008824372466319971, ""positive_fraction"": 0.23928176569346055, ""records"": 48842}","{""age_band"": 4, ""description"": ""Adult classification subgroup defined by empirical age and weekly-hours quartiles."", ""hours_per_week_band"": 3, ""missing_fraction"": 0.005839, ""positive_fraction"": 0.470588, ""records"": 765, ""stratum"": ""age_q4_hours_q3"", ""variant"": 14}","Perform stage 'clean_feature' requiring skill 'data' for the adult_ml variant described in variant_context. Respect 1 upstream dependencies and produce a verifiable stage output.","1","0","1","1","1","2","3","4","Cleaning and feature work on a single subgroup uses one upstream artifact and routine checks."
"beijing_ml:V09:baseline_model","beijing_ml","9","baseline_model","ml","1","3.0","{""missing_fraction"": 0.009774058652538005, ""records"": 420768, ""stations"": 12}","{""description"": ""Beijing air-quality regression/time-series stratum with chronological validation required."", ""missing_pollutant_fraction"": 0.024265, ""pm25_median"": 59.0, ""records"": 35064, ""scope"": ""single_station"", ""stations"": 1, ""stratum"": ""station_Tiantan"", ""variant"": 9}","Perform stage 'baseline_model' requiring skill 'ml' for the beijing_ml variant described in variant_context. Respect 1 upstream dependencies and produce a verifiable stage output.","1","1","1","2","2","3","2","4","Baseline time-series modeling on one station requires leakage-safe chronological validation and rigorous metric checks."
"adult_ml:V12:evaluate","adult_ml","12","evaluate","test","2","2.0","{""missing_fraction"": 0.008824372466319971, ""positive_fraction"": 0.23928176569346055, ""records"": 48842}","{""age_band"": 4, ""description"": ""Adult classification subgroup defined by empirical age and weekly-hours quartiles."", ""hours_per_week_band"": 1, ""missing_fraction"": 0.015525, ""positive_fraction"": 0.260737, ""records"": 8219, ""stratum"": ""age_q4_hours_q1"", ""variant"": 12}","Perform stage 'evaluate' requiring skill 'test' for the adult_ml variant described in variant_context. Respect 2 upstream dependencies and produce a verifiable stage output.","1","1","2","2","2","3","3","4","Comparing two upstream model artifacts and validating metrics creates high coordination and verification burden."
"beijing_ml:V04:validate_load","beijing_ml","4","validate_load","data","0","1.8","{""missing_fraction"": 0.009774058652538005, ""records"": 420768, ""stations"": 12}","{""description"": ""Beijing air-quality regression/time-series stratum with chronological validation required."", ""missing_pollutant_fraction"": 0.02426, ""pm25_median"": 59.0, ""records"": 35064, ""scope"": ""single_station"", ""stations"": 1, ""stratum"": ""station_Guanyuan"", ""variant"": 4}","Perform stage 'validate_load' requiring skill 'data' for the beijing_ml variant described in variant_context. Respect 0 upstream dependencies and produce a verifiable stage output.","0","1","0","1","1","1","3","5","Single-station load validation is bounded, dependency-free, and objectively checkable."
"bugs2fix:V10:localise","bugs2fix","10","localise","analysis","1","2.8","{""absolute_length_delta"": {""p25"": 6.0, ""p50"": 16.0, ""p75"": 36.0, ""p95"": 80.0}, ""execution_note"": ""Normalized function pairs; not executable repository tests."", ""mean_source_length"": 138.4590616966581, ""records"": 46680, ""source_length"": {""p25"": 103.0, ""p50"": 137.0, ""p75"": 173.0, ""p95"": 215.0}, ""unequal_fraction"": 1.0}","{""description"": ""Normalized Java before/after function-pair stratum; no executable repository tests are available."", ""median_absolute_length_delta"": 25.0, ""median_source_characters"": 155.0, ""patch_delta_band"": 3, ""records"": 2968, ""source_length_band"": 3, ""stratum"": ""source_length_q3_patch_delta_q3"", ""variant"": 10}","Perform stage 'localise' requiring skill 'analysis' for the bugs2fix variant described in variant_context. Respect 1 upstream dependencies and produce a verifiable stage output.","2","1","1","2","2","3","3","3","Localising the defect across broader source or patch context without executable tests requires substantial inference."
"bugs2fix:V05:fix","bugs2fix","5","fix","code","1","3.5","{""absolute_length_delta"": {""p25"": 6.0, ""p50"": 16.0, ""p75"": 36.0, ""p95"": 80.0}, ""execution_note"": ""Normalized function pairs; not executable repository tests."", ""mean_source_length"": 138.4590616966581, ""records"": 46680, ""source_length"": {""p25"": 103.0, ""p50"": 137.0, ""p75"": 173.0, ""p95"": 215.0}, ""unequal_fraction"": 1.0}","{""description"": ""Normalized Java before/after function-pair stratum; no executable repository tests are available."", ""median_absolute_length_delta"": 10, ""median_source_characters"": 120, ""patch_delta_band"": 2, ""records"": 2735, ""source_length_band"": 2, ""stratum"": ""source_length_q2_patch_delta_q2"", ""variant"": 5}","Perform stage 'fix' requiring skill 'code' for the bugs2fix variant described in variant_context. Respect 1 upstream dependencies and produce a verifiable stage output.","2","1","1","2","2","3","3","3","Implementing a broader inferred patch without repository tests creates high reasoning and verification burden."
"beijing_ml:V02:eda","beijing_ml","2","eda","analysis","1","2.3","{""missing_fraction"": 0.009774058652538005, ""records"": 420768, ""stations"": 12}","{""description"": ""Beijing air-quality regression/time-series stratum with chronological validation required."", ""missing_pollutant_fraction"": 0.03149, ""pm25_median"": 41.0, ""records"": 35064, ""scope"": ""single_station"", ""stations"": 1, ""stratum"": ""station_Dingling"", ""variant"": 2}","Perform stage 'eda' requiring skill 'analysis' for the beijing_ml variant described in variant_context. Respect 1 upstream dependencies and produce a verifiable stage output.","1","1","1","1","1","2","2","4","Single-station temporal EDA is bounded, with conventional summaries and one dependency."
"bugs2fix:V14:report","bugs2fix","14","report","report","1","1.2","{""absolute_length_delta"": {""p25"": 6.0, ""p50"": 16.0, ""p75"": 36.0, ""p95"": 80.0}, ""execution_note"": ""Normalized function pairs; not executable repository tests."", ""mean_source_length"": 138.4590616966581, ""records"": 46680, ""source_length"": {""p25"": 103.0, ""p50"": 137.0, ""p75"": 173.0, ""p95"": 215.0}, ""unequal_fraction"": 1.0}","{""description"": ""Normalized Java before/after function-pair stratum; no executable repository tests are available."", ""median_absolute_length_delta"": 25, ""median_source_characters"": 193, ""patch_delta_band"": 3, ""records"": 2457, ""source_length_band"": 4, ""stratum"": ""source_length_q4_patch_delta_q3"", ""variant"": 14}","Perform stage 'report' requiring skill 'report' for the bugs2fix variant described in variant_context. Respect 1 upstream dependencies and produce a verifiable stage output.","1","1","1","0","1","2","1","3","Broader function context modestly increases synthesis burden, though reporting remains a single-artifact task."
"beijing_ml:V15:eda","beijing_ml","15","eda","analysis","1","2.3","{""missing_fraction"": 0.009774058652538005, ""records"": 420768, ""stations"": 12}","{""description"": ""Beijing air-quality regression/time-series stratum with chronological validation required."", ""missing_pollutant_fraction"": 0.032903, ""pm25_median"": 61.0, ""records"": 105984, ""scope"": ""multi_station_season"", ""stations"": 12, ""stratum"": ""all_stations_months_10_12"", ""variant"": 15}","Perform stage 'eda' requiring skill 'analysis' for the beijing_ml variant described in variant_context. Respect 1 upstream dependencies and produce a verifiable stage output.","1","2","1","2","1","3","2","4","EDA must coordinate seasonal patterns across twelve stations while preserving chronological interpretation."
"adult_ml:V13:evaluate","adult_ml","13","evaluate","test","2","2.0","{""missing_fraction"": 0.008824372466319971, ""positive_fraction"": 0.23928176569346055, ""records"": 48842}","{""age_band"": 4, ""description"": ""Adult classification subgroup defined by empirical age and weekly-hours quartiles."", ""hours_per_week_band"": 2, ""missing_fraction"": 0.0, ""positive_fraction"": 0.0, ""records"": 0, ""stratum"": ""age_q4_hours_q2"", ""variant"": 13}","Perform stage 'evaluate' requiring skill 'test' for the adult_ml variant described in variant_context. Respect 2 upstream dependencies and produce a verifiable stage output.","2","0","2","2","2","3","2","4","Two upstream artifacts plus an empty stratum make comparison semantics and verification difficult."
"adult_ml:V07:advanced_model","adult_ml","7","advanced_model","ml","1","3.5","{""missing_fraction"": 0.008824372466319971, ""positive_fraction"": 0.23928176569346055, ""records"": 48842}","{""age_band"": 2, ""description"": ""Adult classification subgroup defined by empirical age and weekly-hours quartiles."", ""hours_per_week_band"": 4, ""missing_fraction"": 0.002956, ""positive_fraction"": 0.387161, ""records"": 3022, ""stratum"": ""age_q2_hours_q4"", ""variant"": 7}","Perform stage 'advanced_model' requiring skill 'ml' for the adult_ml variant described in variant_context. Respect 1 upstream dependencies and produce a verifiable stage output.","2","1","1","2","2","3","2","4","Advanced model selection, tuning, and robust validation create multi-step reasoning and verification burden."
"beijing_ml:V08:advanced_model","beijing_ml","8","advanced_model","ml","1","4.2","{""missing_fraction"": 0.009774058652538005, ""records"": 420768, ""stations"": 12}","{""description"": ""Beijing air-quality regression/time-series stratum with chronological validation required."", ""missing_pollutant_fraction"": 0.037023, ""pm25_median"": 55.0, ""records"": 35064, ""scope"": ""single_station"", ""stations"": 1, ""stratum"": ""station_Shunyi"", ""variant"": 8}","Perform stage 'advanced_model' requiring skill 'ml' for the beijing_ml variant described in variant_context. Respect 1 upstream dependencies and produce a verifiable stage output.","2","1","1","2","2","3","2","4","Advanced time-series modeling on one station combines method selection, tuning, and leakage-safe validation."
"bugs2fix:V09:regression_test","bugs2fix","9","regression_test","test","1","2.3","{""absolute_length_delta"": {""p25"": 6.0, ""p50"": 16.0, ""p75"": 36.0, ""p95"": 80.0}, ""execution_note"": ""Normalized function pairs; not executable repository tests."", ""mean_source_length"": 138.4590616966581, ""records"": 46680, ""source_length"": {""p25"": 103.0, ""p50"": 137.0, ""p75"": 173.0, ""p95"": 215.0}, ""unequal_fraction"": 1.0}","{""description"": ""Normalized Java before/after function-pair stratum; no executable repository tests are available."", ""median_absolute_length_delta"": 10, ""median_source_characters"": 155, ""patch_delta_band"": 2, ""records"": 2549, ""source_length_band"": 3, ""stratum"": ""source_length_q3_patch_delta_q2"", ""variant"": 9}","Perform stage 'regression_test' requiring skill 'test' for the bugs2fix variant described in variant_context. Respect 1 upstream dependencies and produce a verifiable stage output.","2","1","1","2","2","3","3","3","Designing regression evidence for broader changes without executable repository tests is operationally difficult."
"bugs2fix:V12:fix","bugs2fix","12","fix","code","1","3.5","{""absolute_length_delta"": {""p25"": 6.0, ""p50"": 16.0, ""p75"": 36.0, ""p95"": 80.0}, ""execution_note"": ""Normalized function pairs; not executable repository tests."", ""mean_source_length"": 138.4590616966581, ""records"": 46680, ""source_length"": {""p25"": 103.0, ""p50"": 137.0, ""p75"": 173.0, ""p95"": 215.0}, ""unequal_fraction"": 1.0}","{""description"": ""Normalized Java before/after function-pair stratum; no executable repository tests are available."", ""median_absolute_length_delta"": 1, ""median_source_characters"": 194, ""patch_delta_band"": 1, ""records"": 2853, ""source_length_band"": 4, ""stratum"": ""source_length_q4_patch_delta_q1"", ""variant"": 12}","Perform stage 'fix' requiring skill 'code' for the bugs2fix variant described in variant_context. Respect 1 upstream dependencies and produce a verifiable stage output.","2","2","1","1","2","3","3","3","Implementing a broader inferred patch without repository tests creates high reasoning and verification burden."
"beijing_ml:V03:evaluate","beijing_ml","3","evaluate","test","2","2.4","{""missing_fraction"": 0.009774058652538005, ""records"": 420768, ""stations"": 12}","{""description"": ""Beijing air-quality regression/time-series stratum with chronological validation required."", ""missing_pollutant_fraction"": 0.035307, ""pm25_median"": 61.0, ""records"": 35064, ""scope"": ""single_station"", ""stations"": 1, ""stratum"": ""station_Dongsi"", ""variant"": 3}","Perform stage 'evaluate' requiring skill 'test' for the beijing_ml variant described in variant_context. Respect 2 upstream dependencies and produce a verifiable stage output.","1","1","2","2","2","3","3","4","Evaluation coordinates two model artifacts and verifies chronological metrics across one station."
"adult_ml:V06:eda","adult_ml","6","eda","analysis","1","2.0","{""missing_fraction"": 0.008824372466319971, ""positive_fraction"": 0.23928176569346055, ""records"": 48842}","{""age_band"": 2, ""description"": ""Adult classification subgroup defined by empirical age and weekly-hours quartiles."", ""hours_per_week_band"": 3, ""missing_fraction"": 0.002818, ""positive_fraction"": 0.332373, ""records"": 1041, ""stratum"": ""age_q2_hours_q3"", ""variant"": 6}","Perform stage 'eda' requiring skill 'analysis' for the adult_ml variant described in variant_context. Respect 1 upstream dependencies and produce a verifiable stage output.","1","0","1","1","1","2","2","4","EDA on a single subgroup is bounded, with conventional summaries and one upstream artifact."
"adult_ml:V10:evaluate","adult_ml","10","evaluate","test","2","2.0","{""missing_fraction"": 0.008824372466319971, ""positive_fraction"": 0.23928176569346055, ""records"": 48842}","{""age_band"": 3, ""description"": ""Adult classification subgroup defined by empirical age and weekly-hours quartiles."", ""hours_per_week_band"": 3, ""missing_fraction"": 0.002217, ""positive_fraction"": 0.434783, ""records"": 1173, ""stratum"": ""age_q3_hours_q3"", ""variant"": 10}","Perform stage 'evaluate' requiring skill 'test' for the adult_ml variant described in variant_context. Respect 2 upstream dependencies and produce a verifiable stage output.","1","0","2","2","2","3","3","4","Comparing two upstream model artifacts and validating metrics creates high coordination and verification burden."
"bugs2fix:V02:report","bugs2fix","2","report","report","1","1.2","{""absolute_length_delta"": {""p25"": 6.0, ""p50"": 16.0, ""p75"": 36.0, ""p95"": 80.0}, ""execution_note"": ""Normalized function pairs; not executable repository tests."", ""mean_source_length"": 138.4590616966581, ""records"": 46680, ""source_length"": {""p25"": 103.0, ""p50"": 137.0, ""p75"": 173.0, ""p95"": 215.0}, ""unequal_fraction"": 1.0}","{""description"": ""Normalized Java before/after function-pair stratum; no executable repository tests are available."", ""median_absolute_length_delta"": 25, ""median_source_characters"": 85, ""patch_delta_band"": 3, ""records"": 3397, ""source_length_band"": 1, ""stratum"": ""source_length_q1_patch_delta_q3"", ""variant"": 2}","Perform stage 'report' requiring skill 'report' for the bugs2fix variant described in variant_context. Respect 1 upstream dependencies and produce a verifiable stage output.","1","0","1","0","1","1","1","3","Reporting one compact function-pair result is narrow and straightforward to check for completeness."
"beijing_ml:V02:validate_load","beijing_ml","2","validate_load","data","0","1.8","{""missing_fraction"": 0.009774058652538005, ""records"": 420768, ""stations"": 12}","{""description"": ""Beijing air-quality regression/time-series stratum with chronological validation required."", ""missing_pollutant_fraction"": 0.03149, ""pm25_median"": 41.0, ""records"": 35064, ""scope"": ""single_station"", ""stations"": 1, ""stratum"": ""station_Dingling"", ""variant"": 2}","Perform stage 'validate_load' requiring skill 'data' for the beijing_ml variant described in variant_context. Respect 0 upstream dependencies and produce a verifiable stage output.","0","1","0","1","1","1","3","5","Single-station load validation is bounded, dependency-free, and objectively checkable."
"beijing_ml:V11:report","beijing_ml","11","report","report","1","1.6","{""missing_fraction"": 0.009774058652538005, ""records"": 420768, ""stations"": 12}","{""description"": ""Beijing air-quality regression/time-series stratum with chronological validation required."", ""missing_pollutant_fraction"": 0.023661, ""pm25_median"": 60.0, ""records"": 35064, ""scope"": ""single_station"", ""stations"": 1, ""stratum"": ""station_Wanshouxigong"", ""variant"": 11}","Perform stage 'report' requiring skill 'report' for the beijing_ml variant described in variant_context. Respect 1 upstream dependencies and produce a verifiable stage output.","0","0","1","1","1","1","1","5","A single-station report is narrow, uses one artifact, and has straightforward completeness checks."
"adult_ml:V05:report","adult_ml","5","report","report","1","1.5","{""missing_fraction"": 0.008824372466319971, ""positive_fraction"": 0.23928176569346055, ""records"": 48842}","{""age_band"": 2, ""description"": ""Adult classification subgroup defined by empirical age and weekly-hours quartiles."", ""hours_per_week_band"": 2, ""missing_fraction"": 0.0, ""positive_fraction"": 0.0, ""records"": 0, ""stratum"": ""age_q2_hours_q2"", ""variant"": 5}","Perform stage 'report' requiring skill 'report' for the adult_ml variant described in variant_context. Respect 1 upstream dependencies and produce a verifiable stage output.","1","0","1","1","0","1","1","4","Reporting the empty-stratum disposition is narrow despite the unusual input condition."
"bugs2fix:V08:reproduce","bugs2fix","8","reproduce","test","0","2.0","{""absolute_length_delta"": {""p25"": 6.0, ""p50"": 16.0, ""p75"": 36.0, ""p95"": 80.0}, ""execution_note"": ""Normalized function pairs; not executable repository tests."", ""mean_source_length"": 138.4590616966581, ""records"": 46680, ""source_length"": {""p25"": 103.0, ""p50"": 137.0, ""p75"": 173.0, ""p95"": 215.0}, ""unequal_fraction"": 1.0}","{""description"": ""Normalized Java before/after function-pair stratum; no executable repository tests are available."", ""median_absolute_length_delta"": 1.0, ""median_source_characters"": 155.0, ""patch_delta_band"": 1, ""records"": 3012, ""source_length_band"": 3, ""stratum"": ""source_length_q3_patch_delta_q1"", ""variant"": 8}","Perform stage 'reproduce' requiring skill 'test' for the bugs2fix variant described in variant_context. Respect 0 upstream dependencies and produce a verifiable stage output.","2","1","0","1","2","2","3","3","Absent executable repository tests raises ambiguity and verification burden, but the function or patch context is bounded."
"beijing_ml:V12:baseline_model","beijing_ml","12","baseline_model","ml","1","3.0","{""missing_fraction"": 0.009774058652538005, ""records"": 420768, ""stations"": 12}","{""description"": ""Beijing air-quality regression/time-series stratum with chronological validation required."", ""missing_pollutant_fraction"": 0.021274, ""pm25_median"": 61.0, ""records"": 103968, ""scope"": ""multi_station_season"", ""stations"": 12, ""stratum"": ""all_stations_months_01_03"", ""variant"": 12}","Perform stage 'baseline_model' requiring skill 'ml' for the beijing_ml variant described in variant_context. Respect 1 upstream dependencies and produce a verifiable stage output.","1","2","1","2","2","3","2","4","Baseline time-series modeling on twelve-station seasonal data requires leakage-safe chronological validation and rigorous metric checks."
"beijing_ml:V14:validate_load","beijing_ml","14","validate_load","data","0","1.8","{""missing_fraction"": 0.009774058652538005, ""records"": 420768, ""stations"": 12}","{""description"": ""Beijing air-quality regression/time-series stratum with chronological validation required."", ""missing_pollutant_fraction"": 0.026987, ""pm25_median"": 49.0, ""records"": 105984, ""scope"": ""multi_station_season"", ""stations"": 12, ""stratum"": ""all_stations_months_07_09"", ""variant"": 14}","Perform stage 'validate_load' requiring skill 'data' for the beijing_ml variant described in variant_context. Respect 0 upstream dependencies and produce a verifiable stage output.","0","2","0","1","1","2","3","4","Validating twelve-station time-series coverage is broader, though checks remain objective and dependency-free."
"bugs2fix:V11:fix","bugs2fix","11","fix","code","1","3.5","{""absolute_length_delta"": {""p25"": 6.0, ""p50"": 16.0, ""p75"": 36.0, ""p95"": 80.0}, ""execution_note"": ""Normalized function pairs; not executable repository tests."", ""mean_source_length"": 138.4590616966581, ""records"": 46680, ""source_length"": {""p25"": 103.0, ""p50"": 137.0, ""p75"": 173.0, ""p95"": 215.0}, ""unequal_fraction"": 1.0}","{""description"": ""Normalized Java before/after function-pair stratum; no executable repository tests are available."", ""median_absolute_length_delta"": 57.0, ""median_source_characters"": 155.0, ""patch_delta_band"": 4, ""records"": 3242, ""source_length_band"": 3, ""stratum"": ""source_length_q3_patch_delta_q4"", ""variant"": 11}","Perform stage 'fix' requiring skill 'code' for the bugs2fix variant described in variant_context. Respect 1 upstream dependencies and produce a verifiable stage output.","2","1","1","2","2","3","3","3","Implementing a broader inferred patch without repository tests creates high reasoning and verification burden."
"beijing_ml:V14:eda","beijing_ml","14","eda","analysis","1","2.3","{""missing_fraction"": 0.009774058652538005, ""records"": 420768, ""stations"": 12}","{""description"": ""Beijing air-quality regression/time-series stratum with chronological validation required."", ""missing_pollutant_fraction"": 0.026987, ""pm25_median"": 49.0, ""records"": 105984, ""scope"": ""multi_station_season"", ""stations"": 12, ""stratum"": ""all_stations_months_07_09"", ""variant"": 14}","Perform stage 'eda' requiring skill 'analysis' for the beijing_ml variant described in variant_context. Respect 1 upstream dependencies and produce a verifiable stage output.","1","2","1","2","1","3","2","4","EDA must coordinate seasonal patterns across twelve stations while preserving chronological interpretation."
"beijing_ml:V12:validate_load","beijing_ml","12","validate_load","data","0","1.8","{""missing_fraction"": 0.009774058652538005, ""records"": 420768, ""stations"": 12}","{""description"": ""Beijing air-quality regression/time-series stratum with chronological validation required."", ""missing_pollutant_fraction"": 0.021274, ""pm25_median"": 61.0, ""records"": 103968, ""scope"": ""multi_station_season"", ""stations"": 12, ""stratum"": ""all_stations_months_01_03"", ""variant"": 12}","Perform stage 'validate_load' requiring skill 'data' for the beijing_ml variant described in variant_context. Respect 0 upstream dependencies and produce a verifiable stage output.","0","2","0","1","1","2","3","4","Validating twelve-station time-series coverage is broader, though checks remain objective and dependency-free."
"adult_ml:V00:baseline_model","adult_ml","0","baseline_model","ml","1","2.5","{""missing_fraction"": 0.008824372466319971, ""positive_fraction"": 0.23928176569346055, ""records"": 48842}","{""age_band"": 1, ""description"": ""Adult classification subgroup defined by empirical age and weekly-hours quartiles."", ""hours_per_week_band"": 1, ""missing_fraction"": 0.014549, ""positive_fraction"": 0.025718, ""records"": 10965, ""stratum"": ""age_q1_hours_q1"", ""variant"": 0}","Perform stage 'baseline_model' requiring skill 'ml' for the adult_ml variant described in variant_context. Respect 1 upstream dependencies and produce a verifiable stage output.","1","1","1","1","1","2","2","4","Baseline fitting on a larger subgroup requires a standard model choice and routine metric checks."
"adult_ml:V14:eda","adult_ml","14","eda","analysis","1","2.0","{""missing_fraction"": 0.008824372466319971, ""positive_fraction"": 0.23928176569346055, ""records"": 48842}","{""age_band"": 4, ""description"": ""Adult classification subgroup defined by empirical age and weekly-hours quartiles."", ""hours_per_week_band"": 3, ""missing_fraction"": 0.005839, ""positive_fraction"": 0.470588, ""records"": 765, ""stratum"": ""age_q4_hours_q3"", ""variant"": 14}","Perform stage 'eda' requiring skill 'analysis' for the adult_ml variant described in variant_context. Respect 1 upstream dependencies and produce a verifiable stage output.","1","0","1","1","1","2","2","4","EDA on a single subgroup is bounded, with conventional summaries and one upstream artifact."
"beijing_ml:V05:advanced_model","beijing_ml","5","advanced_model","ml","1","4.2","{""missing_fraction"": 0.009774058652538005, ""records"": 420768, ""stations"": 12}","{""description"": ""Beijing air-quality regression/time-series stratum with chronological validation required."", ""missing_pollutant_fraction"": 0.020591, ""pm25_median"": 60.0, ""records"": 35064, ""scope"": ""single_station"", ""stations"": 1, ""stratum"": ""station_Gucheng"", ""variant"": 5}","Perform stage 'advanced_model' requiring skill 'ml' for the beijing_ml variant described in variant_context. Respect 1 upstream dependencies and produce a verifiable stage output.","2","1","1","2","2","3","2","4","Advanced time-series modeling on one station combines method selection, tuning, and leakage-safe validation."
"adult_ml:V07:evaluate","adult_ml","7","evaluate","test","2","2.0","{""missing_fraction"": 0.008824372466319971, ""positive_fraction"": 0.23928176569346055, ""records"": 48842}","{""age_band"": 2, ""description"": ""Adult classification subgroup defined by empirical age and weekly-hours quartiles."", ""hours_per_week_band"": 4, ""missing_fraction"": 0.002956, ""positive_fraction"": 0.387161, ""records"": 3022, ""stratum"": ""age_q2_hours_q4"", ""variant"": 7}","Perform stage 'evaluate' requiring skill 'test' for the adult_ml variant described in variant_context. Respect 2 upstream dependencies and produce a verifiable stage output.","1","1","2","2","2","3","3","4","Comparing two upstream model artifacts and validating metrics creates high coordination and verification burden."
"adult_ml:V02:evaluate","adult_ml","2","evaluate","test","2","2.0","{""missing_fraction"": 0.008824372466319971, ""positive_fraction"": 0.23928176569346055, ""records"": 48842}","{""age_band"": 1, ""description"": ""Adult classification subgroup defined by empirical age and weekly-hours quartiles."", ""hours_per_week_band"": 3, ""missing_fraction"": 0.008829, ""positive_fraction"": 0.110119, ""records"": 672, ""stratum"": ""age_q1_hours_q3"", ""variant"": 2}","Perform stage 'evaluate' requiring skill 'test' for the adult_ml variant described in variant_context. Respect 2 upstream dependencies and produce a verifiable stage output.","1","0","2","2","2","3","3","4","Comparing two upstream model artifacts and validating metrics creates high coordination and verification burden."
"adult_ml:V04:evaluate","adult_ml","4","evaluate","test","2","2.0","{""missing_fraction"": 0.008824372466319971, ""positive_fraction"": 0.23928176569346055, ""records"": 48842}","{""age_band"": 2, ""description"": ""Adult classification subgroup defined by empirical age and weekly-hours quartiles."", ""hours_per_week_band"": 1, ""missing_fraction"": 0.006011, ""positive_fraction"": 0.171414, ""records"": 7619, ""stratum"": ""age_q2_hours_q1"", ""variant"": 4}","Perform stage 'evaluate' requiring skill 'test' for the adult_ml variant described in variant_context. Respect 2 upstream dependencies and produce a verifiable stage output.","1","1","2","2","2","3","3","4","Comparing two upstream model artifacts and validating metrics creates high coordination and verification burden."
"bugs2fix:V12:report","bugs2fix","12","report","report","1","1.2","{""absolute_length_delta"": {""p25"": 6.0, ""p50"": 16.0, ""p75"": 36.0, ""p95"": 80.0}, ""execution_note"": ""Normalized function pairs; not executable repository tests."", ""mean_source_length"": 138.4590616966581, ""records"": 46680, ""source_length"": {""p25"": 103.0, ""p50"": 137.0, ""p75"": 173.0, ""p95"": 215.0}, ""unequal_fraction"": 1.0}","{""description"": ""Normalized Java before/after function-pair stratum; no executable repository tests are available."", ""median_absolute_length_delta"": 1, ""median_source_characters"": 194, ""patch_delta_band"": 1, ""records"": 2853, ""source_length_band"": 4, ""stratum"": ""source_length_q4_patch_delta_q1"", ""variant"": 12}","Perform stage 'report' requiring skill 'report' for the bugs2fix variant described in variant_context. Respect 1 upstream dependencies and produce a verifiable stage output.","1","1","1","0","1","2","1","3","Broader function context modestly increases synthesis burden, though reporting remains a single-artifact task."
"adult_ml:V05:validate_load","adult_ml","5","validate_load","data","0","1.5","{""missing_fraction"": 0.008824372466319971, ""positive_fraction"": 0.23928176569346055, ""records"": 48842}","{""age_band"": 2, ""description"": ""Adult classification subgroup defined by empirical age and weekly-hours quartiles."", ""hours_per_week_band"": 2, ""missing_fraction"": 0.0, ""positive_fraction"": 0.0, ""records"": 0, ""stratum"": ""age_q2_hours_q2"", ""variant"": 5}","Perform stage 'validate_load' requiring skill 'data' for the adult_ml variant described in variant_context. Respect 0 upstream dependencies and produce a verifiable stage output.","1","0","0","0","1","1","2","4","The zero-record stratum makes the load decision unusual, but detecting and documenting emptiness is bounded."
"beijing_ml:V02:report","beijing_ml","2","report","report","1","1.6","{""missing_fraction"": 0.009774058652538005, ""records"": 420768, ""stations"": 12}","{""description"": ""Beijing air-quality regression/time-series stratum with chronological validation required."", ""missing_pollutant_fraction"": 0.03149, ""pm25_median"": 41.0, ""records"": 35064, ""scope"": ""single_station"", ""stations"": 1, ""stratum"": ""station_Dingling"", ""variant"": 2}","Perform stage 'report' requiring skill 'report' for the beijing_ml variant described in variant_context. Respect 1 upstream dependencies and produce a verifiable stage output.","0","0","1","1","1","1","1","5","A single-station report is narrow, uses one artifact, and has straightforward completeness checks."
"beijing_ml:V08:evaluate","beijing_ml","8","evaluate","test","2","2.4","{""missing_fraction"": 0.009774058652538005, ""records"": 420768, ""stations"": 12}","{""description"": ""Beijing air-quality regression/time-series stratum with chronological validation required."", ""missing_pollutant_fraction"": 0.037023, ""pm25_median"": 55.0, ""records"": 35064, ""scope"": ""single_station"", ""stations"": 1, ""stratum"": ""station_Shunyi"", ""variant"": 8}","Perform stage 'evaluate' requiring skill 'test' for the beijing_ml variant described in variant_context. Respect 2 upstream dependencies and produce a verifiable stage output.","1","1","2","2","2","3","3","4","Evaluation coordinates two model artifacts and verifies chronological metrics across one station."
"adult_ml:V05:baseline_model","adult_ml","5","baseline_model","ml","1","2.5","{""missing_fraction"": 0.008824372466319971, ""positive_fraction"": 0.23928176569346055, ""records"": 48842}","{""age_band"": 2, ""description"": ""Adult classification subgroup defined by empirical age and weekly-hours quartiles."", ""hours_per_week_band"": 2, ""missing_fraction"": 0.0, ""positive_fraction"": 0.0, ""records"": 0, ""stratum"": ""age_q2_hours_q2"", ""variant"": 5}","Perform stage 'baseline_model' requiring skill 'ml' for the adult_ml variant described in variant_context. Respect 1 upstream dependencies and produce a verifiable stage output.","2","0","1","1","1","2","2","4","The empty stratum makes baseline fitting ill-posed; a defensible skip/fail artifact must be produced."
"adult_ml:V13:validate_load","adult_ml","13","validate_load","data","0","1.5","{""missing_fraction"": 0.008824372466319971, ""positive_fraction"": 0.23928176569346055, ""records"": 48842}","{""age_band"": 4, ""description"": ""Adult classification subgroup defined by empirical age and weekly-hours quartiles."", ""hours_per_week_band"": 2, ""missing_fraction"": 0.0, ""positive_fraction"": 0.0, ""records"": 0, ""stratum"": ""age_q4_hours_q2"", ""variant"": 13}","Perform stage 'validate_load' requiring skill 'data' for the adult_ml variant described in variant_context. Respect 0 upstream dependencies and produce a verifiable stage output.","1","0","0","0","1","1","2","4","The zero-record stratum makes the load decision unusual, but detecting and documenting emptiness is bounded."
"bugs2fix:V13:report","bugs2fix","13","report","report","1","1.2","{""absolute_length_delta"": {""p25"": 6.0, ""p50"": 16.0, ""p75"": 36.0, ""p95"": 80.0}, ""execution_note"": ""Normalized function pairs; not executable repository tests."", ""mean_source_length"": 138.4590616966581, ""records"": 46680, ""source_length"": {""p25"": 103.0, ""p50"": 137.0, ""p75"": 173.0, ""p95"": 215.0}, ""unequal_fraction"": 1.0}","{""description"": ""Normalized Java before/after function-pair stratum; no executable repository tests are available."", ""median_absolute_length_delta"": 10.0, ""median_source_characters"": 195.0, ""patch_delta_band"": 2, ""records"": 2506, ""source_length_band"": 4, ""stratum"": ""source_length_q4_patch_delta_q2"", ""variant"": 13}","Perform stage 'report' requiring skill 'report' for the bugs2fix variant described in variant_context. Respect 1 upstream dependencies and produce a verifiable stage output.","1","1","1","0","1","2","1","3","Broader function context modestly increases synthesis burden, though reporting remains a single-artifact task."
"bugs2fix:V03:regression_test","bugs2fix","3","regression_test","test","1","2.3","{""absolute_length_delta"": {""p25"": 6.0, ""p50"": 16.0, ""p75"": 36.0, ""p95"": 80.0}, ""execution_note"": ""Normalized function pairs; not executable repository tests."", ""mean_source_length"": 138.4590616966581, ""records"": 46680, ""source_length"": {""p25"": 103.0, ""p50"": 137.0, ""p75"": 173.0, ""p95"": 215.0}, ""unequal_fraction"": 1.0}","{""description"": ""Normalized Java before/after function-pair stratum; no executable repository tests are available."", ""median_absolute_length_delta"": 45.0, ""median_source_characters"": 89.0, ""patch_delta_band"": 4, ""records"": 1580, ""source_length_band"": 1, ""stratum"": ""source_length_q1_patch_delta_q4"", ""variant"": 3}","Perform stage 'regression_test' requiring skill 'test' for the bugs2fix variant described in variant_context. Respect 1 upstream dependencies and produce a verifiable stage output.","2","0","1","2","2","3","3","3","Designing regression evidence for broader changes without executable repository tests is operationally difficult."
"bugs2fix:V00:localise","bugs2fix","0","localise","analysis","1","2.8","{""absolute_length_delta"": {""p25"": 6.0, ""p50"": 16.0, ""p75"": 36.0, ""p95"": 80.0}, ""execution_note"": ""Normalized function pairs; not executable repository tests."", ""mean_source_length"": 138.4590616966581, ""records"": 46680, ""source_length"": {""p25"": 103.0, ""p50"": 137.0, ""p75"": 173.0, ""p95"": 215.0}, ""unequal_fraction"": 1.0}","{""description"": ""Normalized Java before/after function-pair stratum; no executable repository tests are available."", ""median_absolute_length_delta"": 1.0, ""median_source_characters"": 80.0, ""patch_delta_band"": 1, ""records"": 3536, ""source_length_band"": 1, ""stratum"": ""source_length_q1_patch_delta_q1"", ""variant"": 0}","Perform stage 'localise' requiring skill 'analysis' for the bugs2fix variant described in variant_context. Respect 1 upstream dependencies and produce a verifiable stage output.","2","0","1","1","2","2","3","3","Localisation lacks executable evidence, but compact source and patch context limit the search burden."
"adult_ml:V01:advanced_model","adult_ml","1","advanced_model","ml","1","3.5","{""missing_fraction"": 0.008824372466319971, ""positive_fraction"": 0.23928176569346055, ""records"": 48842}","{""age_band"": 1, ""description"": ""Adult classification subgroup defined by empirical age and weekly-hours quartiles."", ""hours_per_week_band"": 2, ""missing_fraction"": 0.0, ""positive_fraction"": 0.0, ""records"": 0, ""stratum"": ""age_q1_hours_q2"", ""variant"": 1}","Perform stage 'advanced_model' requiring skill 'ml' for the adult_ml variant described in variant_context. Respect 1 upstream dependencies and produce a verifiable stage output.","2","0","1","2","2","3","2","4","Advanced modeling is ill-posed on zero records, requiring careful fallback reasoning and validation."
"adult_ml:V02:report","adult_ml","2","report","report","1","1.5","{""missing_fraction"": 0.008824372466319971, ""positive_fraction"": 0.23928176569346055, ""records"": 48842}","{""age_band"": 1, ""description"": ""Adult classification subgroup defined by empirical age and weekly-hours quartiles."", ""hours_per_week_band"": 3, ""missing_fraction"": 0.008829, ""positive_fraction"": 0.110119, ""records"": 672, ""stratum"": ""age_q1_hours_q3"", ""variant"": 2}","Perform stage 'report' requiring skill 'report' for the adult_ml variant described in variant_context. Respect 1 upstream dependencies and produce a verifiable stage output.","0","0","1","1","0","1","1","5","A single-stratum report has narrow scope, one upstream artifact, and straightforward completeness checks."
"adult_ml:V07:validate_load","adult_ml","7","validate_load","data","0","1.5","{""missing_fraction"": 0.008824372466319971, ""positive_fraction"": 0.23928176569346055, ""records"": 48842}","{""age_band"": 2, ""description"": ""Adult classification subgroup defined by empirical age and weekly-hours quartiles."", ""hours_per_week_band"": 4, ""missing_fraction"": 0.002956, ""positive_fraction"": 0.387161, ""records"": 3022, ""stratum"": ""age_q2_hours_q4"", ""variant"": 7}","Perform stage 'validate_load' requiring skill 'data' for the adult_ml variant described in variant_context. Respect 0 upstream dependencies and produce a verifiable stage output.","0","0","0","0","1","1","3","5","Bounded subgroup load checks have no upstream dependency and objective schema and count validation."
"beijing_ml:V15:advanced_model","beijing_ml","15","advanced_model","ml","1","4.2","{""missing_fraction"": 0.009774058652538005, ""records"": 420768, ""stations"": 12}","{""description"": ""Beijing air-quality regression/time-series stratum with chronological validation required."", ""missing_pollutant_fraction"": 0.032903, ""pm25_median"": 61.0, ""records"": 105984, ""scope"": ""multi_station_season"", ""stations"": 12, ""stratum"": ""all_stations_months_10_12"", ""variant"": 15}","Perform stage 'advanced_model' requiring skill 'ml' for the beijing_ml variant described in variant_context. Respect 1 upstream dependencies and produce a verifiable stage output.","2","2","1","2","2","3","2","4","Advanced time-series modeling on twelve-station seasonal data combines method selection, tuning, and leakage-safe validation."
"beijing_ml:V13:eda","beijing_ml","13","eda","analysis","1","2.3","{""missing_fraction"": 0.009774058652538005, ""records"": 420768, ""stations"": 12}","{""description"": ""Beijing air-quality regression/time-series stratum with chronological validation required."", ""missing_pollutant_fraction"": 0.030124, ""pm25_median"": 54.0, ""records"": 104832, ""scope"": ""multi_station_season"", ""stations"": 12, ""stratum"": ""all_stations_months_04_06"", ""variant"": 13}","Perform stage 'eda' requiring skill 'analysis' for the beijing_ml variant described in variant_context. Respect 1 upstream dependencies and produce a verifiable stage output.","1","2","1","2","1","3","2","4","EDA must coordinate seasonal patterns across twelve stations while preserving chronological interpretation."
"beijing_ml:V06:clean_feature","beijing_ml","6","clean_feature","data","1","3.0","{""missing_fraction"": 0.009774058652538005, ""records"": 420768, ""stations"": 12}","{""description"": ""Beijing air-quality regression/time-series stratum with chronological validation required."", ""missing_pollutant_fraction"": 0.032902, ""pm25_median"": 47.0, ""records"": 35064, ""scope"": ""single_station"", ""stations"": 1, ""stratum"": ""station_Huairou"", ""variant"": 6}","Perform stage 'clean_feature' requiring skill 'data' for the beijing_ml variant described in variant_context. Respect 1 upstream dependencies and produce a verifiable stage output.","1","1","1","1","1","2","3","4","Single-station temporal cleaning and feature work has moderate scope and routine checks."
"adult_ml:V04:validate_load","adult_ml","4","validate_load","data","0","1.5","{""missing_fraction"": 0.008824372466319971, ""positive_fraction"": 0.23928176569346055, ""records"": 48842}","{""age_band"": 2, ""description"": ""Adult classification subgroup defined by empirical age and weekly-hours quartiles."", ""hours_per_week_band"": 1, ""missing_fraction"": 0.006011, ""positive_fraction"": 0.171414, ""records"": 7619, ""stratum"": ""age_q2_hours_q1"", ""variant"": 4}","Perform stage 'validate_load' requiring skill 'data' for the adult_ml variant described in variant_context. Respect 0 upstream dependencies and produce a verifiable stage output.","0","0","0","0","1","1","3","5","Bounded subgroup load checks have no upstream dependency and objective schema and count validation."
"bugs2fix:V00:reproduce","bugs2fix","0","reproduce","test","0","2.0","{""absolute_length_delta"": {""p25"": 6.0, ""p50"": 16.0, ""p75"": 36.0, ""p95"": 80.0}, ""execution_note"": ""Normalized function pairs; not executable repository tests."", ""mean_source_length"": 138.4590616966581, ""records"": 46680, ""source_length"": {""p25"": 103.0, ""p50"": 137.0, ""p75"": 173.0, ""p95"": 215.0}, ""unequal_fraction"": 1.0}","{""description"": ""Normalized Java before/after function-pair stratum; no executable repository tests are available."", ""median_absolute_length_delta"": 1.0, ""median_source_characters"": 80.0, ""patch_delta_band"": 1, ""records"": 3536, ""source_length_band"": 1, ""stratum"": ""source_length_q1_patch_delta_q1"", ""variant"": 0}","Perform stage 'reproduce' requiring skill 'test' for the bugs2fix variant described in variant_context. Respect 0 upstream dependencies and produce a verifiable stage output.","2","0","0","1","2","2","3","3","Absent executable repository tests raises ambiguity and verification burden, but the function or patch context is bounded."
"adult_ml:V10:report","adult_ml","10","report","report","1","1.5","{""missing_fraction"": 0.008824372466319971, ""positive_fraction"": 0.23928176569346055, ""records"": 48842}","{""age_band"": 3, ""description"": ""Adult classification subgroup defined by empirical age and weekly-hours quartiles."", ""hours_per_week_band"": 3, ""missing_fraction"": 0.002217, ""positive_fraction"": 0.434783, ""records"": 1173, ""stratum"": ""age_q3_hours_q3"", ""variant"": 10}","Perform stage 'report' requiring skill 'report' for the adult_ml variant described in variant_context. Respect 1 upstream dependencies and produce a verifiable stage output.","0","0","1","1","0","1","1","5","A single-stratum report has narrow scope, one upstream artifact, and straightforward completeness checks."
"beijing_ml:V07:validate_load","beijing_ml","7","validate_load","data","0","1.8","{""missing_fraction"": 0.009774058652538005, ""records"": 420768, ""stations"": 12}","{""description"": ""Beijing air-quality regression/time-series stratum with chronological validation required."", ""missing_pollutant_fraction"": 0.018623, ""pm25_median"": 59.0, ""records"": 35064, ""scope"": ""single_station"", ""stations"": 1, ""stratum"": ""station_Nongzhanguan"", ""variant"": 7}","Perform stage 'validate_load' requiring skill 'data' for the beijing_ml variant described in variant_context. Respect 0 upstream dependencies and produce a verifiable stage output.","0","1","0","1","1","1","3","5","Single-station load validation is bounded, dependency-free, and objectively checkable."
"adult_ml:V00:validate_load","adult_ml","0","validate_load","data","0","1.5","{""missing_fraction"": 0.008824372466319971, ""positive_fraction"": 0.23928176569346055, ""records"": 48842}","{""age_band"": 1, ""description"": ""Adult classification subgroup defined by empirical age and weekly-hours quartiles."", ""hours_per_week_band"": 1, ""missing_fraction"": 0.014549, ""positive_fraction"": 0.025718, ""records"": 10965, ""stratum"": ""age_q1_hours_q1"", ""variant"": 0}","Perform stage 'validate_load' requiring skill 'data' for the adult_ml variant described in variant_context. Respect 0 upstream dependencies and produce a verifiable stage output.","0","0","0","0","1","1","3","5","Bounded subgroup load checks have no upstream dependency and objective schema and count validation."
"adult_ml:V12:eda","adult_ml","12","eda","analysis","1","2.0","{""missing_fraction"": 0.008824372466319971, ""positive_fraction"": 0.23928176569346055, ""records"": 48842}","{""age_band"": 4, ""description"": ""Adult classification subgroup defined by empirical age and weekly-hours quartiles."", ""hours_per_week_band"": 1, ""missing_fraction"": 0.015525, ""positive_fraction"": 0.260737, ""records"": 8219, ""stratum"": ""age_q4_hours_q1"", ""variant"": 12}","Perform stage 'eda' requiring skill 'analysis' for the adult_ml variant described in variant_context. Respect 1 upstream dependencies and produce a verifiable stage output.","1","1","1","1","1","2","2","4","EDA on a larger subgroup is bounded, with conventional summaries and one upstream artifact."
"adult_ml:V06:clean_feature","adult_ml","6","clean_feature","data","1","2.5","{""missing_fraction"": 0.008824372466319971, ""positive_fraction"": 0.23928176569346055, ""records"": 48842}","{""age_band"": 2, ""description"": ""Adult classification subgroup defined by empirical age and weekly-hours quartiles."", ""hours_per_week_band"": 3, ""missing_fraction"": 0.002818, ""positive_fraction"": 0.332373, ""records"": 1041, ""stratum"": ""age_q2_hours_q3"", ""variant"": 6}","Perform stage 'clean_feature' requiring skill 'data' for the adult_ml variant described in variant_context. Respect 1 upstream dependencies and produce a verifiable stage output.","1","0","1","1","1","2","3","4","Cleaning and feature work on a single subgroup uses one upstream artifact and routine checks."
"beijing_ml:V04:evaluate","beijing_ml","4","evaluate","test","2","2.4","{""missing_fraction"": 0.009774058652538005, ""records"": 420768, ""stations"": 12}","{""description"": ""Beijing air-quality regression/time-series stratum with chronological validation required."", ""missing_pollutant_fraction"": 0.02426, ""pm25_median"": 59.0, ""records"": 35064, ""scope"": ""single_station"", ""stations"": 1, ""stratum"": ""station_Guanyuan"", ""variant"": 4}","Perform stage 'evaluate' requiring skill 'test' for the beijing_ml variant described in variant_context. Respect 2 upstream dependencies and produce a verifiable stage output.","1","1","2","2","2","3","3","4","Evaluation coordinates two model artifacts and verifies chronological metrics across one station."
"beijing_ml:V02:evaluate","beijing_ml","2","evaluate","test","2","2.4","{""missing_fraction"": 0.009774058652538005, ""records"": 420768, ""stations"": 12}","{""description"": ""Beijing air-quality regression/time-series stratum with chronological validation required."", ""missing_pollutant_fraction"": 0.03149, ""pm25_median"": 41.0, ""records"": 35064, ""scope"": ""single_station"", ""stations"": 1, ""stratum"": ""station_Dingling"", ""variant"": 2}","Perform stage 'evaluate' requiring skill 'test' for the beijing_ml variant described in variant_context. Respect 2 upstream dependencies and produce a verifiable stage output.","1","1","2","2","2","3","3","4","Evaluation coordinates two model artifacts and verifies chronological metrics across one station."
"adult_ml:V05:eda","adult_ml","5","eda","analysis","1","2.0","{""missing_fraction"": 0.008824372466319971, ""positive_fraction"": 0.23928176569346055, ""records"": 48842}","{""age_band"": 2, ""description"": ""Adult classification subgroup defined by empirical age and weekly-hours quartiles."", ""hours_per_week_band"": 2, ""missing_fraction"": 0.0, ""positive_fraction"": 0.0, ""records"": 0, ""stratum"": ""age_q2_hours_q2"", ""variant"": 5}","Perform stage 'eda' requiring skill 'analysis' for the adult_ml variant described in variant_context. Respect 1 upstream dependencies and produce a verifiable stage output.","2","0","1","1","1","2","1","4","The empty stratum makes meaningful EDA impossible and requires an explicit, verifiable no-data disposition."
"beijing_ml:V03:validate_load","beijing_ml","3","validate_load","data","0","1.8","{""missing_fraction"": 0.009774058652538005, ""records"": 420768, ""stations"": 12}","{""description"": ""Beijing air-quality regression/time-series stratum with chronological validation required."", ""missing_pollutant_fraction"": 0.035307, ""pm25_median"": 61.0, ""records"": 35064, ""scope"": ""single_station"", ""stations"": 1, ""stratum"": ""station_Dongsi"", ""variant"": 3}","Perform stage 'validate_load' requiring skill 'data' for the beijing_ml variant described in variant_context. Respect 0 upstream dependencies and produce a verifiable stage output.","0","1","0","1","1","1","3","5","Single-station load validation is bounded, dependency-free, and objectively checkable."
"bugs2fix:V08:regression_test","bugs2fix","8","regression_test","test","1","2.3","{""absolute_length_delta"": {""p25"": 6.0, ""p50"": 16.0, ""p75"": 36.0, ""p95"": 80.0}, ""execution_note"": ""Normalized function pairs; not executable repository tests."", ""mean_source_length"": 138.4590616966581, ""records"": 46680, ""source_length"": {""p25"": 103.0, ""p50"": 137.0, ""p75"": 173.0, ""p95"": 215.0}, ""unequal_fraction"": 1.0}","{""description"": ""Normalized Java before/after function-pair stratum; no executable repository tests are available."", ""median_absolute_length_delta"": 1.0, ""median_source_characters"": 155.0, ""patch_delta_band"": 1, ""records"": 3012, ""source_length_band"": 3, ""stratum"": ""source_length_q3_patch_delta_q1"", ""variant"": 8}","Perform stage 'regression_test' requiring skill 'test' for the bugs2fix variant described in variant_context. Respect 1 upstream dependencies and produce a verifiable stage output.","2","1","1","1","2","3","3","3","Designing regression evidence for broader changes without executable repository tests is operationally difficult."
"bugs2fix:V08:report","bugs2fix","8","report","report","1","1.2","{""absolute_length_delta"": {""p25"": 6.0, ""p50"": 16.0, ""p75"": 36.0, ""p95"": 80.0}, ""execution_note"": ""Normalized function pairs; not executable repository tests."", ""mean_source_length"": 138.4590616966581, ""records"": 46680, ""source_length"": {""p25"": 103.0, ""p50"": 137.0, ""p75"": 173.0, ""p95"": 215.0}, ""unequal_fraction"": 1.0}","{""description"": ""Normalized Java before/after function-pair stratum; no executable repository tests are available."", ""median_absolute_length_delta"": 1.0, ""median_source_characters"": 155.0, ""patch_delta_band"": 1, ""records"": 3012, ""source_length_band"": 3, ""stratum"": ""source_length_q3_patch_delta_q1"", ""variant"": 8}","Perform stage 'report' requiring skill 'report' for the bugs2fix variant described in variant_context. Respect 1 upstream dependencies and produce a verifiable stage output.","1","1","1","0","1","2","1","3","Broader function context modestly increases synthesis burden, though reporting remains a single-artifact task."
"bugs2fix:V12:regression_test","bugs2fix","12","regression_test","test","1","2.3","{""absolute_length_delta"": {""p25"": 6.0, ""p50"": 16.0, ""p75"": 36.0, ""p95"": 80.0}, ""execution_note"": ""Normalized function pairs; not executable repository tests."", ""mean_source_length"": 138.4590616966581, ""records"": 46680, ""source_length"": {""p25"": 103.0, ""p50"": 137.0, ""p75"": 173.0, ""p95"": 215.0}, ""unequal_fraction"": 1.0}","{""description"": ""Normalized Java before/after function-pair stratum; no executable repository tests are available."", ""median_absolute_length_delta"": 1, ""median_source_characters"": 194, ""patch_delta_band"": 1, ""records"": 2853, ""source_length_band"": 4, ""stratum"": ""source_length_q4_patch_delta_q1"", ""variant"": 12}","Perform stage 'regression_test' requiring skill 'test' for the bugs2fix variant described in variant_context. Respect 1 upstream dependencies and produce a verifiable stage output.","2","2","1","1","2","3","3","3","Designing regression evidence for broader changes without executable repository tests is operationally difficult."
"adult_ml:V10:validate_load","adult_ml","10","validate_load","data","0","1.5","{""missing_fraction"": 0.008824372466319971, ""positive_fraction"": 0.23928176569346055, ""records"": 48842}","{""age_band"": 3, ""description"": ""Adult classification subgroup defined by empirical age and weekly-hours quartiles."", ""hours_per_week_band"": 3, ""missing_fraction"": 0.002217, ""positive_fraction"": 0.434783, ""records"": 1173, ""stratum"": ""age_q3_hours_q3"", ""variant"": 10}","Perform stage 'validate_load' requiring skill 'data' for the adult_ml variant described in variant_context. Respect 0 upstream dependencies and produce a verifiable stage output.","0","0","0","0","1","1","3","5","Bounded subgroup load checks have no upstream dependency and objective schema and count validation."
"bugs2fix:V12:reproduce","bugs2fix","12","reproduce","test","0","2.0","{""absolute_length_delta"": {""p25"": 6.0, ""p50"": 16.0, ""p75"": 36.0, ""p95"": 80.0}, ""execution_note"": ""Normalized function pairs; not executable repository tests."", ""mean_source_length"": 138.4590616966581, ""records"": 46680, ""source_length"": {""p25"": 103.0, ""p50"": 137.0, ""p75"": 173.0, ""p95"": 215.0}, ""unequal_fraction"": 1.0}","{""description"": ""Normalized Java before/after function-pair stratum; no executable repository tests are available."", ""median_absolute_length_delta"": 1, ""median_source_characters"": 194, ""patch_delta_band"": 1, ""records"": 2853, ""source_length_band"": 4, ""stratum"": ""source_length_q4_patch_delta_q1"", ""variant"": 12}","Perform stage 'reproduce' requiring skill 'test' for the bugs2fix variant described in variant_context. Respect 0 upstream dependencies and produce a verifiable stage output.","2","2","0","1","2","3","3","3","Longer source or a larger patch, combined with no executable repository tests, makes reproduction reasoning and verification demanding."
"adult_ml:V01:evaluate","adult_ml","1","evaluate","test","2","2.0","{""missing_fraction"": 0.008824372466319971, ""positive_fraction"": 0.23928176569346055, ""records"": 48842}","{""age_band"": 1, ""description"": ""Adult classification subgroup defined by empirical age and weekly-hours quartiles."", ""hours_per_week_band"": 2, ""missing_fraction"": 0.0, ""positive_fraction"": 0.0, ""records"": 0, ""stratum"": ""age_q1_hours_q2"", ""variant"": 1}","Perform stage 'evaluate' requiring skill 'test' for the adult_ml variant described in variant_context. Respect 2 upstream dependencies and produce a verifiable stage output.","2","0","2","2","2","3","2","4","Two upstream artifacts plus an empty stratum make comparison semantics and verification difficult."
"adult_ml:V12:clean_feature","adult_ml","12","clean_feature","data","1","2.5","{""missing_fraction"": 0.008824372466319971, ""positive_fraction"": 0.23928176569346055, ""records"": 48842}","{""age_band"": 4, ""description"": ""Adult classification subgroup defined by empirical age and weekly-hours quartiles."", ""hours_per_week_band"": 1, ""missing_fraction"": 0.015525, ""positive_fraction"": 0.260737, ""records"": 8219, ""stratum"": ""age_q4_hours_q1"", ""variant"": 12}","Perform stage 'clean_feature' requiring skill 'data' for the adult_ml variant described in variant_context. Respect 1 upstream dependencies and produce a verifiable stage output.","1","1","1","1","1","2","3","4","Cleaning and feature work on a larger subgroup uses one upstream artifact and routine checks."
"beijing_ml:V07:clean_feature","beijing_ml","7","clean_feature","data","1","3.0","{""missing_fraction"": 0.009774058652538005, ""records"": 420768, ""stations"": 12}","{""description"": ""Beijing air-quality regression/time-series stratum with chronological validation required."", ""missing_pollutant_fraction"": 0.018623, ""pm25_median"": 59.0, ""records"": 35064, ""scope"": ""single_station"", ""stations"": 1, ""stratum"": ""station_Nongzhanguan"", ""variant"": 7}","Perform stage 'clean_feature' requiring skill 'data' for the beijing_ml variant described in variant_context. Respect 1 upstream dependencies and produce a verifiable stage output.","1","1","1","1","1","2","3","4","Single-station temporal cleaning and feature work has moderate scope and routine checks."
"adult_ml:V03:clean_feature","adult_ml","3","clean_feature","data","1","2.5","{""missing_fraction"": 0.008824372466319971, ""positive_fraction"": 0.23928176569346055, ""records"": 48842}","{""age_band"": 1, ""description"": ""Adult classification subgroup defined by empirical age and weekly-hours quartiles."", ""hours_per_week_band"": 4, ""missing_fraction"": 0.006445, ""positive_fraction"": 0.116012, ""records"": 1655, ""stratum"": ""age_q1_hours_q4"", ""variant"": 3}","Perform stage 'clean_feature' requiring skill 'data' for the adult_ml variant described in variant_context. Respect 1 upstream dependencies and produce a verifiable stage output.","1","1","1","1","1","2","3","4","Cleaning and feature work on a single subgroup uses one upstream artifact and routine checks."
"beijing_ml:V08:clean_feature","beijing_ml","8","clean_feature","data","1","3.0","{""missing_fraction"": 0.009774058652538005, ""records"": 420768, ""stations"": 12}","{""description"": ""Beijing air-quality regression/time-series stratum with chronological validation required."", ""missing_pollutant_fraction"": 0.037023, ""pm25_median"": 55.0, ""records"": 35064, ""scope"": ""single_station"", ""stations"": 1, ""stratum"": ""station_Shunyi"", ""variant"": 8}","Perform stage 'clean_feature' requiring skill 'data' for the beijing_ml variant described in variant_context. Respect 1 upstream dependencies and produce a verifiable stage output.","1","1","1","1","1","2","3","4","Single-station temporal cleaning and feature work has moderate scope and routine checks."
"beijing_ml:V10:eda","beijing_ml","10","eda","analysis","1","2.3","{""missing_fraction"": 0.009774058652538005, ""records"": 420768, ""stations"": 12}","{""description"": ""Beijing air-quality regression/time-series stratum with chronological validation required."", ""missing_pollutant_fraction"": 0.029613, ""pm25_median"": 59.0, ""records"": 35064, ""scope"": ""single_station"", ""stations"": 1, ""stratum"": ""station_Wanliu"", ""variant"": 10}","Perform stage 'eda' requiring skill 'analysis' for the beijing_ml variant described in variant_context. Respect 1 upstream dependencies and produce a verifiable stage output.","1","1","1","1","1","2","2","4","Single-station temporal EDA is bounded, with conventional summaries and one dependency."
"beijing_ml:V09:evaluate","beijing_ml","9","evaluate","test","2","2.4","{""missing_fraction"": 0.009774058652538005, ""records"": 420768, ""stations"": 12}","{""description"": ""Beijing air-quality regression/time-series stratum with chronological validation required."", ""missing_pollutant_fraction"": 0.024265, ""pm25_median"": 59.0, ""records"": 35064, ""scope"": ""single_station"", ""stations"": 1, ""stratum"": ""station_Tiantan"", ""variant"": 9}","Perform stage 'evaluate' requiring skill 'test' for the beijing_ml variant described in variant_context. Respect 2 upstream dependencies and produce a verifiable stage output.","1","1","2","2","2","3","3","4","Evaluation coordinates two model artifacts and verifies chronological metrics across one station."
"bugs2fix:V15:localise","bugs2fix","15","localise","analysis","1","2.8","{""absolute_length_delta"": {""p25"": 6.0, ""p50"": 16.0, ""p75"": 36.0, ""p95"": 80.0}, ""execution_note"": ""Normalized function pairs; not executable repository tests."", ""mean_source_length"": 138.4590616966581, ""records"": 46680, ""source_length"": {""p25"": 103.0, ""p50"": 137.0, ""p75"": 173.0, ""p95"": 215.0}, ""unequal_fraction"": 1.0}","{""description"": ""Normalized Java before/after function-pair stratum; no executable repository tests are available."", ""median_absolute_length_delta"": 66, ""median_source_characters"": 196, ""patch_delta_band"": 4, ""records"": 3633, ""source_length_band"": 4, ""stratum"": ""source_length_q4_patch_delta_q4"", ""variant"": 15}","Perform stage 'localise' requiring skill 'analysis' for the bugs2fix variant described in variant_context. Respect 1 upstream dependencies and produce a verifiable stage output.","2","2","1","2","2","3","3","3","Localising the defect across broader source or patch context without executable tests requires substantial inference."
"adult_ml:V14:evaluate","adult_ml","14","evaluate","test","2","2.0","{""missing_fraction"": 0.008824372466319971, ""positive_fraction"": 0.23928176569346055, ""records"": 48842}","{""age_band"": 4, ""description"": ""Adult classification subgroup defined by empirical age and weekly-hours quartiles."", ""hours_per_week_band"": 3, ""missing_fraction"": 0.005839, ""positive_fraction"": 0.470588, ""records"": 765, ""stratum"": ""age_q4_hours_q3"", ""variant"": 14}","Perform stage 'evaluate' requiring skill 'test' for the adult_ml variant described in variant_context. Respect 2 upstream dependencies and produce a verifiable stage output.","1","0","2","2","2","3","3","4","Comparing two upstream model artifacts and validating metrics creates high coordination and verification burden."
"beijing_ml:V11:clean_feature","beijing_ml","11","clean_feature","data","1","3.0","{""missing_fraction"": 0.009774058652538005, ""records"": 420768, ""stations"": 12}","{""description"": ""Beijing air-quality regression/time-series stratum with chronological validation required."", ""missing_pollutant_fraction"": 0.023661, ""pm25_median"": 60.0, ""records"": 35064, ""scope"": ""single_station"", ""stations"": 1, ""stratum"": ""station_Wanshouxigong"", ""variant"": 11}","Perform stage 'clean_feature' requiring skill 'data' for the beijing_ml variant described in variant_context. Respect 1 upstream dependencies and produce a verifiable stage output.","1","1","1","1","1","2","3","4","Single-station temporal cleaning and feature work has moderate scope and routine checks."
"bugs2fix:V13:regression_test","bugs2fix","13","regression_test","test","1","2.3","{""absolute_length_delta"": {""p25"": 6.0, ""p50"": 16.0, ""p75"": 36.0, ""p95"": 80.0}, ""execution_note"": ""Normalized function pairs; not executable repository tests."", ""mean_source_length"": 138.4590616966581, ""records"": 46680, ""source_length"": {""p25"": 103.0, ""p50"": 137.0, ""p75"": 173.0, ""p95"": 215.0}, ""unequal_fraction"": 1.0}","{""description"": ""Normalized Java before/after function-pair stratum; no executable repository tests are available."", ""median_absolute_length_delta"": 10.0, ""median_source_characters"": 195.0, ""patch_delta_band"": 2, ""records"": 2506, ""source_length_band"": 4, ""stratum"": ""source_length_q4_patch_delta_q2"", ""variant"": 13}","Perform stage 'regression_test' requiring skill 'test' for the bugs2fix variant described in variant_context. Respect 1 upstream dependencies and produce a verifiable stage output.","2","2","1","2","2","3","3","3","Designing regression evidence for broader changes without executable repository tests is operationally difficult."
"bugs2fix:V09:report","bugs2fix","9","report","report","1","1.2","{""absolute_length_delta"": {""p25"": 6.0, ""p50"": 16.0, ""p75"": 36.0, ""p95"": 80.0}, ""execution_note"": ""Normalized function pairs; not executable repository tests."", ""mean_source_length"": 138.4590616966581, ""records"": 46680, ""source_length"": {""p25"": 103.0, ""p50"": 137.0, ""p75"": 173.0, ""p95"": 215.0}, ""unequal_fraction"": 1.0}","{""description"": ""Normalized Java before/after function-pair stratum; no executable repository tests are available."", ""median_absolute_length_delta"": 10, ""median_source_characters"": 155, ""patch_delta_band"": 2, ""records"": 2549, ""source_length_band"": 3, ""stratum"": ""source_length_q3_patch_delta_q2"", ""variant"": 9}","Perform stage 'report' requiring skill 'report' for the bugs2fix variant described in variant_context. Respect 1 upstream dependencies and produce a verifiable stage output.","1","1","1","0","1","2","1","3","Broader function context modestly increases synthesis burden, though reporting remains a single-artifact task."
"bugs2fix:V03:report","bugs2fix","3","report","report","1","1.2","{""absolute_length_delta"": {""p25"": 6.0, ""p50"": 16.0, ""p75"": 36.0, ""p95"": 80.0}, ""execution_note"": ""Normalized function pairs; not executable repository tests."", ""mean_source_length"": 138.4590616966581, ""records"": 46680, ""source_length"": {""p25"": 103.0, ""p50"": 137.0, ""p75"": 173.0, ""p95"": 215.0}, ""unequal_fraction"": 1.0}","{""description"": ""Normalized Java before/after function-pair stratum; no executable repository tests are available."", ""median_absolute_length_delta"": 45.0, ""median_source_characters"": 89.0, ""patch_delta_band"": 4, ""records"": 1580, ""source_length_band"": 1, ""stratum"": ""source_length_q1_patch_delta_q4"", ""variant"": 3}","Perform stage 'report' requiring skill 'report' for the bugs2fix variant described in variant_context. Respect 1 upstream dependencies and produce a verifiable stage output.","1","0","1","0","1","1","1","3","Reporting one compact function-pair result is narrow and straightforward to check for completeness."
"bugs2fix:V06:fix","bugs2fix","6","fix","code","1","3.5","{""absolute_length_delta"": {""p25"": 6.0, ""p50"": 16.0, ""p75"": 36.0, ""p95"": 80.0}, ""execution_note"": ""Normalized function pairs; not executable repository tests."", ""mean_source_length"": 138.4590616966581, ""records"": 46680, ""source_length"": {""p25"": 103.0, ""p50"": 137.0, ""p75"": 173.0, ""p95"": 215.0}, ""unequal_fraction"": 1.0}","{""description"": ""Normalized Java before/after function-pair stratum; no executable repository tests are available."", ""median_absolute_length_delta"": 26.0, ""median_source_characters"": 121.0, ""patch_delta_band"": 3, ""records"": 3224, ""source_length_band"": 2, ""stratum"": ""source_length_q2_patch_delta_q3"", ""variant"": 6}","Perform stage 'fix' requiring skill 'code' for the bugs2fix variant described in variant_context. Respect 1 upstream dependencies and produce a verifiable stage output.","2","1","1","2","2","3","3","3","Implementing a broader inferred patch without repository tests creates high reasoning and verification burden."
"adult_ml:V08:baseline_model","adult_ml","8","baseline_model","ml","1","2.5","{""missing_fraction"": 0.008824372466319971, ""positive_fraction"": 0.23928176569346055, ""records"": 48842}","{""age_band"": 3, ""description"": ""Adult classification subgroup defined by empirical age and weekly-hours quartiles."", ""hours_per_week_band"": 1, ""missing_fraction"": 0.004865, ""positive_fraction"": 0.288019, ""records"": 7687, ""stratum"": ""age_q3_hours_q1"", ""variant"": 8}","Perform stage 'baseline_model' requiring skill 'ml' for the adult_ml variant described in variant_context. Respect 1 upstream dependencies and produce a verifiable stage output.","1","1","1","1","1","2","2","4","Baseline fitting on a larger subgroup requires a standard model choice and routine metric checks."
"beijing_ml:V00:validate_load","beijing_ml","0","validate_load","data","0","1.8","{""missing_fraction"": 0.009774058652538005, ""records"": 420768, ""stations"": 12}","{""description"": ""Beijing air-quality regression/time-series stratum with chronological validation required."", ""missing_pollutant_fraction"": 0.033729, ""pm25_median"": 58.0, ""records"": 35064, ""scope"": ""single_station"", ""stations"": 1, ""stratum"": ""station_Aotizhongxin"", ""variant"": 0}","Perform stage 'validate_load' requiring skill 'data' for the beijing_ml variant described in variant_context. Respect 0 upstream dependencies and produce a verifiable stage output.","0","1","0","1","1","1","3","5","Single-station load validation is bounded, dependency-free, and objectively checkable."
"beijing_ml:V11:validate_load","beijing_ml","11","validate_load","data","0","1.8","{""missing_fraction"": 0.009774058652538005, ""records"": 420768, ""stations"": 12}","{""description"": ""Beijing air-quality regression/time-series stratum with chronological validation required."", ""missing_pollutant_fraction"": 0.023661, ""pm25_median"": 60.0, ""records"": 35064, ""scope"": ""single_station"", ""stations"": 1, ""stratum"": ""station_Wanshouxigong"", ""variant"": 11}","Perform stage 'validate_load' requiring skill 'data' for the beijing_ml variant described in variant_context. Respect 0 upstream dependencies and produce a verifiable stage output.","0","1","0","1","1","1","3","5","Single-station load validation is bounded, dependency-free, and objectively checkable."
"adult_ml:V12:validate_load","adult_ml","12","validate_load","data","0","1.5","{""missing_fraction"": 0.008824372466319971, ""positive_fraction"": 0.23928176569346055, ""records"": 48842}","{""age_band"": 4, ""description"": ""Adult classification subgroup defined by empirical age and weekly-hours quartiles."", ""hours_per_week_band"": 1, ""missing_fraction"": 0.015525, ""positive_fraction"": 0.260737, ""records"": 8219, ""stratum"": ""age_q4_hours_q1"", ""variant"": 12}","Perform stage 'validate_load' requiring skill 'data' for the adult_ml variant described in variant_context. Respect 0 upstream dependencies and produce a verifiable stage output.","0","0","0","0","1","1","3","5","Bounded subgroup load checks have no upstream dependency and objective schema and count validation."
"adult_ml:V13:clean_feature","adult_ml","13","clean_feature","data","1","2.5","{""missing_fraction"": 0.008824372466319971, ""positive_fraction"": 0.23928176569346055, ""records"": 48842}","{""age_band"": 4, ""description"": ""Adult classification subgroup defined by empirical age and weekly-hours quartiles."", ""hours_per_week_band"": 2, ""missing_fraction"": 0.0, ""positive_fraction"": 0.0, ""records"": 0, ""stratum"": ""age_q4_hours_q2"", ""variant"": 13}","Perform stage 'clean_feature' requiring skill 'data' for the adult_ml variant described in variant_context. Respect 1 upstream dependencies and produce a verifiable stage output.","2","0","1","1","1","2","2","4","The stratum has zero records, so skip/fail behavior is underspecified even though operational scope is small."
"adult_ml:V11:report","adult_ml","11","report","report","1","1.5","{""missing_fraction"": 0.008824372466319971, ""positive_fraction"": 0.23928176569346055, ""records"": 48842}","{""age_band"": 3, ""description"": ""Adult classification subgroup defined by empirical age and weekly-hours quartiles."", ""hours_per_week_band"": 4, ""missing_fraction"": 0.00239, ""positive_fraction"": 0.512475, ""records"": 3487, ""stratum"": ""age_q3_hours_q4"", ""variant"": 11}","Perform stage 'report' requiring skill 'report' for the adult_ml variant described in variant_context. Respect 1 upstream dependencies and produce a verifiable stage output.","0","0","1","1","0","1","1","5","A single-stratum report has narrow scope, one upstream artifact, and straightforward completeness checks."
"bugs2fix:V02:regression_test","bugs2fix","2","regression_test","test","1","2.3","{""absolute_length_delta"": {""p25"": 6.0, ""p50"": 16.0, ""p75"": 36.0, ""p95"": 80.0}, ""execution_note"": ""Normalized function pairs; not executable repository tests."", ""mean_source_length"": 138.4590616966581, ""records"": 46680, ""source_length"": {""p25"": 103.0, ""p50"": 137.0, ""p75"": 173.0, ""p95"": 215.0}, ""unequal_fraction"": 1.0}","{""description"": ""Normalized Java before/after function-pair stratum; no executable repository tests are available."", ""median_absolute_length_delta"": 25, ""median_source_characters"": 85, ""patch_delta_band"": 3, ""records"": 3397, ""source_length_band"": 1, ""stratum"": ""source_length_q1_patch_delta_q3"", ""variant"": 2}","Perform stage 'regression_test' requiring skill 'test' for the bugs2fix variant described in variant_context. Respect 1 upstream dependencies and produce a verifiable stage output.","2","0","1","2","2","3","3","3","Designing regression evidence for broader changes without executable repository tests is operationally difficult."
"adult_ml:V10:eda","adult_ml","10","eda","analysis","1","2.0","{""missing_fraction"": 0.008824372466319971, ""positive_fraction"": 0.23928176569346055, ""records"": 48842}","{""age_band"": 3, ""description"": ""Adult classification subgroup defined by empirical age and weekly-hours quartiles."", ""hours_per_week_band"": 3, ""missing_fraction"": 0.002217, ""positive_fraction"": 0.434783, ""records"": 1173, ""stratum"": ""age_q3_hours_q3"", ""variant"": 10}","Perform stage 'eda' requiring skill 'analysis' for the adult_ml variant described in variant_context. Respect 1 upstream dependencies and produce a verifiable stage output.","1","0","1","1","1","2","2","4","EDA on a single subgroup is bounded, with conventional summaries and one upstream artifact."
"adult_ml:V00:eda","adult_ml","0","eda","analysis","1","2.0","{""missing_fraction"": 0.008824372466319971, ""positive_fraction"": 0.23928176569346055, ""records"": 48842}","{""age_band"": 1, ""description"": ""Adult classification subgroup defined by empirical age and weekly-hours quartiles."", ""hours_per_week_band"": 1, ""missing_fraction"": 0.014549, ""positive_fraction"": 0.025718, ""records"": 10965, ""stratum"": ""age_q1_hours_q1"", ""variant"": 0}","Perform stage 'eda' requiring skill 'analysis' for the adult_ml variant described in variant_context. Respect 1 upstream dependencies and produce a verifiable stage output.","1","1","1","1","1","2","2","4","EDA on a larger subgroup is bounded, with conventional summaries and one upstream artifact."
"adult_ml:V07:clean_feature","adult_ml","7","clean_feature","data","1","2.5","{""missing_fraction"": 0.008824372466319971, ""positive_fraction"": 0.23928176569346055, ""records"": 48842}","{""age_band"": 2, ""description"": ""Adult classification subgroup defined by empirical age and weekly-hours quartiles."", ""hours_per_week_band"": 4, ""missing_fraction"": 0.002956, ""positive_fraction"": 0.387161, ""records"": 3022, ""stratum"": ""age_q2_hours_q4"", ""variant"": 7}","Perform stage 'clean_feature' requiring skill 'data' for the adult_ml variant described in variant_context. Respect 1 upstream dependencies and produce a verifiable stage output.","1","1","1","1","1","2","3","4","Cleaning and feature work on a single subgroup uses one upstream artifact and routine checks."
"adult_ml:V03:evaluate","adult_ml","3","evaluate","test","2","2.0","{""missing_fraction"": 0.008824372466319971, ""positive_fraction"": 0.23928176569346055, ""records"": 48842}","{""age_band"": 1, ""description"": ""Adult classification subgroup defined by empirical age and weekly-hours quartiles."", ""hours_per_week_band"": 4, ""missing_fraction"": 0.006445, ""positive_fraction"": 0.116012, ""records"": 1655, ""stratum"": ""age_q1_hours_q4"", ""variant"": 3}","Perform stage 'evaluate' requiring skill 'test' for the adult_ml variant described in variant_context. Respect 2 upstream dependencies and produce a verifiable stage output.","1","1","2","2","2","3","3","4","Comparing two upstream model artifacts and validating metrics creates high coordination and verification burden."
"adult_ml:V00:advanced_model","adult_ml","0","advanced_model","ml","1","3.5","{""missing_fraction"": 0.008824372466319971, ""positive_fraction"": 0.23928176569346055, ""records"": 48842}","{""age_band"": 1, ""description"": ""Adult classification subgroup defined by empirical age and weekly-hours quartiles."", ""hours_per_week_band"": 1, ""missing_fraction"": 0.014549, ""positive_fraction"": 0.025718, ""records"": 10965, ""stratum"": ""age_q1_hours_q1"", ""variant"": 0}","Perform stage 'advanced_model' requiring skill 'ml' for the adult_ml variant described in variant_context. Respect 1 upstream dependencies and produce a verifiable stage output.","2","1","1","2","2","3","2","4","Advanced model selection, tuning, and robust validation create multi-step reasoning and verification burden."
"bugs2fix:V07:fix","bugs2fix","7","fix","code","1","3.5","{""absolute_length_delta"": {""p25"": 6.0, ""p50"": 16.0, ""p75"": 36.0, ""p95"": 80.0}, ""execution_note"": ""Normalized function pairs; not executable repository tests."", ""mean_source_length"": 138.4590616966581, ""records"": 46680, ""source_length"": {""p25"": 103.0, ""p50"": 137.0, ""p75"": 173.0, ""p95"": 215.0}, ""unequal_fraction"": 1.0}","{""description"": ""Normalized Java before/after function-pair stratum; no executable repository tests are available."", ""median_absolute_length_delta"": 50, ""median_source_characters"": 122, ""patch_delta_band"": 4, ""records"": 2793, ""source_length_band"": 2, ""stratum"": ""source_length_q2_patch_delta_q4"", ""variant"": 7}","Perform stage 'fix' requiring skill 'code' for the bugs2fix variant described in variant_context. Respect 1 upstream dependencies and produce a verifiable stage output.","2","1","1","2","2","3","3","3","Implementing a broader inferred patch without repository tests creates high reasoning and verification burden."
"beijing_ml:V10:advanced_model","beijing_ml","10","advanced_model","ml","1","4.2","{""missing_fraction"": 0.009774058652538005, ""records"": 420768, ""stations"": 12}","{""description"": ""Beijing air-quality regression/time-series stratum with chronological validation required."", ""missing_pollutant_fraction"": 0.029613, ""pm25_median"": 59.0, ""records"": 35064, ""scope"": ""single_station"", ""stations"": 1, ""stratum"": ""station_Wanliu"", ""variant"": 10}","Perform stage 'advanced_model' requiring skill 'ml' for the beijing_ml variant described in variant_context. Respect 1 upstream dependencies and produce a verifiable stage output.","2","1","1","2","2","3","2","4","Advanced time-series modeling on one station combines method selection, tuning, and leakage-safe validation."
"beijing_ml:V09:advanced_model","beijing_ml","9","advanced_model","ml","1","4.2","{""missing_fraction"": 0.009774058652538005, ""records"": 420768, ""stations"": 12}","{""description"": ""Beijing air-quality regression/time-series stratum with chronological validation required."", ""missing_pollutant_fraction"": 0.024265, ""pm25_median"": 59.0, ""records"": 35064, ""scope"": ""single_station"", ""stations"": 1, ""stratum"": ""station_Tiantan"", ""variant"": 9}","Perform stage 'advanced_model' requiring skill 'ml' for the beijing_ml variant described in variant_context. Respect 1 upstream dependencies and produce a verifiable stage output.","2","1","1","2","2","3","2","4","Advanced time-series modeling on one station combines method selection, tuning, and leakage-safe validation."
"adult_ml:V15:clean_feature","adult_ml","15","clean_feature","data","1","2.5","{""missing_fraction"": 0.008824372466319971, ""positive_fraction"": 0.23928176569346055, ""records"": 48842}","{""age_band"": 4, ""description"": ""Adult classification subgroup defined by empirical age and weekly-hours quartiles."", ""hours_per_week_band"": 4, ""missing_fraction"": 0.006622, ""positive_fraction"": 0.513599, ""records"": 2537, ""stratum"": ""age_q4_hours_q4"", ""variant"": 15}","Perform stage 'clean_feature' requiring skill 'data' for the adult_ml variant described in variant_context. Respect 1 upstream dependencies and produce a verifiable stage output.","1","1","1","1","1","2","3","4","Cleaning and feature work on a single subgroup uses one upstream artifact and routine checks."
"beijing_ml:V15:report","beijing_ml","15","report","report","1","1.6","{""missing_fraction"": 0.009774058652538005, ""records"": 420768, ""stations"": 12}","{""description"": ""Beijing air-quality regression/time-series stratum with chronological validation required."", ""missing_pollutant_fraction"": 0.032903, ""pm25_median"": 61.0, ""records"": 105984, ""scope"": ""multi_station_season"", ""stations"": 12, ""stratum"": ""all_stations_months_10_12"", ""variant"": 15}","Perform stage 'report' requiring skill 'report' for the beijing_ml variant described in variant_context. Respect 1 upstream dependencies and produce a verifiable stage output.","0","1","1","1","1","2","1","4","Synthesizing twelve stations is broader than a routine report but still follows one upstream artifact."
"beijing_ml:V02:advanced_model","beijing_ml","2","advanced_model","ml","1","4.2","{""missing_fraction"": 0.009774058652538005, ""records"": 420768, ""stations"": 12}","{""description"": ""Beijing air-quality regression/time-series stratum with chronological validation required."", ""missing_pollutant_fraction"": 0.03149, ""pm25_median"": 41.0, ""records"": 35064, ""scope"": ""single_station"", ""stations"": 1, ""stratum"": ""station_Dingling"", ""variant"": 2}","Perform stage 'advanced_model' requiring skill 'ml' for the beijing_ml variant described in variant_context. Respect 1 upstream dependencies and produce a verifiable stage output.","2","1","1","2","2","3","2","4","Advanced time-series modeling on one station combines method selection, tuning, and leakage-safe validation."
"adult_ml:V05:clean_feature","adult_ml","5","clean_feature","data","1","2.5","{""missing_fraction"": 0.008824372466319971, ""positive_fraction"": 0.23928176569346055, ""records"": 48842}","{""age_band"": 2, ""description"": ""Adult classification subgroup defined by empirical age and weekly-hours quartiles."", ""hours_per_week_band"": 2, ""missing_fraction"": 0.0, ""positive_fraction"": 0.0, ""records"": 0, ""stratum"": ""age_q2_hours_q2"", ""variant"": 5}","Perform stage 'clean_feature' requiring skill 'data' for the adult_ml variant described in variant_context. Respect 1 upstream dependencies and produce a verifiable stage output.","2","0","1","1","1","2","2","4","The stratum has zero records, so skip/fail behavior is underspecified even though operational scope is small."
"adult_ml:V10:advanced_model","adult_ml","10","advanced_model","ml","1","3.5","{""missing_fraction"": 0.008824372466319971, ""positive_fraction"": 0.23928176569346055, ""records"": 48842}","{""age_band"": 3, ""description"": ""Adult classification subgroup defined by empirical age and weekly-hours quartiles."", ""hours_per_week_band"": 3, ""missing_fraction"": 0.002217, ""positive_fraction"": 0.434783, ""records"": 1173, ""stratum"": ""age_q3_hours_q3"", ""variant"": 10}","Perform stage 'advanced_model' requiring skill 'ml' for the adult_ml variant described in variant_context. Respect 1 upstream dependencies and produce a verifiable stage output.","2","0","1","2","2","3","2","4","Advanced model selection, tuning, and robust validation create multi-step reasoning and verification burden."
"beijing_ml:V03:clean_feature","beijing_ml","3","clean_feature","data","1","3.0","{""missing_fraction"": 0.009774058652538005, ""records"": 420768, ""stations"": 12}","{""description"": ""Beijing air-quality regression/time-series stratum with chronological validation required."", ""missing_pollutant_fraction"": 0.035307, ""pm25_median"": 61.0, ""records"": 35064, ""scope"": ""single_station"", ""stations"": 1, ""stratum"": ""station_Dongsi"", ""variant"": 3}","Perform stage 'clean_feature' requiring skill 'data' for the beijing_ml variant described in variant_context. Respect 1 upstream dependencies and produce a verifiable stage output.","1","1","1","1","1","2","3","4","Single-station temporal cleaning and feature work has moderate scope and routine checks."
"adult_ml:V10:baseline_model","adult_ml","10","baseline_model","ml","1","2.5","{""missing_fraction"": 0.008824372466319971, ""positive_fraction"": 0.23928176569346055, ""records"": 48842}","{""age_band"": 3, ""description"": ""Adult classification subgroup defined by empirical age and weekly-hours quartiles."", ""hours_per_week_band"": 3, ""missing_fraction"": 0.002217, ""positive_fraction"": 0.434783, ""records"": 1173, ""stratum"": ""age_q3_hours_q3"", ""variant"": 10}","Perform stage 'baseline_model' requiring skill 'ml' for the adult_ml variant described in variant_context. Respect 1 upstream dependencies and produce a verifiable stage output.","1","0","1","1","1","2","2","4","Baseline fitting on a single subgroup requires a standard model choice and routine metric checks."
"beijing_ml:V05:report","beijing_ml","5","report","report","1","1.6","{""missing_fraction"": 0.009774058652538005, ""records"": 420768, ""stations"": 12}","{""description"": ""Beijing air-quality regression/time-series stratum with chronological validation required."", ""missing_pollutant_fraction"": 0.020591, ""pm25_median"": 60.0, ""records"": 35064, ""scope"": ""single_station"", ""stations"": 1, ""stratum"": ""station_Gucheng"", ""variant"": 5}","Perform stage 'report' requiring skill 'report' for the beijing_ml variant described in variant_context. Respect 1 upstream dependencies and produce a verifiable stage output.","0","0","1","1","1","1","1","5","A single-station report is narrow, uses one artifact, and has straightforward completeness checks."
"beijing_ml:V05:baseline_model","beijing_ml","5","baseline_model","ml","1","3.0","{""missing_fraction"": 0.009774058652538005, ""records"": 420768, ""stations"": 12}","{""description"": ""Beijing air-quality regression/time-series stratum with chronological validation required."", ""missing_pollutant_fraction"": 0.020591, ""pm25_median"": 60.0, ""records"": 35064, ""scope"": ""single_station"", ""stations"": 1, ""stratum"": ""station_Gucheng"", ""variant"": 5}","Perform stage 'baseline_model' requiring skill 'ml' for the beijing_ml variant described in variant_context. Respect 1 upstream dependencies and produce a verifiable stage output.","1","1","1","2","2","3","2","4","Baseline time-series modeling on one station requires leakage-safe chronological validation and rigorous metric checks."
"bugs2fix:V05:regression_test","bugs2fix","5","regression_test","test","1","2.3","{""absolute_length_delta"": {""p25"": 6.0, ""p50"": 16.0, ""p75"": 36.0, ""p95"": 80.0}, ""execution_note"": ""Normalized function pairs; not executable repository tests."", ""mean_source_length"": 138.4590616966581, ""records"": 46680, ""source_length"": {""p25"": 103.0, ""p50"": 137.0, ""p75"": 173.0, ""p95"": 215.0}, ""unequal_fraction"": 1.0}","{""description"": ""Normalized Java before/after function-pair stratum; no executable repository tests are available."", ""median_absolute_length_delta"": 10, ""median_source_characters"": 120, ""patch_delta_band"": 2, ""records"": 2735, ""source_length_band"": 2, ""stratum"": ""source_length_q2_patch_delta_q2"", ""variant"": 5}","Perform stage 'regression_test' requiring skill 'test' for the bugs2fix variant described in variant_context. Respect 1 upstream dependencies and produce a verifiable stage output.","2","1","1","2","2","3","3","3","Designing regression evidence for broader changes without executable repository tests is operationally difficult."
"beijing_ml:V07:evaluate","beijing_ml","7","evaluate","test","2","2.4","{""missing_fraction"": 0.009774058652538005, ""records"": 420768, ""stations"": 12}","{""description"": ""Beijing air-quality regression/time-series stratum with chronological validation required."", ""missing_pollutant_fraction"": 0.018623, ""pm25_median"": 59.0, ""records"": 35064, ""scope"": ""single_station"", ""stations"": 1, ""stratum"": ""station_Nongzhanguan"", ""variant"": 7}","Perform stage 'evaluate' requiring skill 'test' for the beijing_ml variant described in variant_context. Respect 2 upstream dependencies and produce a verifiable stage output.","1","1","2","2","2","3","3","4","Evaluation coordinates two model artifacts and verifies chronological metrics across one station."
"bugs2fix:V15:fix","bugs2fix","15","fix","code","1","3.5","{""absolute_length_delta"": {""p25"": 6.0, ""p50"": 16.0, ""p75"": 36.0, ""p95"": 80.0}, ""execution_note"": ""Normalized function pairs; not executable repository tests."", ""mean_source_length"": 138.4590616966581, ""records"": 46680, ""source_length"": {""p25"": 103.0, ""p50"": 137.0, ""p75"": 173.0, ""p95"": 215.0}, ""unequal_fraction"": 1.0}","{""description"": ""Normalized Java before/after function-pair stratum; no executable repository tests are available."", ""median_absolute_length_delta"": 66, ""median_source_characters"": 196, ""patch_delta_band"": 4, ""records"": 3633, ""source_length_band"": 4, ""stratum"": ""source_length_q4_patch_delta_q4"", ""variant"": 15}","Perform stage 'fix' requiring skill 'code' for the bugs2fix variant described in variant_context. Respect 1 upstream dependencies and produce a verifiable stage output.","2","2","1","2","2","3","3","3","Implementing a broader inferred patch without repository tests creates high reasoning and verification burden."
"adult_ml:V11:eda","adult_ml","11","eda","analysis","1","2.0","{""missing_fraction"": 0.008824372466319971, ""positive_fraction"": 0.23928176569346055, ""records"": 48842}","{""age_band"": 3, ""description"": ""Adult classification subgroup defined by empirical age and weekly-hours quartiles."", ""hours_per_week_band"": 4, ""missing_fraction"": 0.00239, ""positive_fraction"": 0.512475, ""records"": 3487, ""stratum"": ""age_q3_hours_q4"", ""variant"": 11}","Perform stage 'eda' requiring skill 'analysis' for the adult_ml variant described in variant_context. Respect 1 upstream dependencies and produce a verifiable stage output.","1","1","1","1","1","2","2","4","EDA on a single subgroup is bounded, with conventional summaries and one upstream artifact."
"beijing_ml:V03:eda","beijing_ml","3","eda","analysis","1","2.3","{""missing_fraction"": 0.009774058652538005, ""records"": 420768, ""stations"": 12}","{""description"": ""Beijing air-quality regression/time-series stratum with chronological validation required."", ""missing_pollutant_fraction"": 0.035307, ""pm25_median"": 61.0, ""records"": 35064, ""scope"": ""single_station"", ""stations"": 1, ""stratum"": ""station_Dongsi"", ""variant"": 3}","Perform stage 'eda' requiring skill 'analysis' for the beijing_ml variant described in variant_context. Respect 1 upstream dependencies and produce a verifiable stage output.","1","1","1","1","1","2","2","4","Single-station temporal EDA is bounded, with conventional summaries and one dependency."
"bugs2fix:V05:report","bugs2fix","5","report","report","1","1.2","{""absolute_length_delta"": {""p25"": 6.0, ""p50"": 16.0, ""p75"": 36.0, ""p95"": 80.0}, ""execution_note"": ""Normalized function pairs; not executable repository tests."", ""mean_source_length"": 138.4590616966581, ""records"": 46680, ""source_length"": {""p25"": 103.0, ""p50"": 137.0, ""p75"": 173.0, ""p95"": 215.0}, ""unequal_fraction"": 1.0}","{""description"": ""Normalized Java before/after function-pair stratum; no executable repository tests are available."", ""median_absolute_length_delta"": 10, ""median_source_characters"": 120, ""patch_delta_band"": 2, ""records"": 2735, ""source_length_band"": 2, ""stratum"": ""source_length_q2_patch_delta_q2"", ""variant"": 5}","Perform stage 'report' requiring skill 'report' for the bugs2fix variant described in variant_context. Respect 1 upstream dependencies and produce a verifiable stage output.","1","0","1","0","1","1","1","3","Reporting one compact function-pair result is narrow and straightforward to check for completeness."
"bugs2fix:V14:localise","bugs2fix","14","localise","analysis","1","2.8","{""absolute_length_delta"": {""p25"": 6.0, ""p50"": 16.0, ""p75"": 36.0, ""p95"": 80.0}, ""execution_note"": ""Normalized function pairs; not executable repository tests."", ""mean_source_length"": 138.4590616966581, ""records"": 46680, ""source_length"": {""p25"": 103.0, ""p50"": 137.0, ""p75"": 173.0, ""p95"": 215.0}, ""unequal_fraction"": 1.0}","{""description"": ""Normalized Java before/after function-pair stratum; no executable repository tests are available."", ""median_absolute_length_delta"": 25, ""median_source_characters"": 193, ""patch_delta_band"": 3, ""records"": 2457, ""source_length_band"": 4, ""stratum"": ""source_length_q4_patch_delta_q3"", ""variant"": 14}","Perform stage 'localise' requiring skill 'analysis' for the bugs2fix variant described in variant_context. Respect 1 upstream dependencies and produce a verifiable stage output.","2","2","1","2","2","3","3","3","Localising the defect across broader source or patch context without executable tests requires substantial inference."
"adult_ml:V15:evaluate","adult_ml","15","evaluate","test","2","2.0","{""missing_fraction"": 0.008824372466319971, ""positive_fraction"": 0.23928176569346055, ""records"": 48842}","{""age_band"": 4, ""description"": ""Adult classification subgroup defined by empirical age and weekly-hours quartiles."", ""hours_per_week_band"": 4, ""missing_fraction"": 0.006622, ""positive_fraction"": 0.513599, ""records"": 2537, ""stratum"": ""age_q4_hours_q4"", ""variant"": 15}","Perform stage 'evaluate' requiring skill 'test' for the adult_ml variant described in variant_context. Respect 2 upstream dependencies and produce a verifiable stage output.","1","1","2","2","2","3","3","4","Comparing two upstream model artifacts and validating metrics creates high coordination and verification burden."
"beijing_ml:V07:baseline_model","beijing_ml","7","baseline_model","ml","1","3.0","{""missing_fraction"": 0.009774058652538005, ""records"": 420768, ""stations"": 12}","{""description"": ""Beijing air-quality regression/time-series stratum with chronological validation required."", ""missing_pollutant_fraction"": 0.018623, ""pm25_median"": 59.0, ""records"": 35064, ""scope"": ""single_station"", ""stations"": 1, ""stratum"": ""station_Nongzhanguan"", ""variant"": 7}","Perform stage 'baseline_model' requiring skill 'ml' for the beijing_ml variant described in variant_context. Respect 1 upstream dependencies and produce a verifiable stage output.","1","1","1","2","2","3","2","4","Baseline time-series modeling on one station requires leakage-safe chronological validation and rigorous metric checks."
"adult_ml:V04:report","adult_ml","4","report","report","1","1.5","{""missing_fraction"": 0.008824372466319971, ""positive_fraction"": 0.23928176569346055, ""records"": 48842}","{""age_band"": 2, ""description"": ""Adult classification subgroup defined by empirical age and weekly-hours quartiles."", ""hours_per_week_band"": 1, ""missing_fraction"": 0.006011, ""positive_fraction"": 0.171414, ""records"": 7619, ""stratum"": ""age_q2_hours_q1"", ""variant"": 4}","Perform stage 'report' requiring skill 'report' for the adult_ml variant described in variant_context. Respect 1 upstream dependencies and produce a verifiable stage output.","0","0","1","1","0","1","1","5","A single-stratum report has narrow scope, one upstream artifact, and straightforward completeness checks."
"beijing_ml:V12:evaluate","beijing_ml","12","evaluate","test","2","2.4","{""missing_fraction"": 0.009774058652538005, ""records"": 420768, ""stations"": 12}","{""description"": ""Beijing air-quality regression/time-series stratum with chronological validation required."", ""missing_pollutant_fraction"": 0.021274, ""pm25_median"": 61.0, ""records"": 103968, ""scope"": ""multi_station_season"", ""stations"": 12, ""stratum"": ""all_stations_months_01_03"", ""variant"": 12}","Perform stage 'evaluate' requiring skill 'test' for the beijing_ml variant described in variant_context. Respect 2 upstream dependencies and produce a verifiable stage output.","1","2","2","2","2","3","3","4","Evaluation coordinates two model artifacts and verifies chronological metrics across twelve-station seasonal data."
"adult_ml:V15:advanced_model","adult_ml","15","advanced_model","ml","1","3.5","{""missing_fraction"": 0.008824372466319971, ""positive_fraction"": 0.23928176569346055, ""records"": 48842}","{""age_band"": 4, ""description"": ""Adult classification subgroup defined by empirical age and weekly-hours quartiles."", ""hours_per_week_band"": 4, ""missing_fraction"": 0.006622, ""positive_fraction"": 0.513599, ""records"": 2537, ""stratum"": ""age_q4_hours_q4"", ""variant"": 15}","Perform stage 'advanced_model' requiring skill 'ml' for the adult_ml variant described in variant_context. Respect 1 upstream dependencies and produce a verifiable stage output.","2","1","1","2","2","3","2","4","Advanced model selection, tuning, and robust validation create multi-step reasoning and verification burden."
"adult_ml:V13:report","adult_ml","13","report","report","1","1.5","{""missing_fraction"": 0.008824372466319971, ""positive_fraction"": 0.23928176569346055, ""records"": 48842}","{""age_band"": 4, ""description"": ""Adult classification subgroup defined by empirical age and weekly-hours quartiles."", ""hours_per_week_band"": 2, ""missing_fraction"": 0.0, ""positive_fraction"": 0.0, ""records"": 0, ""stratum"": ""age_q4_hours_q2"", ""variant"": 13}","Perform stage 'report' requiring skill 'report' for the adult_ml variant described in variant_context. Respect 1 upstream dependencies and produce a verifiable stage output.","1","0","1","1","0","1","1","4","Reporting the empty-stratum disposition is narrow despite the unusual input condition."
"beijing_ml:V04:clean_feature","beijing_ml","4","clean_feature","data","1","3.0","{""missing_fraction"": 0.009774058652538005, ""records"": 420768, ""stations"": 12}","{""description"": ""Beijing air-quality regression/time-series stratum with chronological validation required."", ""missing_pollutant_fraction"": 0.02426, ""pm25_median"": 59.0, ""records"": 35064, ""scope"": ""single_station"", ""stations"": 1, ""stratum"": ""station_Guanyuan"", ""variant"": 4}","Perform stage 'clean_feature' requiring skill 'data' for the beijing_ml variant described in variant_context. Respect 1 upstream dependencies and produce a verifiable stage output.","1","1","1","1","1","2","3","4","Single-station temporal cleaning and feature work has moderate scope and routine checks."
"beijing_ml:V12:advanced_model","beijing_ml","12","advanced_model","ml","1","4.2","{""missing_fraction"": 0.009774058652538005, ""records"": 420768, ""stations"": 12}","{""description"": ""Beijing air-quality regression/time-series stratum with chronological validation required."", ""missing_pollutant_fraction"": 0.021274, ""pm25_median"": 61.0, ""records"": 103968, ""scope"": ""multi_station_season"", ""stations"": 12, ""stratum"": ""all_stations_months_01_03"", ""variant"": 12}","Perform stage 'advanced_model' requiring skill 'ml' for the beijing_ml variant described in variant_context. Respect 1 upstream dependencies and produce a verifiable stage output.","2","2","1","2","2","3","2","4","Advanced time-series modeling on twelve-station seasonal data combines method selection, tuning, and leakage-safe validation."
"adult_ml:V02:validate_load","adult_ml","2","validate_load","data","0","1.5","{""missing_fraction"": 0.008824372466319971, ""positive_fraction"": 0.23928176569346055, ""records"": 48842}","{""age_band"": 1, ""description"": ""Adult classification subgroup defined by empirical age and weekly-hours quartiles."", ""hours_per_week_band"": 3, ""missing_fraction"": 0.008829, ""positive_fraction"": 0.110119, ""records"": 672, ""stratum"": ""age_q1_hours_q3"", ""variant"": 2}","Perform stage 'validate_load' requiring skill 'data' for the adult_ml variant described in variant_context. Respect 0 upstream dependencies and produce a verifiable stage output.","0","0","0","0","1","1","3","5","Bounded subgroup load checks have no upstream dependency and objective schema and count validation."
"beijing_ml:V06:baseline_model","beijing_ml","6","baseline_model","ml","1","3.0","{""missing_fraction"": 0.009774058652538005, ""records"": 420768, ""stations"": 12}","{""description"": ""Beijing air-quality regression/time-series stratum with chronological validation required."", ""missing_pollutant_fraction"": 0.032902, ""pm25_median"": 47.0, ""records"": 35064, ""scope"": ""single_station"", ""stations"": 1, ""stratum"": ""station_Huairou"", ""variant"": 6}","Perform stage 'baseline_model' requiring skill 'ml' for the beijing_ml variant described in variant_context. Respect 1 upstream dependencies and produce a verifiable stage output.","1","1","1","2","2","3","2","4","Baseline time-series modeling on one station requires leakage-safe chronological validation and rigorous metric checks."
"bugs2fix:V04:report","bugs2fix","4","report","report","1","1.2","{""absolute_length_delta"": {""p25"": 6.0, ""p50"": 16.0, ""p75"": 36.0, ""p95"": 80.0}, ""execution_note"": ""Normalized function pairs; not executable repository tests."", ""mean_source_length"": 138.4590616966581, ""records"": 46680, ""source_length"": {""p25"": 103.0, ""p50"": 137.0, ""p75"": 173.0, ""p95"": 215.0}, ""unequal_fraction"": 1.0}","{""description"": ""Normalized Java before/after function-pair stratum; no executable repository tests are available."", ""median_absolute_length_delta"": 1.0, ""median_source_characters"": 120.0, ""patch_delta_band"": 1, ""records"": 2736, ""source_length_band"": 2, ""stratum"": ""source_length_q2_patch_delta_q1"", ""variant"": 4}","Perform stage 'report' requiring skill 'report' for the bugs2fix variant described in variant_context. Respect 1 upstream dependencies and produce a verifiable stage output.","1","0","1","0","1","1","1","3","Reporting one compact function-pair result is narrow and straightforward to check for completeness."
"bugs2fix:V06:report","bugs2fix","6","report","report","1","1.2","{""absolute_length_delta"": {""p25"": 6.0, ""p50"": 16.0, ""p75"": 36.0, ""p95"": 80.0}, ""execution_note"": ""Normalized function pairs; not executable repository tests."", ""mean_source_length"": 138.4590616966581, ""records"": 46680, ""source_length"": {""p25"": 103.0, ""p50"": 137.0, ""p75"": 173.0, ""p95"": 215.0}, ""unequal_fraction"": 1.0}","{""description"": ""Normalized Java before/after function-pair stratum; no executable repository tests are available."", ""median_absolute_length_delta"": 26.0, ""median_source_characters"": 121.0, ""patch_delta_band"": 3, ""records"": 3224, ""source_length_band"": 2, ""stratum"": ""source_length_q2_patch_delta_q3"", ""variant"": 6}","Perform stage 'report' requiring skill 'report' for the bugs2fix variant described in variant_context. Respect 1 upstream dependencies and produce a verifiable stage output.","1","0","1","0","1","1","1","3","Reporting one compact function-pair result is narrow and straightforward to check for completeness."
"adult_ml:V04:clean_feature","adult_ml","4","clean_feature","data","1","2.5","{""missing_fraction"": 0.008824372466319971, ""positive_fraction"": 0.23928176569346055, ""records"": 48842}","{""age_band"": 2, ""description"": ""Adult classification subgroup defined by empirical age and weekly-hours quartiles."", ""hours_per_week_band"": 1, ""missing_fraction"": 0.006011, ""positive_fraction"": 0.171414, ""records"": 7619, ""stratum"": ""age_q2_hours_q1"", ""variant"": 4}","Perform stage 'clean_feature' requiring skill 'data' for the adult_ml variant described in variant_context. Respect 1 upstream dependencies and produce a verifiable stage output.","1","1","1","1","1","2","3","4","Cleaning and feature work on a larger subgroup uses one upstream artifact and routine checks."
"beijing_ml:V00:clean_feature","beijing_ml","0","clean_feature","data","1","3.0","{""missing_fraction"": 0.009774058652538005, ""records"": 420768, ""stations"": 12}","{""description"": ""Beijing air-quality regression/time-series stratum with chronological validation required."", ""missing_pollutant_fraction"": 0.033729, ""pm25_median"": 58.0, ""records"": 35064, ""scope"": ""single_station"", ""stations"": 1, ""stratum"": ""station_Aotizhongxin"", ""variant"": 0}","Perform stage 'clean_feature' requiring skill 'data' for the beijing_ml variant described in variant_context. Respect 1 upstream dependencies and produce a verifiable stage output.","1","1","1","1","1","2","3","4","Single-station temporal cleaning and feature work has moderate scope and routine checks."
"beijing_ml:V15:evaluate","beijing_ml","15","evaluate","test","2","2.4","{""missing_fraction"": 0.009774058652538005, ""records"": 420768, ""stations"": 12}","{""description"": ""Beijing air-quality regression/time-series stratum with chronological validation required."", ""missing_pollutant_fraction"": 0.032903, ""pm25_median"": 61.0, ""records"": 105984, ""scope"": ""multi_station_season"", ""stations"": 12, ""stratum"": ""all_stations_months_10_12"", ""variant"": 15}","Perform stage 'evaluate' requiring skill 'test' for the beijing_ml variant described in variant_context. Respect 2 upstream dependencies and produce a verifiable stage output.","1","2","2","2","2","3","3","4","Evaluation coordinates two model artifacts and verifies chronological metrics across twelve-station seasonal data."
"adult_ml:V00:evaluate","adult_ml","0","evaluate","test","2","2.0","{""missing_fraction"": 0.008824372466319971, ""positive_fraction"": 0.23928176569346055, ""records"": 48842}","{""age_band"": 1, ""description"": ""Adult classification subgroup defined by empirical age and weekly-hours quartiles."", ""hours_per_week_band"": 1, ""missing_fraction"": 0.014549, ""positive_fraction"": 0.025718, ""records"": 10965, ""stratum"": ""age_q1_hours_q1"", ""variant"": 0}","Perform stage 'evaluate' requiring skill 'test' for the adult_ml variant described in variant_context. Respect 2 upstream dependencies and produce a verifiable stage output.","1","1","2","2","2","3","3","4","Comparing two upstream model artifacts and validating metrics creates high coordination and verification burden."
"bugs2fix:V06:localise","bugs2fix","6","localise","analysis","1","2.8","{""absolute_length_delta"": {""p25"": 6.0, ""p50"": 16.0, ""p75"": 36.0, ""p95"": 80.0}, ""execution_note"": ""Normalized function pairs; not executable repository tests."", ""mean_source_length"": 138.4590616966581, ""records"": 46680, ""source_length"": {""p25"": 103.0, ""p50"": 137.0, ""p75"": 173.0, ""p95"": 215.0}, ""unequal_fraction"": 1.0}","{""description"": ""Normalized Java before/after function-pair stratum; no executable repository tests are available."", ""median_absolute_length_delta"": 26.0, ""median_source_characters"": 121.0, ""patch_delta_band"": 3, ""records"": 3224, ""source_length_band"": 2, ""stratum"": ""source_length_q2_patch_delta_q3"", ""variant"": 6}","Perform stage 'localise' requiring skill 'analysis' for the bugs2fix variant described in variant_context. Respect 1 upstream dependencies and produce a verifiable stage output.","2","1","1","2","2","3","3","3","Localising the defect across broader source or patch context without executable tests requires substantial inference."
"adult_ml:V14:report","adult_ml","14","report","report","1","1.5","{""missing_fraction"": 0.008824372466319971, ""positive_fraction"": 0.23928176569346055, ""records"": 48842}","{""age_band"": 4, ""description"": ""Adult classification subgroup defined by empirical age and weekly-hours quartiles."", ""hours_per_week_band"": 3, ""missing_fraction"": 0.005839, ""positive_fraction"": 0.470588, ""records"": 765, ""stratum"": ""age_q4_hours_q3"", ""variant"": 14}","Perform stage 'report' requiring skill 'report' for the adult_ml variant described in variant_context. Respect 1 upstream dependencies and produce a verifiable stage output.","0","0","1","1","0","1","1","5","A single-stratum report has narrow scope, one upstream artifact, and straightforward completeness checks."
"beijing_ml:V04:report","beijing_ml","4","report","report","1","1.6","{""missing_fraction"": 0.009774058652538005, ""records"": 420768, ""stations"": 12}","{""description"": ""Beijing air-quality regression/time-series stratum with chronological validation required."", ""missing_pollutant_fraction"": 0.02426, ""pm25_median"": 59.0, ""records"": 35064, ""scope"": ""single_station"", ""stations"": 1, ""stratum"": ""station_Guanyuan"", ""variant"": 4}","Perform stage 'report' requiring skill 'report' for the beijing_ml variant described in variant_context. Respect 1 upstream dependencies and produce a verifiable stage output.","0","0","1","1","1","1","1","5","A single-station report is narrow, uses one artifact, and has straightforward completeness checks."
"adult_ml:V01:report","adult_ml","1","report","report","1","1.5","{""missing_fraction"": 0.008824372466319971, ""positive_fraction"": 0.23928176569346055, ""records"": 48842}","{""age_band"": 1, ""description"": ""Adult classification subgroup defined by empirical age and weekly-hours quartiles."", ""hours_per_week_band"": 2, ""missing_fraction"": 0.0, ""positive_fraction"": 0.0, ""records"": 0, ""stratum"": ""age_q1_hours_q2"", ""variant"": 1}","Perform stage 'report' requiring skill 'report' for the adult_ml variant described in variant_context. Respect 1 upstream dependencies and produce a verifiable stage output.","1","0","1","1","0","1","1","4","Reporting the empty-stratum disposition is narrow despite the unusual input condition."
"beijing_ml:V09:eda","beijing_ml","9","eda","analysis","1","2.3","{""missing_fraction"": 0.009774058652538005, ""records"": 420768, ""stations"": 12}","{""description"": ""Beijing air-quality regression/time-series stratum with chronological validation required."", ""missing_pollutant_fraction"": 0.024265, ""pm25_median"": 59.0, ""records"": 35064, ""scope"": ""single_station"", ""stations"": 1, ""stratum"": ""station_Tiantan"", ""variant"": 9}","Perform stage 'eda' requiring skill 'analysis' for the beijing_ml variant described in variant_context. Respect 1 upstream dependencies and produce a verifiable stage output.","1","1","1","1","1","2","2","4","Single-station temporal EDA is bounded, with conventional summaries and one dependency."
"bugs2fix:V11:report","bugs2fix","11","report","report","1","1.2","{""absolute_length_delta"": {""p25"": 6.0, ""p50"": 16.0, ""p75"": 36.0, ""p95"": 80.0}, ""execution_note"": ""Normalized function pairs; not executable repository tests."", ""mean_source_length"": 138.4590616966581, ""records"": 46680, ""source_length"": {""p25"": 103.0, ""p50"": 137.0, ""p75"": 173.0, ""p95"": 215.0}, ""unequal_fraction"": 1.0}","{""description"": ""Normalized Java before/after function-pair stratum; no executable repository tests are available."", ""median_absolute_length_delta"": 57.0, ""median_source_characters"": 155.0, ""patch_delta_band"": 4, ""records"": 3242, ""source_length_band"": 3, ""stratum"": ""source_length_q3_patch_delta_q4"", ""variant"": 11}","Perform stage 'report' requiring skill 'report' for the bugs2fix variant described in variant_context. Respect 1 upstream dependencies and produce a verifiable stage output.","1","1","1","0","1","2","1","3","Broader function context modestly increases synthesis burden, though reporting remains a single-artifact task."
"bugs2fix:V09:reproduce","bugs2fix","9","reproduce","test","0","2.0","{""absolute_length_delta"": {""p25"": 6.0, ""p50"": 16.0, ""p75"": 36.0, ""p95"": 80.0}, ""execution_note"": ""Normalized function pairs; not executable repository tests."", ""mean_source_length"": 138.4590616966581, ""records"": 46680, ""source_length"": {""p25"": 103.0, ""p50"": 137.0, ""p75"": 173.0, ""p95"": 215.0}, ""unequal_fraction"": 1.0}","{""description"": ""Normalized Java before/after function-pair stratum; no executable repository tests are available."", ""median_absolute_length_delta"": 10, ""median_source_characters"": 155, ""patch_delta_band"": 2, ""records"": 2549, ""source_length_band"": 3, ""stratum"": ""source_length_q3_patch_delta_q2"", ""variant"": 9}","Perform stage 'reproduce' requiring skill 'test' for the bugs2fix variant described in variant_context. Respect 0 upstream dependencies and produce a verifiable stage output.","2","1","0","1","2","2","3","3","Absent executable repository tests raises ambiguity and verification burden, but the function or patch context is bounded."
"bugs2fix:V02:fix","bugs2fix","2","fix","code","1","3.5","{""absolute_length_delta"": {""p25"": 6.0, ""p50"": 16.0, ""p75"": 36.0, ""p95"": 80.0}, ""execution_note"": ""Normalized function pairs; not executable repository tests."", ""mean_source_length"": 138.4590616966581, ""records"": 46680, ""source_length"": {""p25"": 103.0, ""p50"": 137.0, ""p75"": 173.0, ""p95"": 215.0}, ""unequal_fraction"": 1.0}","{""description"": ""Normalized Java before/after function-pair stratum; no executable repository tests are available."", ""median_absolute_length_delta"": 25, ""median_source_characters"": 85, ""patch_delta_band"": 3, ""records"": 3397, ""source_length_band"": 1, ""stratum"": ""source_length_q1_patch_delta_q3"", ""variant"": 2}","Perform stage 'fix' requiring skill 'code' for the bugs2fix variant described in variant_context. Respect 1 upstream dependencies and produce a verifiable stage output.","2","0","1","2","2","3","3","3","Implementing a broader inferred patch without repository tests creates high reasoning and verification burden."
"beijing_ml:V04:eda","beijing_ml","4","eda","analysis","1","2.3","{""missing_fraction"": 0.009774058652538005, ""records"": 420768, ""stations"": 12}","{""description"": ""Beijing air-quality regression/time-series stratum with chronological validation required."", ""missing_pollutant_fraction"": 0.02426, ""pm25_median"": 59.0, ""records"": 35064, ""scope"": ""single_station"", ""stations"": 1, ""stratum"": ""station_Guanyuan"", ""variant"": 4}","Perform stage 'eda' requiring skill 'analysis' for the beijing_ml variant described in variant_context. Respect 1 upstream dependencies and produce a verifiable stage output.","1","1","1","1","1","2","2","4","Single-station temporal EDA is bounded, with conventional summaries and one dependency."
"beijing_ml:V15:baseline_model","beijing_ml","15","baseline_model","ml","1","3.0","{""missing_fraction"": 0.009774058652538005, ""records"": 420768, ""stations"": 12}","{""description"": ""Beijing air-quality regression/time-series stratum with chronological validation required."", ""missing_pollutant_fraction"": 0.032903, ""pm25_median"": 61.0, ""records"": 105984, ""scope"": ""multi_station_season"", ""stations"": 12, ""stratum"": ""all_stations_months_10_12"", ""variant"": 15}","Perform stage 'baseline_model' requiring skill 'ml' for the beijing_ml variant described in variant_context. Respect 1 upstream dependencies and produce a verifiable stage output.","1","2","1","2","2","3","2","4","Baseline time-series modeling on twelve-station seasonal data requires leakage-safe chronological validation and rigorous metric checks."
"adult_ml:V03:eda","adult_ml","3","eda","analysis","1","2.0","{""missing_fraction"": 0.008824372466319971, ""positive_fraction"": 0.23928176569346055, ""records"": 48842}","{""age_band"": 1, ""description"": ""Adult classification subgroup defined by empirical age and weekly-hours quartiles."", ""hours_per_week_band"": 4, ""missing_fraction"": 0.006445, ""positive_fraction"": 0.116012, ""records"": 1655, ""stratum"": ""age_q1_hours_q4"", ""variant"": 3}","Perform stage 'eda' requiring skill 'analysis' for the adult_ml variant described in variant_context. Respect 1 upstream dependencies and produce a verifiable stage output.","1","1","1","1","1","2","2","4","EDA on a single subgroup is bounded, with conventional summaries and one upstream artifact."
"bugs2fix:V10:regression_test","bugs2fix","10","regression_test","test","1","2.3","{""absolute_length_delta"": {""p25"": 6.0, ""p50"": 16.0, ""p75"": 36.0, ""p95"": 80.0}, ""execution_note"": ""Normalized function pairs; not executable repository tests."", ""mean_source_length"": 138.4590616966581, ""records"": 46680, ""source_length"": {""p25"": 103.0, ""p50"": 137.0, ""p75"": 173.0, ""p95"": 215.0}, ""unequal_fraction"": 1.0}","{""description"": ""Normalized Java before/after function-pair stratum; no executable repository tests are available."", ""median_absolute_length_delta"": 25.0, ""median_source_characters"": 155.0, ""patch_delta_band"": 3, ""records"": 2968, ""source_length_band"": 3, ""stratum"": ""source_length_q3_patch_delta_q3"", ""variant"": 10}","Perform stage 'regression_test' requiring skill 'test' for the bugs2fix variant described in variant_context. Respect 1 upstream dependencies and produce a verifiable stage output.","2","1","1","2","2","3","3","3","Designing regression evidence for broader changes without executable repository tests is operationally difficult."
"beijing_ml:V00:advanced_model","beijing_ml","0","advanced_model","ml","1","4.2","{""missing_fraction"": 0.009774058652538005, ""records"": 420768, ""stations"": 12}","{""description"": ""Beijing air-quality regression/time-series stratum with chronological validation required."", ""missing_pollutant_fraction"": 0.033729, ""pm25_median"": 58.0, ""records"": 35064, ""scope"": ""single_station"", ""stations"": 1, ""stratum"": ""station_Aotizhongxin"", ""variant"": 0}","Perform stage 'advanced_model' requiring skill 'ml' for the beijing_ml variant described in variant_context. Respect 1 upstream dependencies and produce a verifiable stage output.","2","1","1","2","2","3","2","4","Advanced time-series modeling on one station combines method selection, tuning, and leakage-safe validation."
"bugs2fix:V01:report","bugs2fix","1","report","report","1","1.2","{""absolute_length_delta"": {""p25"": 6.0, ""p50"": 16.0, ""p75"": 36.0, ""p95"": 80.0}, ""execution_note"": ""Normalized function pairs; not executable repository tests."", ""mean_source_length"": 138.4590616966581, ""records"": 46680, ""source_length"": {""p25"": 103.0, ""p50"": 137.0, ""p75"": 173.0, ""p95"": 215.0}, ""unequal_fraction"": 1.0}","{""description"": ""Normalized Java before/after function-pair stratum; no executable repository tests are available."", ""median_absolute_length_delta"": 10, ""median_source_characters"": 80, ""patch_delta_band"": 2, ""records"": 3459, ""source_length_band"": 1, ""stratum"": ""source_length_q1_patch_delta_q2"", ""variant"": 1}","Perform stage 'report' requiring skill 'report' for the bugs2fix variant described in variant_context. Respect 1 upstream dependencies and produce a verifiable stage output.","1","0","1","0","1","1","1","3","Reporting one compact function-pair result is narrow and straightforward to check for completeness."
"bugs2fix:V11:reproduce","bugs2fix","11","reproduce","test","0","2.0","{""absolute_length_delta"": {""p25"": 6.0, ""p50"": 16.0, ""p75"": 36.0, ""p95"": 80.0}, ""execution_note"": ""Normalized function pairs; not executable repository tests."", ""mean_source_length"": 138.4590616966581, ""records"": 46680, ""source_length"": {""p25"": 103.0, ""p50"": 137.0, ""p75"": 173.0, ""p95"": 215.0}, ""unequal_fraction"": 1.0}","{""description"": ""Normalized Java before/after function-pair stratum; no executable repository tests are available."", ""median_absolute_length_delta"": 57.0, ""median_source_characters"": 155.0, ""patch_delta_band"": 4, ""records"": 3242, ""source_length_band"": 3, ""stratum"": ""source_length_q3_patch_delta_q4"", ""variant"": 11}","Perform stage 'reproduce' requiring skill 'test' for the bugs2fix variant described in variant_context. Respect 0 upstream dependencies and produce a verifiable stage output.","2","1","0","2","2","3","3","3","Longer source or a larger patch, combined with no executable repository tests, makes reproduction reasoning and verification demanding."
"beijing_ml:V15:validate_load","beijing_ml","15","validate_load","data","0","1.8","{""missing_fraction"": 0.009774058652538005, ""records"": 420768, ""stations"": 12}","{""description"": ""Beijing air-quality regression/time-series stratum with chronological validation required."", ""missing_pollutant_fraction"": 0.032903, ""pm25_median"": 61.0, ""records"": 105984, ""scope"": ""multi_station_season"", ""stations"": 12, ""stratum"": ""all_stations_months_10_12"", ""variant"": 15}","Perform stage 'validate_load' requiring skill 'data' for the beijing_ml variant described in variant_context. Respect 0 upstream dependencies and produce a verifiable stage output.","0","2","0","1","1","2","3","4","Validating twelve-station time-series coverage is broader, though checks remain objective and dependency-free."
"adult_ml:V00:clean_feature","adult_ml","0","clean_feature","data","1","2.5","{""missing_fraction"": 0.008824372466319971, ""positive_fraction"": 0.23928176569346055, ""records"": 48842}","{""age_band"": 1, ""description"": ""Adult classification subgroup defined by empirical age and weekly-hours quartiles."", ""hours_per_week_band"": 1, ""missing_fraction"": 0.014549, ""positive_fraction"": 0.025718, ""records"": 10965, ""stratum"": ""age_q1_hours_q1"", ""variant"": 0}","Perform stage 'clean_feature' requiring skill 'data' for the adult_ml variant described in variant_context. Respect 1 upstream dependencies and produce a verifiable stage output.","1","1","1","1","1","2","3","4","Cleaning and feature work on a larger subgroup uses one upstream artifact and routine checks."
"adult_ml:V15:eda","adult_ml","15","eda","analysis","1","2.0","{""missing_fraction"": 0.008824372466319971, ""positive_fraction"": 0.23928176569346055, ""records"": 48842}","{""age_band"": 4, ""description"": ""Adult classification subgroup defined by empirical age and weekly-hours quartiles."", ""hours_per_week_band"": 4, ""missing_fraction"": 0.006622, ""positive_fraction"": 0.513599, ""records"": 2537, ""stratum"": ""age_q4_hours_q4"", ""variant"": 15}","Perform stage 'eda' requiring skill 'analysis' for the adult_ml variant described in variant_context. Respect 1 upstream dependencies and produce a verifiable stage output.","1","1","1","1","1","2","2","4","EDA on a single subgroup is bounded, with conventional summaries and one upstream artifact."
"beijing_ml:V07:eda","beijing_ml","7","eda","analysis","1","2.3","{""missing_fraction"": 0.009774058652538005, ""records"": 420768, ""stations"": 12}","{""description"": ""Beijing air-quality regression/time-series stratum with chronological validation required."", ""missing_pollutant_fraction"": 0.018623, ""pm25_median"": 59.0, ""records"": 35064, ""scope"": ""single_station"", ""stations"": 1, ""stratum"": ""station_Nongzhanguan"", ""variant"": 7}","Perform stage 'eda' requiring skill 'analysis' for the beijing_ml variant described in variant_context. Respect 1 upstream dependencies and produce a verifiable stage output.","1","1","1","1","1","2","2","4","Single-station temporal EDA is bounded, with conventional summaries and one dependency."
"beijing_ml:V00:report","beijing_ml","0","report","report","1","1.6","{""missing_fraction"": 0.009774058652538005, ""records"": 420768, ""stations"": 12}","{""description"": ""Beijing air-quality regression/time-series stratum with chronological validation required."", ""missing_pollutant_fraction"": 0.033729, ""pm25_median"": 58.0, ""records"": 35064, ""scope"": ""single_station"", ""stations"": 1, ""stratum"": ""station_Aotizhongxin"", ""variant"": 0}","Perform stage 'report' requiring skill 'report' for the beijing_ml variant described in variant_context. Respect 1 upstream dependencies and produce a verifiable stage output.","0","0","1","1","1","1","1","5","A single-station report is narrow, uses one artifact, and has straightforward completeness checks."
"beijing_ml:V06:validate_load","beijing_ml","6","validate_load","data","0","1.8","{""missing_fraction"": 0.009774058652538005, ""records"": 420768, ""stations"": 12}","{""description"": ""Beijing air-quality regression/time-series stratum with chronological validation required."", ""missing_pollutant_fraction"": 0.032902, ""pm25_median"": 47.0, ""records"": 35064, ""scope"": ""single_station"", ""stations"": 1, ""stratum"": ""station_Huairou"", ""variant"": 6}","Perform stage 'validate_load' requiring skill 'data' for the beijing_ml variant described in variant_context. Respect 0 upstream dependencies and produce a verifiable stage output.","0","1","0","1","1","1","3","5","Single-station load validation is bounded, dependency-free, and objectively checkable."
"adult_ml:V06:evaluate","adult_ml","6","evaluate","test","2","2.0","{""missing_fraction"": 0.008824372466319971, ""positive_fraction"": 0.23928176569346055, ""records"": 48842}","{""age_band"": 2, ""description"": ""Adult classification subgroup defined by empirical age and weekly-hours quartiles."", ""hours_per_week_band"": 3, ""missing_fraction"": 0.002818, ""positive_fraction"": 0.332373, ""records"": 1041, ""stratum"": ""age_q2_hours_q3"", ""variant"": 6}","Perform stage 'evaluate' requiring skill 'test' for the adult_ml variant described in variant_context. Respect 2 upstream dependencies and produce a verifiable stage output.","1","0","2","2","2","3","3","4","Comparing two upstream model artifacts and validating metrics creates high coordination and verification burden."
"adult_ml:V11:advanced_model","adult_ml","11","advanced_model","ml","1","3.5","{""missing_fraction"": 0.008824372466319971, ""positive_fraction"": 0.23928176569346055, ""records"": 48842}","{""age_band"": 3, ""description"": ""Adult classification subgroup defined by empirical age and weekly-hours quartiles."", ""hours_per_week_band"": 4, ""missing_fraction"": 0.00239, ""positive_fraction"": 0.512475, ""records"": 3487, ""stratum"": ""age_q3_hours_q4"", ""variant"": 11}","Perform stage 'advanced_model' requiring skill 'ml' for the adult_ml variant described in variant_context. Respect 1 upstream dependencies and produce a verifiable stage output.","2","1","1","2","2","3","2","4","Advanced model selection, tuning, and robust validation create multi-step reasoning and verification burden."
"bugs2fix:V01:fix","bugs2fix","1","fix","code","1","3.5","{""absolute_length_delta"": {""p25"": 6.0, ""p50"": 16.0, ""p75"": 36.0, ""p95"": 80.0}, ""execution_note"": ""Normalized function pairs; not executable repository tests."", ""mean_source_length"": 138.4590616966581, ""records"": 46680, ""source_length"": {""p25"": 103.0, ""p50"": 137.0, ""p75"": 173.0, ""p95"": 215.0}, ""unequal_fraction"": 1.0}","{""description"": ""Normalized Java before/after function-pair stratum; no executable repository tests are available."", ""median_absolute_length_delta"": 10, ""median_source_characters"": 80, ""patch_delta_band"": 2, ""records"": 3459, ""source_length_band"": 1, ""stratum"": ""source_length_q1_patch_delta_q2"", ""variant"": 1}","Perform stage 'fix' requiring skill 'code' for the bugs2fix variant described in variant_context. Respect 1 upstream dependencies and produce a verifiable stage output.","2","0","1","2","2","3","3","3","Implementing a broader inferred patch without repository tests creates high reasoning and verification burden."
"beijing_ml:V13:baseline_model","beijing_ml","13","baseline_model","ml","1","3.0","{""missing_fraction"": 0.009774058652538005, ""records"": 420768, ""stations"": 12}","{""description"": ""Beijing air-quality regression/time-series stratum with chronological validation required."", ""missing_pollutant_fraction"": 0.030124, ""pm25_median"": 54.0, ""records"": 104832, ""scope"": ""multi_station_season"", ""stations"": 12, ""stratum"": ""all_stations_months_04_06"", ""variant"": 13}","Perform stage 'baseline_model' requiring skill 'ml' for the beijing_ml variant described in variant_context. Respect 1 upstream dependencies and produce a verifiable stage output.","1","2","1","2","2","3","2","4","Baseline time-series modeling on twelve-station seasonal data requires leakage-safe chronological validation and rigorous metric checks."
"bugs2fix:V06:regression_test","bugs2fix","6","regression_test","test","1","2.3","{""absolute_length_delta"": {""p25"": 6.0, ""p50"": 16.0, ""p75"": 36.0, ""p95"": 80.0}, ""execution_note"": ""Normalized function pairs; not executable repository tests."", ""mean_source_length"": 138.4590616966581, ""records"": 46680, ""source_length"": {""p25"": 103.0, ""p50"": 137.0, ""p75"": 173.0, ""p95"": 215.0}, ""unequal_fraction"": 1.0}","{""description"": ""Normalized Java before/after function-pair stratum; no executable repository tests are available."", ""median_absolute_length_delta"": 26.0, ""median_source_characters"": 121.0, ""patch_delta_band"": 3, ""records"": 3224, ""source_length_band"": 2, ""stratum"": ""source_length_q2_patch_delta_q3"", ""variant"": 6}","Perform stage 'regression_test' requiring skill 'test' for the bugs2fix variant described in variant_context. Respect 1 upstream dependencies and produce a verifiable stage output.","2","1","1","2","2","3","3","3","Designing regression evidence for broader changes without executable repository tests is operationally difficult."
"adult_ml:V05:advanced_model","adult_ml","5","advanced_model","ml","1","3.5","{""missing_fraction"": 0.008824372466319971, ""positive_fraction"": 0.23928176569346055, ""records"": 48842}","{""age_band"": 2, ""description"": ""Adult classification subgroup defined by empirical age and weekly-hours quartiles."", ""hours_per_week_band"": 2, ""missing_fraction"": 0.0, ""positive_fraction"": 0.0, ""records"": 0, ""stratum"": ""age_q2_hours_q2"", ""variant"": 5}","Perform stage 'advanced_model' requiring skill 'ml' for the adult_ml variant described in variant_context. Respect 1 upstream dependencies and produce a verifiable stage output.","2","0","1","2","2","3","2","4","Advanced modeling is ill-posed on zero records, requiring careful fallback reasoning and validation."
"beijing_ml:V01:eda","beijing_ml","1","eda","analysis","1","2.3","{""missing_fraction"": 0.009774058652538005, ""records"": 420768, ""stations"": 12}","{""description"": ""Beijing air-quality regression/time-series stratum with chronological validation required."", ""missing_pollutant_fraction"": 0.022701, ""pm25_median"": 46.0, ""records"": 35064, ""scope"": ""single_station"", ""stations"": 1, ""stratum"": ""station_Changping"", ""variant"": 1}","Perform stage 'eda' requiring skill 'analysis' for the beijing_ml variant described in variant_context. Respect 1 upstream dependencies and produce a verifiable stage output.","1","1","1","1","1","2","2","4","Single-station temporal EDA is bounded, with conventional summaries and one dependency."
"bugs2fix:V11:localise","bugs2fix","11","localise","analysis","1","2.8","{""absolute_length_delta"": {""p25"": 6.0, ""p50"": 16.0, ""p75"": 36.0, ""p95"": 80.0}, ""execution_note"": ""Normalized function pairs; not executable repository tests."", ""mean_source_length"": 138.4590616966581, ""records"": 46680, ""source_length"": {""p25"": 103.0, ""p50"": 137.0, ""p75"": 173.0, ""p95"": 215.0}, ""unequal_fraction"": 1.0}","{""description"": ""Normalized Java before/after function-pair stratum; no executable repository tests are available."", ""median_absolute_length_delta"": 57.0, ""median_source_characters"": 155.0, ""patch_delta_band"": 4, ""records"": 3242, ""source_length_band"": 3, ""stratum"": ""source_length_q3_patch_delta_q4"", ""variant"": 11}","Perform stage 'localise' requiring skill 'analysis' for the bugs2fix variant described in variant_context. Respect 1 upstream dependencies and produce a verifiable stage output.","2","1","1","2","2","3","3","3","Localising the defect across broader source or patch context without executable tests requires substantial inference."
"adult_ml:V11:evaluate","adult_ml","11","evaluate","test","2","2.0","{""missing_fraction"": 0.008824372466319971, ""positive_fraction"": 0.23928176569346055, ""records"": 48842}","{""age_band"": 3, ""description"": ""Adult classification subgroup defined by empirical age and weekly-hours quartiles."", ""hours_per_week_band"": 4, ""missing_fraction"": 0.00239, ""positive_fraction"": 0.512475, ""records"": 3487, ""stratum"": ""age_q3_hours_q4"", ""variant"": 11}","Perform stage 'evaluate' requiring skill 'test' for the adult_ml variant described in variant_context. Respect 2 upstream dependencies and produce a verifiable stage output.","1","1","2","2","2","3","3","4","Comparing two upstream model artifacts and validating metrics creates high coordination and verification burden."
"beijing_ml:V12:clean_feature","beijing_ml","12","clean_feature","data","1","3.0","{""missing_fraction"": 0.009774058652538005, ""records"": 420768, ""stations"": 12}","{""description"": ""Beijing air-quality regression/time-series stratum with chronological validation required."", ""missing_pollutant_fraction"": 0.021274, ""pm25_median"": 61.0, ""records"": 103968, ""scope"": ""multi_station_season"", ""stations"": 12, ""stratum"": ""all_stations_months_01_03"", ""variant"": 12}","Perform stage 'clean_feature' requiring skill 'data' for the beijing_ml variant described in variant_context. Respect 1 upstream dependencies and produce a verifiable stage output.","1","2","1","2","2","3","3","4","Cross-station cleaning and feature alignment with chronological constraints impose high execution and verification burden."
"adult_ml:V08:clean_feature","adult_ml","8","clean_feature","data","1","2.5","{""missing_fraction"": 0.008824372466319971, ""positive_fraction"": 0.23928176569346055, ""records"": 48842}","{""age_band"": 3, ""description"": ""Adult classification subgroup defined by empirical age and weekly-hours quartiles."", ""hours_per_week_band"": 1, ""missing_fraction"": 0.004865, ""positive_fraction"": 0.288019, ""records"": 7687, ""stratum"": ""age_q3_hours_q1"", ""variant"": 8}","Perform stage 'clean_feature' requiring skill 'data' for the adult_ml variant described in variant_context. Respect 1 upstream dependencies and produce a verifiable stage output.","1","1","1","1","1","2","3","4","Cleaning and feature work on a larger subgroup uses one upstream artifact and routine checks."
"beijing_ml:V12:eda","beijing_ml","12","eda","analysis","1","2.3","{""missing_fraction"": 0.009774058652538005, ""records"": 420768, ""stations"": 12}","{""description"": ""Beijing air-quality regression/time-series stratum with chronological validation required."", ""missing_pollutant_fraction"": 0.021274, ""pm25_median"": 61.0, ""records"": 103968, ""scope"": ""multi_station_season"", ""stations"": 12, ""stratum"": ""all_stations_months_01_03"", ""variant"": 12}","Perform stage 'eda' requiring skill 'analysis' for the beijing_ml variant described in variant_context. Respect 1 upstream dependencies and produce a verifiable stage output.","1","2","1","2","1","3","2","4","EDA must coordinate seasonal patterns across twelve stations while preserving chronological interpretation."
"beijing_ml:V06:advanced_model","beijing_ml","6","advanced_model","ml","1","4.2","{""missing_fraction"": 0.009774058652538005, ""records"": 420768, ""stations"": 12}","{""description"": ""Beijing air-quality regression/time-series stratum with chronological validation required."", ""missing_pollutant_fraction"": 0.032902, ""pm25_median"": 47.0, ""records"": 35064, ""scope"": ""single_station"", ""stations"": 1, ""stratum"": ""station_Huairou"", ""variant"": 6}","Perform stage 'advanced_model' requiring skill 'ml' for the beijing_ml variant described in variant_context. Respect 1 upstream dependencies and produce a verifiable stage output.","2","1","1","2","2","3","2","4","Advanced time-series modeling on one station combines method selection, tuning, and leakage-safe validation."
"beijing_ml:V10:evaluate","beijing_ml","10","evaluate","test","2","2.4","{""missing_fraction"": 0.009774058652538005, ""records"": 420768, ""stations"": 12}","{""description"": ""Beijing air-quality regression/time-series stratum with chronological validation required."", ""missing_pollutant_fraction"": 0.029613, ""pm25_median"": 59.0, ""records"": 35064, ""scope"": ""single_station"", ""stations"": 1, ""stratum"": ""station_Wanliu"", ""variant"": 10}","Perform stage 'evaluate' requiring skill 'test' for the beijing_ml variant described in variant_context. Respect 2 upstream dependencies and produce a verifiable stage output.","1","1","2","2","2","3","3","4","Evaluation coordinates two model artifacts and verifies chronological metrics across one station."
"adult_ml:V04:eda","adult_ml","4","eda","analysis","1","2.0","{""missing_fraction"": 0.008824372466319971, ""positive_fraction"": 0.23928176569346055, ""records"": 48842}","{""age_band"": 2, ""description"": ""Adult classification subgroup defined by empirical age and weekly-hours quartiles."", ""hours_per_week_band"": 1, ""missing_fraction"": 0.006011, ""positive_fraction"": 0.171414, ""records"": 7619, ""stratum"": ""age_q2_hours_q1"", ""variant"": 4}","Perform stage 'eda' requiring skill 'analysis' for the adult_ml variant described in variant_context. Respect 1 upstream dependencies and produce a verifiable stage output.","1","1","1","1","1","2","2","4","EDA on a larger subgroup is bounded, with conventional summaries and one upstream artifact."
"beijing_ml:V03:advanced_model","beijing_ml","3","advanced_model","ml","1","4.2","{""missing_fraction"": 0.009774058652538005, ""records"": 420768, ""stations"": 12}","{""description"": ""Beijing air-quality regression/time-series stratum with chronological validation required."", ""missing_pollutant_fraction"": 0.035307, ""pm25_median"": 61.0, ""records"": 35064, ""scope"": ""single_station"", ""stations"": 1, ""stratum"": ""station_Dongsi"", ""variant"": 3}","Perform stage 'advanced_model' requiring skill 'ml' for the beijing_ml variant described in variant_context. Respect 1 upstream dependencies and produce a verifiable stage output.","2","1","1","2","2","3","2","4","Advanced time-series modeling on one station combines method selection, tuning, and leakage-safe validation."
"beijing_ml:V08:baseline_model","beijing_ml","8","baseline_model","ml","1","3.0","{""missing_fraction"": 0.009774058652538005, ""records"": 420768, ""stations"": 12}","{""description"": ""Beijing air-quality regression/time-series stratum with chronological validation required."", ""missing_pollutant_fraction"": 0.037023, ""pm25_median"": 55.0, ""records"": 35064, ""scope"": ""single_station"", ""stations"": 1, ""stratum"": ""station_Shunyi"", ""variant"": 8}","Perform stage 'baseline_model' requiring skill 'ml' for the beijing_ml variant described in variant_context. Respect 1 upstream dependencies and produce a verifiable stage output.","1","1","1","2","2","3","2","4","Baseline time-series modeling on one station requires leakage-safe chronological validation and rigorous metric checks."
"adult_ml:V04:advanced_model","adult_ml","4","advanced_model","ml","1","3.5","{""missing_fraction"": 0.008824372466319971, ""positive_fraction"": 0.23928176569346055, ""records"": 48842}","{""age_band"": 2, ""description"": ""Adult classification subgroup defined by empirical age and weekly-hours quartiles."", ""hours_per_week_band"": 1, ""missing_fraction"": 0.006011, ""positive_fraction"": 0.171414, ""records"": 7619, ""stratum"": ""age_q2_hours_q1"", ""variant"": 4}","Perform stage 'advanced_model' requiring skill 'ml' for the adult_ml variant described in variant_context. Respect 1 upstream dependencies and produce a verifiable stage output.","2","1","1","2","2","3","2","4","Advanced model selection, tuning, and robust validation create multi-step reasoning and verification burden."
"beijing_ml:V14:report","beijing_ml","14","report","report","1","1.6","{""missing_fraction"": 0.009774058652538005, ""records"": 420768, ""stations"": 12}","{""description"": ""Beijing air-quality regression/time-series stratum with chronological validation required."", ""missing_pollutant_fraction"": 0.026987, ""pm25_median"": 49.0, ""records"": 105984, ""scope"": ""multi_station_season"", ""stations"": 12, ""stratum"": ""all_stations_months_07_09"", ""variant"": 14}","Perform stage 'report' requiring skill 'report' for the beijing_ml variant described in variant_context. Respect 1 upstream dependencies and produce a verifiable stage output.","0","1","1","1","1","2","1","4","Synthesizing twelve stations is broader than a routine report but still follows one upstream artifact."
"bugs2fix:V09:fix","bugs2fix","9","fix","code","1","3.5","{""absolute_length_delta"": {""p25"": 6.0, ""p50"": 16.0, ""p75"": 36.0, ""p95"": 80.0}, ""execution_note"": ""Normalized function pairs; not executable repository tests."", ""mean_source_length"": 138.4590616966581, ""records"": 46680, ""source_length"": {""p25"": 103.0, ""p50"": 137.0, ""p75"": 173.0, ""p95"": 215.0}, ""unequal_fraction"": 1.0}","{""description"": ""Normalized Java before/after function-pair stratum; no executable repository tests are available."", ""median_absolute_length_delta"": 10, ""median_source_characters"": 155, ""patch_delta_band"": 2, ""records"": 2549, ""source_length_band"": 3, ""stratum"": ""source_length_q3_patch_delta_q2"", ""variant"": 9}","Perform stage 'fix' requiring skill 'code' for the bugs2fix variant described in variant_context. Respect 1 upstream dependencies and produce a verifiable stage output.","2","1","1","2","2","3","3","3","Implementing a broader inferred patch without repository tests creates high reasoning and verification burden."
"adult_ml:V02:baseline_model","adult_ml","2","baseline_model","ml","1","2.5","{""missing_fraction"": 0.008824372466319971, ""positive_fraction"": 0.23928176569346055, ""records"": 48842}","{""age_band"": 1, ""description"": ""Adult classification subgroup defined by empirical age and weekly-hours quartiles."", ""hours_per_week_band"": 3, ""missing_fraction"": 0.008829, ""positive_fraction"": 0.110119, ""records"": 672, ""stratum"": ""age_q1_hours_q3"", ""variant"": 2}","Perform stage 'baseline_model' requiring skill 'ml' for the adult_ml variant described in variant_context. Respect 1 upstream dependencies and produce a verifiable stage output.","1","0","1","1","1","2","2","4","Baseline fitting on a single subgroup requires a standard model choice and routine metric checks."
"beijing_ml:V09:report","beijing_ml","9","report","report","1","1.6","{""missing_fraction"": 0.009774058652538005, ""records"": 420768, ""stations"": 12}","{""description"": ""Beijing air-quality regression/time-series stratum with chronological validation required."", ""missing_pollutant_fraction"": 0.024265, ""pm25_median"": 59.0, ""records"": 35064, ""scope"": ""single_station"", ""stations"": 1, ""stratum"": ""station_Tiantan"", ""variant"": 9}","Perform stage 'report' requiring skill 'report' for the beijing_ml variant described in variant_context. Respect 1 upstream dependencies and produce a verifiable stage output.","0","0","1","1","1","1","1","5","A single-station report is narrow, uses one artifact, and has straightforward completeness checks."
"adult_ml:V03:report","adult_ml","3","report","report","1","1.5","{""missing_fraction"": 0.008824372466319971, ""positive_fraction"": 0.23928176569346055, ""records"": 48842}","{""age_band"": 1, ""description"": ""Adult classification subgroup defined by empirical age and weekly-hours quartiles."", ""hours_per_week_band"": 4, ""missing_fraction"": 0.006445, ""positive_fraction"": 0.116012, ""records"": 1655, ""stratum"": ""age_q1_hours_q4"", ""variant"": 3}","Perform stage 'report' requiring skill 'report' for the adult_ml variant described in variant_context. Respect 1 upstream dependencies and produce a verifiable stage output.","0","0","1","1","0","1","1","5","A single-stratum report has narrow scope, one upstream artifact, and straightforward completeness checks."
"adult_ml:V09:report","adult_ml","9","report","report","1","1.5","{""missing_fraction"": 0.008824372466319971, ""positive_fraction"": 0.23928176569346055, ""records"": 48842}","{""age_band"": 3, ""description"": ""Adult classification subgroup defined by empirical age and weekly-hours quartiles."", ""hours_per_week_band"": 2, ""missing_fraction"": 0.0, ""positive_fraction"": 0.0, ""records"": 0, ""stratum"": ""age_q3_hours_q2"", ""variant"": 9}","Perform stage 'report' requiring skill 'report' for the adult_ml variant described in variant_context. Respect 1 upstream dependencies and produce a verifiable stage output.","1","0","1","1","0","1","1","4","Reporting the empty-stratum disposition is narrow despite the unusual input condition."
"adult_ml:V12:baseline_model","adult_ml","12","baseline_model","ml","1","2.5","{""missing_fraction"": 0.008824372466319971, ""positive_fraction"": 0.23928176569346055, ""records"": 48842}","{""age_band"": 4, ""description"": ""Adult classification subgroup defined by empirical age and weekly-hours quartiles."", ""hours_per_week_band"": 1, ""missing_fraction"": 0.015525, ""positive_fraction"": 0.260737, ""records"": 8219, ""stratum"": ""age_q4_hours_q1"", ""variant"": 12}","Perform stage 'baseline_model' requiring skill 'ml' for the adult_ml variant described in variant_context. Respect 1 upstream dependencies and produce a verifiable stage output.","1","1","1","1","1","2","2","4","Baseline fitting on a larger subgroup requires a standard model choice and routine metric checks."
"adult_ml:V09:evaluate","adult_ml","9","evaluate","test","2","2.0","{""missing_fraction"": 0.008824372466319971, ""positive_fraction"": 0.23928176569346055, ""records"": 48842}","{""age_band"": 3, ""description"": ""Adult classification subgroup defined by empirical age and weekly-hours quartiles."", ""hours_per_week_band"": 2, ""missing_fraction"": 0.0, ""positive_fraction"": 0.0, ""records"": 0, ""stratum"": ""age_q3_hours_q2"", ""variant"": 9}","Perform stage 'evaluate' requiring skill 'test' for the adult_ml variant described in variant_context. Respect 2 upstream dependencies and produce a verifiable stage output.","2","0","2","2","2","3","2","4","Two upstream artifacts plus an empty stratum make comparison semantics and verification difficult."
"beijing_ml:V06:evaluate","beijing_ml","6","evaluate","test","2","2.4","{""missing_fraction"": 0.009774058652538005, ""records"": 420768, ""stations"": 12}","{""description"": ""Beijing air-quality regression/time-series stratum with chronological validation required."", ""missing_pollutant_fraction"": 0.032902, ""pm25_median"": 47.0, ""records"": 35064, ""scope"": ""single_station"", ""stations"": 1, ""stratum"": ""station_Huairou"", ""variant"": 6}","Perform stage 'evaluate' requiring skill 'test' for the beijing_ml variant described in variant_context. Respect 2 upstream dependencies and produce a verifiable stage output.","1","1","2","2","2","3","3","4","Evaluation coordinates two model artifacts and verifies chronological metrics across one station."
"beijing_ml:V13:advanced_model","beijing_ml","13","advanced_model","ml","1","4.2","{""missing_fraction"": 0.009774058652538005, ""records"": 420768, ""stations"": 12}","{""description"": ""Beijing air-quality regression/time-series stratum with chronological validation required."", ""missing_pollutant_fraction"": 0.030124, ""pm25_median"": 54.0, ""records"": 104832, ""scope"": ""multi_station_season"", ""stations"": 12, ""stratum"": ""all_stations_months_04_06"", ""variant"": 13}","Perform stage 'advanced_model' requiring skill 'ml' for the beijing_ml variant described in variant_context. Respect 1 upstream dependencies and produce a verifiable stage output.","2","2","1","2","2","3","2","4","Advanced time-series modeling on twelve-station seasonal data combines method selection, tuning, and leakage-safe validation."
"beijing_ml:V00:eda","beijing_ml","0","eda","analysis","1","2.3","{""missing_fraction"": 0.009774058652538005, ""records"": 420768, ""stations"": 12}","{""description"": ""Beijing air-quality regression/time-series stratum with chronological validation required."", ""missing_pollutant_fraction"": 0.033729, ""pm25_median"": 58.0, ""records"": 35064, ""scope"": ""single_station"", ""stations"": 1, ""stratum"": ""station_Aotizhongxin"", ""variant"": 0}","Perform stage 'eda' requiring skill 'analysis' for the beijing_ml variant described in variant_context. Respect 1 upstream dependencies and produce a verifiable stage output.","1","1","1","1","1","2","2","4","Single-station temporal EDA is bounded, with conventional summaries and one dependency."
"beijing_ml:V03:report","beijing_ml","3","report","report","1","1.6","{""missing_fraction"": 0.009774058652538005, ""records"": 420768, ""stations"": 12}","{""description"": ""Beijing air-quality regression/time-series stratum with chronological validation required."", ""missing_pollutant_fraction"": 0.035307, ""pm25_median"": 61.0, ""records"": 35064, ""scope"": ""single_station"", ""stations"": 1, ""stratum"": ""station_Dongsi"", ""variant"": 3}","Perform stage 'report' requiring skill 'report' for the beijing_ml variant described in variant_context. Respect 1 upstream dependencies and produce a verifiable stage output.","0","0","1","1","1","1","1","5","A single-station report is narrow, uses one artifact, and has straightforward completeness checks."
"beijing_ml:V14:evaluate","beijing_ml","14","evaluate","test","2","2.4","{""missing_fraction"": 0.009774058652538005, ""records"": 420768, ""stations"": 12}","{""description"": ""Beijing air-quality regression/time-series stratum with chronological validation required."", ""missing_pollutant_fraction"": 0.026987, ""pm25_median"": 49.0, ""records"": 105984, ""scope"": ""multi_station_season"", ""stations"": 12, ""stratum"": ""all_stations_months_07_09"", ""variant"": 14}","Perform stage 'evaluate' requiring skill 'test' for the beijing_ml variant described in variant_context. Respect 2 upstream dependencies and produce a verifiable stage output.","1","2","2","2","2","3","3","4","Evaluation coordinates two model artifacts and verifies chronological metrics across twelve-station seasonal data."
"adult_ml:V10:clean_feature","adult_ml","10","clean_feature","data","1","2.5","{""missing_fraction"": 0.008824372466319971, ""positive_fraction"": 0.23928176569346055, ""records"": 48842}","{""age_band"": 3, ""description"": ""Adult classification subgroup defined by empirical age and weekly-hours quartiles."", ""hours_per_week_band"": 3, ""missing_fraction"": 0.002217, ""positive_fraction"": 0.434783, ""records"": 1173, ""stratum"": ""age_q3_hours_q3"", ""variant"": 10}","Perform stage 'clean_feature' requiring skill 'data' for the adult_ml variant described in variant_context. Respect 1 upstream dependencies and produce a verifiable stage output.","1","0","1","1","1","2","3","4","Cleaning and feature work on a single subgroup uses one upstream artifact and routine checks."
"beijing_ml:V01:validate_load","beijing_ml","1","validate_load","data","0","1.8","{""missing_fraction"": 0.009774058652538005, ""records"": 420768, ""stations"": 12}","{""description"": ""Beijing air-quality regression/time-series stratum with chronological validation required."", ""missing_pollutant_fraction"": 0.022701, ""pm25_median"": 46.0, ""records"": 35064, ""scope"": ""single_station"", ""stations"": 1, ""stratum"": ""station_Changping"", ""variant"": 1}","Perform stage 'validate_load' requiring skill 'data' for the beijing_ml variant described in variant_context. Respect 0 upstream dependencies and produce a verifiable stage output.","0","1","0","1","1","1","3","5","Single-station load validation is bounded, dependency-free, and objectively checkable."
"bugs2fix:V04:regression_test","bugs2fix","4","regression_test","test","1","2.3","{""absolute_length_delta"": {""p25"": 6.0, ""p50"": 16.0, ""p75"": 36.0, ""p95"": 80.0}, ""execution_note"": ""Normalized function pairs; not executable repository tests."", ""mean_source_length"": 138.4590616966581, ""records"": 46680, ""source_length"": {""p25"": 103.0, ""p50"": 137.0, ""p75"": 173.0, ""p95"": 215.0}, ""unequal_fraction"": 1.0}","{""description"": ""Normalized Java before/after function-pair stratum; no executable repository tests are available."", ""median_absolute_length_delta"": 1.0, ""median_source_characters"": 120.0, ""patch_delta_band"": 1, ""records"": 2736, ""source_length_band"": 2, ""stratum"": ""source_length_q2_patch_delta_q1"", ""variant"": 4}","Perform stage 'regression_test' requiring skill 'test' for the bugs2fix variant described in variant_context. Respect 1 upstream dependencies and produce a verifiable stage output.","2","1","1","1","2","3","3","3","Designing regression evidence for broader changes without executable repository tests is operationally difficult."
"bugs2fix:V15:report","bugs2fix","15","report","report","1","1.2","{""absolute_length_delta"": {""p25"": 6.0, ""p50"": 16.0, ""p75"": 36.0, ""p95"": 80.0}, ""execution_note"": ""Normalized function pairs; not executable repository tests."", ""mean_source_length"": 138.4590616966581, ""records"": 46680, ""source_length"": {""p25"": 103.0, ""p50"": 137.0, ""p75"": 173.0, ""p95"": 215.0}, ""unequal_fraction"": 1.0}","{""description"": ""Normalized Java before/after function-pair stratum; no executable repository tests are available."", ""median_absolute_length_delta"": 66, ""median_source_characters"": 196, ""patch_delta_band"": 4, ""records"": 3633, ""source_length_band"": 4, ""stratum"": ""source_length_q4_patch_delta_q4"", ""variant"": 15}","Perform stage 'report' requiring skill 'report' for the bugs2fix variant described in variant_context. Respect 1 upstream dependencies and produce a verifiable stage output.","1","1","1","0","1","2","1","3","Broader function context modestly increases synthesis burden, though reporting remains a single-artifact task."
"beijing_ml:V01:report","beijing_ml","1","report","report","1","1.6","{""missing_fraction"": 0.009774058652538005, ""records"": 420768, ""stations"": 12}","{""description"": ""Beijing air-quality regression/time-series stratum with chronological validation required."", ""missing_pollutant_fraction"": 0.022701, ""pm25_median"": 46.0, ""records"": 35064, ""scope"": ""single_station"", ""stations"": 1, ""stratum"": ""station_Changping"", ""variant"": 1}","Perform stage 'report' requiring skill 'report' for the beijing_ml variant described in variant_context. Respect 1 upstream dependencies and produce a verifiable stage output.","0","0","1","1","1","1","1","5","A single-station report is narrow, uses one artifact, and has straightforward completeness checks."
"beijing_ml:V11:advanced_model","beijing_ml","11","advanced_model","ml","1","4.2","{""missing_fraction"": 0.009774058652538005, ""records"": 420768, ""stations"": 12}","{""description"": ""Beijing air-quality regression/time-series stratum with chronological validation required."", ""missing_pollutant_fraction"": 0.023661, ""pm25_median"": 60.0, ""records"": 35064, ""scope"": ""single_station"", ""stations"": 1, ""stratum"": ""station_Wanshouxigong"", ""variant"": 11}","Perform stage 'advanced_model' requiring skill 'ml' for the beijing_ml variant described in variant_context. Respect 1 upstream dependencies and produce a verifiable stage output.","2","1","1","2","2","3","2","4","Advanced time-series modeling on one station combines method selection, tuning, and leakage-safe validation."
"beijing_ml:V00:baseline_model","beijing_ml","0","baseline_model","ml","1","3.0","{""missing_fraction"": 0.009774058652538005, ""records"": 420768, ""stations"": 12}","{""description"": ""Beijing air-quality regression/time-series stratum with chronological validation required."", ""missing_pollutant_fraction"": 0.033729, ""pm25_median"": 58.0, ""records"": 35064, ""scope"": ""single_station"", ""stations"": 1, ""stratum"": ""station_Aotizhongxin"", ""variant"": 0}","Perform stage 'baseline_model' requiring skill 'ml' for the beijing_ml variant described in variant_context. Respect 1 upstream dependencies and produce a verifiable stage output.","1","1","1","2","2","3","2","4","Baseline time-series modeling on one station requires leakage-safe chronological validation and rigorous metric checks."
"bugs2fix:V14:reproduce","bugs2fix","14","reproduce","test","0","2.0","{""absolute_length_delta"": {""p25"": 6.0, ""p50"": 16.0, ""p75"": 36.0, ""p95"": 80.0}, ""execution_note"": ""Normalized function pairs; not executable repository tests."", ""mean_source_length"": 138.4590616966581, ""records"": 46680, ""source_length"": {""p25"": 103.0, ""p50"": 137.0, ""p75"": 173.0, ""p95"": 215.0}, ""unequal_fraction"": 1.0}","{""description"": ""Normalized Java before/after function-pair stratum; no executable repository tests are available."", ""median_absolute_length_delta"": 25, ""median_source_characters"": 193, ""patch_delta_band"": 3, ""records"": 2457, ""source_length_band"": 4, ""stratum"": ""source_length_q4_patch_delta_q3"", ""variant"": 14}","Perform stage 'reproduce' requiring skill 'test' for the bugs2fix variant described in variant_context. Respect 0 upstream dependencies and produce a verifiable stage output.","2","2","0","2","2","3","3","3","Longer source or a larger patch, combined with no executable repository tests, makes reproduction reasoning and verification demanding."
"beijing_ml:V01:baseline_model","beijing_ml","1","baseline_model","ml","1","3.0","{""missing_fraction"": 0.009774058652538005, ""records"": 420768, ""stations"": 12}","{""description"": ""Beijing air-quality regression/time-series stratum with chronological validation required."", ""missing_pollutant_fraction"": 0.022701, ""pm25_median"": 46.0, ""records"": 35064, ""scope"": ""single_station"", ""stations"": 1, ""stratum"": ""station_Changping"", ""variant"": 1}","Perform stage 'baseline_model' requiring skill 'ml' for the beijing_ml variant described in variant_context. Respect 1 upstream dependencies and produce a verifiable stage output.","1","1","1","2","2","3","2","4","Baseline time-series modeling on one station requires leakage-safe chronological validation and rigorous metric checks."
"beijing_ml:V13:validate_load","beijing_ml","13","validate_load","data","0","1.8","{""missing_fraction"": 0.009774058652538005, ""records"": 420768, ""stations"": 12}","{""description"": ""Beijing air-quality regression/time-series stratum with chronological validation required."", ""missing_pollutant_fraction"": 0.030124, ""pm25_median"": 54.0, ""records"": 104832, ""scope"": ""multi_station_season"", ""stations"": 12, ""stratum"": ""all_stations_months_04_06"", ""variant"": 13}","Perform stage 'validate_load' requiring skill 'data' for the beijing_ml variant described in variant_context. Respect 0 upstream dependencies and produce a verifiable stage output.","0","2","0","1","1","2","3","4","Validating twelve-station time-series coverage is broader, though checks remain objective and dependency-free."
"bugs2fix:V12:localise","bugs2fix","12","localise","analysis","1","2.8","{""absolute_length_delta"": {""p25"": 6.0, ""p50"": 16.0, ""p75"": 36.0, ""p95"": 80.0}, ""execution_note"": ""Normalized function pairs; not executable repository tests."", ""mean_source_length"": 138.4590616966581, ""records"": 46680, ""source_length"": {""p25"": 103.0, ""p50"": 137.0, ""p75"": 173.0, ""p95"": 215.0}, ""unequal_fraction"": 1.0}","{""description"": ""Normalized Java before/after function-pair stratum; no executable repository tests are available."", ""median_absolute_length_delta"": 1, ""median_source_characters"": 194, ""patch_delta_band"": 1, ""records"": 2853, ""source_length_band"": 4, ""stratum"": ""source_length_q4_patch_delta_q1"", ""variant"": 12}","Perform stage 'localise' requiring skill 'analysis' for the bugs2fix variant described in variant_context. Respect 1 upstream dependencies and produce a verifiable stage output.","2","2","1","1","2","3","3","3","Localising the defect across broader source or patch context without executable tests requires substantial inference."
"beijing_ml:V00:evaluate","beijing_ml","0","evaluate","test","2","2.4","{""missing_fraction"": 0.009774058652538005, ""records"": 420768, ""stations"": 12}","{""description"": ""Beijing air-quality regression/time-series stratum with chronological validation required."", ""missing_pollutant_fraction"": 0.033729, ""pm25_median"": 58.0, ""records"": 35064, ""scope"": ""single_station"", ""stations"": 1, ""stratum"": ""station_Aotizhongxin"", ""variant"": 0}","Perform stage 'evaluate' requiring skill 'test' for the beijing_ml variant described in variant_context. Respect 2 upstream dependencies and produce a verifiable stage output.","1","1","2","2","2","3","3","4","Evaluation coordinates two model artifacts and verifies chronological metrics across one station."
"adult_ml:V08:evaluate","adult_ml","8","evaluate","test","2","2.0","{""missing_fraction"": 0.008824372466319971, ""positive_fraction"": 0.23928176569346055, ""records"": 48842}","{""age_band"": 3, ""description"": ""Adult classification subgroup defined by empirical age and weekly-hours quartiles."", ""hours_per_week_band"": 1, ""missing_fraction"": 0.004865, ""positive_fraction"": 0.288019, ""records"": 7687, ""stratum"": ""age_q3_hours_q1"", ""variant"": 8}","Perform stage 'evaluate' requiring skill 'test' for the adult_ml variant described in variant_context. Respect 2 upstream dependencies and produce a verifiable stage output.","1","1","2","2","2","3","3","4","Comparing two upstream model artifacts and validating metrics creates high coordination and verification burden."
"adult_ml:V09:advanced_model","adult_ml","9","advanced_model","ml","1","3.5","{""missing_fraction"": 0.008824372466319971, ""positive_fraction"": 0.23928176569346055, ""records"": 48842}","{""age_band"": 3, ""description"": ""Adult classification subgroup defined by empirical age and weekly-hours quartiles."", ""hours_per_week_band"": 2, ""missing_fraction"": 0.0, ""positive_fraction"": 0.0, ""records"": 0, ""stratum"": ""age_q3_hours_q2"", ""variant"": 9}","Perform stage 'advanced_model' requiring skill 'ml' for the adult_ml variant described in variant_context. Respect 1 upstream dependencies and produce a verifiable stage output.","2","0","1","2","2","3","2","4","Advanced modeling is ill-posed on zero records, requiring careful fallback reasoning and validation."
"adult_ml:V06:baseline_model","adult_ml","6","baseline_model","ml","1","2.5","{""missing_fraction"": 0.008824372466319971, ""positive_fraction"": 0.23928176569346055, ""records"": 48842}","{""age_band"": 2, ""description"": ""Adult classification subgroup defined by empirical age and weekly-hours quartiles."", ""hours_per_week_band"": 3, ""missing_fraction"": 0.002818, ""positive_fraction"": 0.332373, ""records"": 1041, ""stratum"": ""age_q2_hours_q3"", ""variant"": 6}","Perform stage 'baseline_model' requiring skill 'ml' for the adult_ml variant described in variant_context. Respect 1 upstream dependencies and produce a verifiable stage output.","1","0","1","1","1","2","2","4","Baseline fitting on a single subgroup requires a standard model choice and routine metric checks."
"bugs2fix:V04:reproduce","bugs2fix","4","reproduce","test","0","2.0","{""absolute_length_delta"": {""p25"": 6.0, ""p50"": 16.0, ""p75"": 36.0, ""p95"": 80.0}, ""execution_note"": ""Normalized function pairs; not executable repository tests."", ""mean_source_length"": 138.4590616966581, ""records"": 46680, ""source_length"": {""p25"": 103.0, ""p50"": 137.0, ""p75"": 173.0, ""p95"": 215.0}, ""unequal_fraction"": 1.0}","{""description"": ""Normalized Java before/after function-pair stratum; no executable repository tests are available."", ""median_absolute_length_delta"": 1.0, ""median_source_characters"": 120.0, ""patch_delta_band"": 1, ""records"": 2736, ""source_length_band"": 2, ""stratum"": ""source_length_q2_patch_delta_q1"", ""variant"": 4}","Perform stage 'reproduce' requiring skill 'test' for the bugs2fix variant described in variant_context. Respect 0 upstream dependencies and produce a verifiable stage output.","2","1","0","1","2","2","3","3","Absent executable repository tests raises ambiguity and verification burden, but the function or patch context is bounded."
"beijing_ml:V05:validate_load","beijing_ml","5","validate_load","data","0","1.8","{""missing_fraction"": 0.009774058652538005, ""records"": 420768, ""stations"": 12}","{""description"": ""Beijing air-quality regression/time-series stratum with chronological validation required."", ""missing_pollutant_fraction"": 0.020591, ""pm25_median"": 60.0, ""records"": 35064, ""scope"": ""single_station"", ""stations"": 1, ""stratum"": ""station_Gucheng"", ""variant"": 5}","Perform stage 'validate_load' requiring skill 'data' for the beijing_ml variant described in variant_context. Respect 0 upstream dependencies and produce a verifiable stage output.","0","1","0","1","1","1","3","5","Single-station load validation is bounded, dependency-free, and objectively checkable."
"adult_ml:V09:baseline_model","adult_ml","9","baseline_model","ml","1","2.5","{""missing_fraction"": 0.008824372466319971, ""positive_fraction"": 0.23928176569346055, ""records"": 48842}","{""age_band"": 3, ""description"": ""Adult classification subgroup defined by empirical age and weekly-hours quartiles."", ""hours_per_week_band"": 2, ""missing_fraction"": 0.0, ""positive_fraction"": 0.0, ""records"": 0, ""stratum"": ""age_q3_hours_q2"", ""variant"": 9}","Perform stage 'baseline_model' requiring skill 'ml' for the adult_ml variant described in variant_context. Respect 1 upstream dependencies and produce a verifiable stage output.","2","0","1","1","1","2","2","4","The empty stratum makes baseline fitting ill-posed; a defensible skip/fail artifact must be produced."
"adult_ml:V00:report","adult_ml","0","report","report","1","1.5","{""missing_fraction"": 0.008824372466319971, ""positive_fraction"": 0.23928176569346055, ""records"": 48842}","{""age_band"": 1, ""description"": ""Adult classification subgroup defined by empirical age and weekly-hours quartiles."", ""hours_per_week_band"": 1, ""missing_fraction"": 0.014549, ""positive_fraction"": 0.025718, ""records"": 10965, ""stratum"": ""age_q1_hours_q1"", ""variant"": 0}","Perform stage 'report' requiring skill 'report' for the adult_ml variant described in variant_context. Respect 1 upstream dependencies and produce a verifiable stage output.","0","0","1","1","0","1","1","5","A single-stratum report has narrow scope, one upstream artifact, and straightforward completeness checks."
"bugs2fix:V15:reproduce","bugs2fix","15","reproduce","test","0","2.0","{""absolute_length_delta"": {""p25"": 6.0, ""p50"": 16.0, ""p75"": 36.0, ""p95"": 80.0}, ""execution_note"": ""Normalized function pairs; not executable repository tests."", ""mean_source_length"": 138.4590616966581, ""records"": 46680, ""source_length"": {""p25"": 103.0, ""p50"": 137.0, ""p75"": 173.0, ""p95"": 215.0}, ""unequal_fraction"": 1.0}","{""description"": ""Normalized Java before/after function-pair stratum; no executable repository tests are available."", ""median_absolute_length_delta"": 66, ""median_source_characters"": 196, ""patch_delta_band"": 4, ""records"": 3633, ""source_length_band"": 4, ""stratum"": ""source_length_q4_patch_delta_q4"", ""variant"": 15}","Perform stage 'reproduce' requiring skill 'test' for the bugs2fix variant described in variant_context. Respect 0 upstream dependencies and produce a verifiable stage output.","2","2","0","2","2","3","3","3","Longer source or a larger patch, combined with no executable repository tests, makes reproduction reasoning and verification demanding."
"adult_ml:V08:eda","adult_ml","8","eda","analysis","1","2.0","{""missing_fraction"": 0.008824372466319971, ""positive_fraction"": 0.23928176569346055, ""records"": 48842}","{""age_band"": 3, ""description"": ""Adult classification subgroup defined by empirical age and weekly-hours quartiles."", ""hours_per_week_band"": 1, ""missing_fraction"": 0.004865, ""positive_fraction"": 0.288019, ""records"": 7687, ""stratum"": ""age_q3_hours_q1"", ""variant"": 8}","Perform stage 'eda' requiring skill 'analysis' for the adult_ml variant described in variant_context. Respect 1 upstream dependencies and produce a verifiable stage output.","1","1","1","1","1","2","2","4","EDA on a larger subgroup is bounded, with conventional summaries and one upstream artifact."
"beijing_ml:V10:baseline_model","beijing_ml","10","baseline_model","ml","1","3.0","{""missing_fraction"": 0.009774058652538005, ""records"": 420768, ""stations"": 12}","{""description"": ""Beijing air-quality regression/time-series stratum with chronological validation required."", ""missing_pollutant_fraction"": 0.029613, ""pm25_median"": 59.0, ""records"": 35064, ""scope"": ""single_station"", ""stations"": 1, ""stratum"": ""station_Wanliu"", ""variant"": 10}","Perform stage 'baseline_model' requiring skill 'ml' for the beijing_ml variant described in variant_context. Respect 1 upstream dependencies and produce a verifiable stage output.","1","1","1","2","2","3","2","4","Baseline time-series modeling on one station requires leakage-safe chronological validation and rigorous metric checks."
"bugs2fix:V13:fix","bugs2fix","13","fix","code","1","3.5","{""absolute_length_delta"": {""p25"": 6.0, ""p50"": 16.0, ""p75"": 36.0, ""p95"": 80.0}, ""execution_note"": ""Normalized function pairs; not executable repository tests."", ""mean_source_length"": 138.4590616966581, ""records"": 46680, ""source_length"": {""p25"": 103.0, ""p50"": 137.0, ""p75"": 173.0, ""p95"": 215.0}, ""unequal_fraction"": 1.0}","{""description"": ""Normalized Java before/after function-pair stratum; no executable repository tests are available."", ""median_absolute_length_delta"": 10.0, ""median_source_characters"": 195.0, ""patch_delta_band"": 2, ""records"": 2506, ""source_length_band"": 4, ""stratum"": ""source_length_q4_patch_delta_q2"", ""variant"": 13}","Perform stage 'fix' requiring skill 'code' for the bugs2fix variant described in variant_context. Respect 1 upstream dependencies and produce a verifiable stage output.","2","2","1","2","2","3","3","3","Implementing a broader inferred patch without repository tests creates high reasoning and verification burden."
"adult_ml:V01:validate_load","adult_ml","1","validate_load","data","0","1.5","{""missing_fraction"": 0.008824372466319971, ""positive_fraction"": 0.23928176569346055, ""records"": 48842}","{""age_band"": 1, ""description"": ""Adult classification subgroup defined by empirical age and weekly-hours quartiles."", ""hours_per_week_band"": 2, ""missing_fraction"": 0.0, ""positive_fraction"": 0.0, ""records"": 0, ""stratum"": ""age_q1_hours_q2"", ""variant"": 1}","Perform stage 'validate_load' requiring skill 'data' for the adult_ml variant described in variant_context. Respect 0 upstream dependencies and produce a verifiable stage output.","1","0","0","0","1","1","2","4","The zero-record stratum makes the load decision unusual, but detecting and documenting emptiness is bounded."
"bugs2fix:V15:regression_test","bugs2fix","15","regression_test","test","1","2.3","{""absolute_length_delta"": {""p25"": 6.0, ""p50"": 16.0, ""p75"": 36.0, ""p95"": 80.0}, ""execution_note"": ""Normalized function pairs; not executable repository tests."", ""mean_source_length"": 138.4590616966581, ""records"": 46680, ""source_length"": {""p25"": 103.0, ""p50"": 137.0, ""p75"": 173.0, ""p95"": 215.0}, ""unequal_fraction"": 1.0}","{""description"": ""Normalized Java before/after function-pair stratum; no executable repository tests are available."", ""median_absolute_length_delta"": 66, ""median_source_characters"": 196, ""patch_delta_band"": 4, ""records"": 3633, ""source_length_band"": 4, ""stratum"": ""source_length_q4_patch_delta_q4"", ""variant"": 15}","Perform stage 'regression_test' requiring skill 'test' for the bugs2fix variant described in variant_context. Respect 1 upstream dependencies and produce a verifiable stage output.","2","2","1","2","2","3","3","3","Designing regression evidence for broader changes without executable repository tests is operationally difficult."
"beijing_ml:V03:baseline_model","beijing_ml","3","baseline_model","ml","1","3.0","{""missing_fraction"": 0.009774058652538005, ""records"": 420768, ""stations"": 12}","{""description"": ""Beijing air-quality regression/time-series stratum with chronological validation required."", ""missing_pollutant_fraction"": 0.035307, ""pm25_median"": 61.0, ""records"": 35064, ""scope"": ""single_station"", ""stations"": 1, ""stratum"": ""station_Dongsi"", ""variant"": 3}","Perform stage 'baseline_model' requiring skill 'ml' for the beijing_ml variant described in variant_context. Respect 1 upstream dependencies and produce a verifiable stage output.","1","1","1","2","2","3","2","4","Baseline time-series modeling on one station requires leakage-safe chronological validation and rigorous metric checks."
"adult_ml:V07:eda","adult_ml","7","eda","analysis","1","2.0","{""missing_fraction"": 0.008824372466319971, ""positive_fraction"": 0.23928176569346055, ""records"": 48842}","{""age_band"": 2, ""description"": ""Adult classification subgroup defined by empirical age and weekly-hours quartiles."", ""hours_per_week_band"": 4, ""missing_fraction"": 0.002956, ""positive_fraction"": 0.387161, ""records"": 3022, ""stratum"": ""age_q2_hours_q4"", ""variant"": 7}","Perform stage 'eda' requiring skill 'analysis' for the adult_ml variant described in variant_context. Respect 1 upstream dependencies and produce a verifiable stage output.","1","1","1","1","1","2","2","4","EDA on a single subgroup is bounded, with conventional summaries and one upstream artifact."
"beijing_ml:V11:baseline_model","beijing_ml","11","baseline_model","ml","1","3.0","{""missing_fraction"": 0.009774058652538005, ""records"": 420768, ""stations"": 12}","{""description"": ""Beijing air-quality regression/time-series stratum with chronological validation required."", ""missing_pollutant_fraction"": 0.023661, ""pm25_median"": 60.0, ""records"": 35064, ""scope"": ""single_station"", ""stations"": 1, ""stratum"": ""station_Wanshouxigong"", ""variant"": 11}","Perform stage 'baseline_model' requiring skill 'ml' for the beijing_ml variant described in variant_context. Respect 1 upstream dependencies and produce a verifiable stage output.","1","1","1","2","2","3","2","4","Baseline time-series modeling on one station requires leakage-safe chronological validation and rigorous metric checks."
"bugs2fix:V14:regression_test","bugs2fix","14","regression_test","test","1","2.3","{""absolute_length_delta"": {""p25"": 6.0, ""p50"": 16.0, ""p75"": 36.0, ""p95"": 80.0}, ""execution_note"": ""Normalized function pairs; not executable repository tests."", ""mean_source_length"": 138.4590616966581, ""records"": 46680, ""source_length"": {""p25"": 103.0, ""p50"": 137.0, ""p75"": 173.0, ""p95"": 215.0}, ""unequal_fraction"": 1.0}","{""description"": ""Normalized Java before/after function-pair stratum; no executable repository tests are available."", ""median_absolute_length_delta"": 25, ""median_source_characters"": 193, ""patch_delta_band"": 3, ""records"": 2457, ""source_length_band"": 4, ""stratum"": ""source_length_q4_patch_delta_q3"", ""variant"": 14}","Perform stage 'regression_test' requiring skill 'test' for the bugs2fix variant described in variant_context. Respect 1 upstream dependencies and produce a verifiable stage output.","2","2","1","2","2","3","3","3","Designing regression evidence for broader changes without executable repository tests is operationally difficult."
"adult_ml:V15:report","adult_ml","15","report","report","1","1.5","{""missing_fraction"": 0.008824372466319971, ""positive_fraction"": 0.23928176569346055, ""records"": 48842}","{""age_band"": 4, ""description"": ""Adult classification subgroup defined by empirical age and weekly-hours quartiles."", ""hours_per_week_band"": 4, ""missing_fraction"": 0.006622, ""positive_fraction"": 0.513599, ""records"": 2537, ""stratum"": ""age_q4_hours_q4"", ""variant"": 15}","Perform stage 'report' requiring skill 'report' for the adult_ml variant described in variant_context. Respect 1 upstream dependencies and produce a verifiable stage output.","0","0","1","1","0","1","1","5","A single-stratum report has narrow scope, one upstream artifact, and straightforward completeness checks."
"beijing_ml:V01:evaluate","beijing_ml","1","evaluate","test","2","2.4","{""missing_fraction"": 0.009774058652538005, ""records"": 420768, ""stations"": 12}","{""description"": ""Beijing air-quality regression/time-series stratum with chronological validation required."", ""missing_pollutant_fraction"": 0.022701, ""pm25_median"": 46.0, ""records"": 35064, ""scope"": ""single_station"", ""stations"": 1, ""stratum"": ""station_Changping"", ""variant"": 1}","Perform stage 'evaluate' requiring skill 'test' for the beijing_ml variant described in variant_context. Respect 2 upstream dependencies and produce a verifiable stage output.","1","1","2","2","2","3","3","4","Evaluation coordinates two model artifacts and verifies chronological metrics across one station."
"beijing_ml:V08:eda","beijing_ml","8","eda","analysis","1","2.3","{""missing_fraction"": 0.009774058652538005, ""records"": 420768, ""stations"": 12}","{""description"": ""Beijing air-quality regression/time-series stratum with chronological validation required."", ""missing_pollutant_fraction"": 0.037023, ""pm25_median"": 55.0, ""records"": 35064, ""scope"": ""single_station"", ""stations"": 1, ""stratum"": ""station_Shunyi"", ""variant"": 8}","Perform stage 'eda' requiring skill 'analysis' for the beijing_ml variant described in variant_context. Respect 1 upstream dependencies and produce a verifiable stage output.","1","1","1","1","1","2","2","4","Single-station temporal EDA is bounded, with conventional summaries and one dependency."
"beijing_ml:V08:validate_load","beijing_ml","8","validate_load","data","0","1.8","{""missing_fraction"": 0.009774058652538005, ""records"": 420768, ""stations"": 12}","{""description"": ""Beijing air-quality regression/time-series stratum with chronological validation required."", ""missing_pollutant_fraction"": 0.037023, ""pm25_median"": 55.0, ""records"": 35064, ""scope"": ""single_station"", ""stations"": 1, ""stratum"": ""station_Shunyi"", ""variant"": 8}","Perform stage 'validate_load' requiring skill 'data' for the beijing_ml variant described in variant_context. Respect 0 upstream dependencies and produce a verifiable stage output.","0","1","0","1","1","1","3","5","Single-station load validation is bounded, dependency-free, and objectively checkable."
"bugs2fix:V03:reproduce","bugs2fix","3","reproduce","test","0","2.0","{""absolute_length_delta"": {""p25"": 6.0, ""p50"": 16.0, ""p75"": 36.0, ""p95"": 80.0}, ""execution_note"": ""Normalized function pairs; not executable repository tests."", ""mean_source_length"": 138.4590616966581, ""records"": 46680, ""source_length"": {""p25"": 103.0, ""p50"": 137.0, ""p75"": 173.0, ""p95"": 215.0}, ""unequal_fraction"": 1.0}","{""description"": ""Normalized Java before/after function-pair stratum; no executable repository tests are available."", ""median_absolute_length_delta"": 45.0, ""median_source_characters"": 89.0, ""patch_delta_band"": 4, ""records"": 1580, ""source_length_band"": 1, ""stratum"": ""source_length_q1_patch_delta_q4"", ""variant"": 3}","Perform stage 'reproduce' requiring skill 'test' for the bugs2fix variant described in variant_context. Respect 0 upstream dependencies and produce a verifiable stage output.","2","0","0","2","2","2","3","3","Absent executable repository tests raises ambiguity and verification burden, but the function or patch context is bounded."
"beijing_ml:V05:evaluate","beijing_ml","5","evaluate","test","2","2.4","{""missing_fraction"": 0.009774058652538005, ""records"": 420768, ""stations"": 12}","{""description"": ""Beijing air-quality regression/time-series stratum with chronological validation required."", ""missing_pollutant_fraction"": 0.020591, ""pm25_median"": 60.0, ""records"": 35064, ""scope"": ""single_station"", ""stations"": 1, ""stratum"": ""station_Gucheng"", ""variant"": 5}","Perform stage 'evaluate' requiring skill 'test' for the beijing_ml variant described in variant_context. Respect 2 upstream dependencies and produce a verifiable stage output.","1","1","2","2","2","3","3","4","Evaluation coordinates two model artifacts and verifies chronological metrics across one station."
"adult_ml:V07:baseline_model","adult_ml","7","baseline_model","ml","1","2.5","{""missing_fraction"": 0.008824372466319971, ""positive_fraction"": 0.23928176569346055, ""records"": 48842}","{""age_band"": 2, ""description"": ""Adult classification subgroup defined by empirical age and weekly-hours quartiles."", ""hours_per_week_band"": 4, ""missing_fraction"": 0.002956, ""positive_fraction"": 0.387161, ""records"": 3022, ""stratum"": ""age_q2_hours_q4"", ""variant"": 7}","Perform stage 'baseline_model' requiring skill 'ml' for the adult_ml variant described in variant_context. Respect 1 upstream dependencies and produce a verifiable stage output.","1","1","1","1","1","2","2","4","Baseline fitting on a single subgroup requires a standard model choice and routine metric checks."
"beijing_ml:V05:eda","beijing_ml","5","eda","analysis","1","2.3","{""missing_fraction"": 0.009774058652538005, ""records"": 420768, ""stations"": 12}","{""description"": ""Beijing air-quality regression/time-series stratum with chronological validation required."", ""missing_pollutant_fraction"": 0.020591, ""pm25_median"": 60.0, ""records"": 35064, ""scope"": ""single_station"", ""stations"": 1, ""stratum"": ""station_Gucheng"", ""variant"": 5}","Perform stage 'eda' requiring skill 'analysis' for the beijing_ml variant described in variant_context. Respect 1 upstream dependencies and produce a verifiable stage output.","1","1","1","1","1","2","2","4","Single-station temporal EDA is bounded, with conventional summaries and one dependency."
"bugs2fix:V10:fix","bugs2fix","10","fix","code","1","3.5","{""absolute_length_delta"": {""p25"": 6.0, ""p50"": 16.0, ""p75"": 36.0, ""p95"": 80.0}, ""execution_note"": ""Normalized function pairs; not executable repository tests."", ""mean_source_length"": 138.4590616966581, ""records"": 46680, ""source_length"": {""p25"": 103.0, ""p50"": 137.0, ""p75"": 173.0, ""p95"": 215.0}, ""unequal_fraction"": 1.0}","{""description"": ""Normalized Java before/after function-pair stratum; no executable repository tests are available."", ""median_absolute_length_delta"": 25.0, ""median_source_characters"": 155.0, ""patch_delta_band"": 3, ""records"": 2968, ""source_length_band"": 3, ""stratum"": ""source_length_q3_patch_delta_q3"", ""variant"": 10}","Perform stage 'fix' requiring skill 'code' for the bugs2fix variant described in variant_context. Respect 1 upstream dependencies and produce a verifiable stage output.","2","1","1","2","2","3","3","3","Implementing a broader inferred patch without repository tests creates high reasoning and verification burden."
"bugs2fix:V05:reproduce","bugs2fix","5","reproduce","test","0","2.0","{""absolute_length_delta"": {""p25"": 6.0, ""p50"": 16.0, ""p75"": 36.0, ""p95"": 80.0}, ""execution_note"": ""Normalized function pairs; not executable repository tests."", ""mean_source_length"": 138.4590616966581, ""records"": 46680, ""source_length"": {""p25"": 103.0, ""p50"": 137.0, ""p75"": 173.0, ""p95"": 215.0}, ""unequal_fraction"": 1.0}","{""description"": ""Normalized Java before/after function-pair stratum; no executable repository tests are available."", ""median_absolute_length_delta"": 10, ""median_source_characters"": 120, ""patch_delta_band"": 2, ""records"": 2735, ""source_length_band"": 2, ""stratum"": ""source_length_q2_patch_delta_q2"", ""variant"": 5}","Perform stage 'reproduce' requiring skill 'test' for the bugs2fix variant described in variant_context. Respect 0 upstream dependencies and produce a verifiable stage output.","2","1","0","1","2","2","3","3","Absent executable repository tests raises ambiguity and verification burden, but the function or patch context is bounded."
"bugs2fix:V07:localise","bugs2fix","7","localise","analysis","1","2.8","{""absolute_length_delta"": {""p25"": 6.0, ""p50"": 16.0, ""p75"": 36.0, ""p95"": 80.0}, ""execution_note"": ""Normalized function pairs; not executable repository tests."", ""mean_source_length"": 138.4590616966581, ""records"": 46680, ""source_length"": {""p25"": 103.0, ""p50"": 137.0, ""p75"": 173.0, ""p95"": 215.0}, ""unequal_fraction"": 1.0}","{""description"": ""Normalized Java before/after function-pair stratum; no executable repository tests are available."", ""median_absolute_length_delta"": 50, ""median_source_characters"": 122, ""patch_delta_band"": 4, ""records"": 2793, ""source_length_band"": 2, ""stratum"": ""source_length_q2_patch_delta_q4"", ""variant"": 7}","Perform stage 'localise' requiring skill 'analysis' for the bugs2fix variant described in variant_context. Respect 1 upstream dependencies and produce a verifiable stage output.","2","1","1","2","2","3","3","3","Localising the defect across broader source or patch context without executable tests requires substantial inference."
"beijing_ml:V04:baseline_model","beijing_ml","4","baseline_model","ml","1","3.0","{""missing_fraction"": 0.009774058652538005, ""records"": 420768, ""stations"": 12}","{""description"": ""Beijing air-quality regression/time-series stratum with chronological validation required."", ""missing_pollutant_fraction"": 0.02426, ""pm25_median"": 59.0, ""records"": 35064, ""scope"": ""single_station"", ""stations"": 1, ""stratum"": ""station_Guanyuan"", ""variant"": 4}","Perform stage 'baseline_model' requiring skill 'ml' for the beijing_ml variant described in variant_context. Respect 1 upstream dependencies and produce a verifiable stage output.","1","1","1","2","2","3","2","4","Baseline time-series modeling on one station requires leakage-safe chronological validation and rigorous metric checks."
"adult_ml:V13:baseline_model","adult_ml","13","baseline_model","ml","1","2.5","{""missing_fraction"": 0.008824372466319971, ""positive_fraction"": 0.23928176569346055, ""records"": 48842}","{""age_band"": 4, ""description"": ""Adult classification subgroup defined by empirical age and weekly-hours quartiles."", ""hours_per_week_band"": 2, ""missing_fraction"": 0.0, ""positive_fraction"": 0.0, ""records"": 0, ""stratum"": ""age_q4_hours_q2"", ""variant"": 13}","Perform stage 'baseline_model' requiring skill 'ml' for the adult_ml variant described in variant_context. Respect 1 upstream dependencies and produce a verifiable stage output.","2","0","1","1","1","2","2","4","The empty stratum makes baseline fitting ill-posed; a defensible skip/fail artifact must be produced."
"beijing_ml:V10:clean_feature","beijing_ml","10","clean_feature","data","1","3.0","{""missing_fraction"": 0.009774058652538005, ""records"": 420768, ""stations"": 12}","{""description"": ""Beijing air-quality regression/time-series stratum with chronological validation required."", ""missing_pollutant_fraction"": 0.029613, ""pm25_median"": 59.0, ""records"": 35064, ""scope"": ""single_station"", ""stations"": 1, ""stratum"": ""station_Wanliu"", ""variant"": 10}","Perform stage 'clean_feature' requiring skill 'data' for the beijing_ml variant described in variant_context. Respect 1 upstream dependencies and produce a verifiable stage output.","1","1","1","1","1","2","3","4","Single-station temporal cleaning and feature work has moderate scope and routine checks."
"beijing_ml:V01:clean_feature","beijing_ml","1","clean_feature","data","1","3.0","{""missing_fraction"": 0.009774058652538005, ""records"": 420768, ""stations"": 12}","{""description"": ""Beijing air-quality regression/time-series stratum with chronological validation required."", ""missing_pollutant_fraction"": 0.022701, ""pm25_median"": 46.0, ""records"": 35064, ""scope"": ""single_station"", ""stations"": 1, ""stratum"": ""station_Changping"", ""variant"": 1}","Perform stage 'clean_feature' requiring skill 'data' for the beijing_ml variant described in variant_context. Respect 1 upstream dependencies and produce a verifiable stage output.","1","1","1","1","1","2","3","4","Single-station temporal cleaning and feature work has moderate scope and routine checks."
"bugs2fix:V00:report","bugs2fix","0","report","report","1","1.2","{""absolute_length_delta"": {""p25"": 6.0, ""p50"": 16.0, ""p75"": 36.0, ""p95"": 80.0}, ""execution_note"": ""Normalized function pairs; not executable repository tests."", ""mean_source_length"": 138.4590616966581, ""records"": 46680, ""source_length"": {""p25"": 103.0, ""p50"": 137.0, ""p75"": 173.0, ""p95"": 215.0}, ""unequal_fraction"": 1.0}","{""description"": ""Normalized Java before/after function-pair stratum; no executable repository tests are available."", ""median_absolute_length_delta"": 1.0, ""median_source_characters"": 80.0, ""patch_delta_band"": 1, ""records"": 3536, ""source_length_band"": 1, ""stratum"": ""source_length_q1_patch_delta_q1"", ""variant"": 0}","Perform stage 'report' requiring skill 'report' for the bugs2fix variant described in variant_context. Respect 1 upstream dependencies and produce a verifiable stage output.","1","0","1","0","1","1","1","3","Reporting one compact function-pair result is narrow and straightforward to check for completeness."
"beijing_ml:V02:clean_feature","beijing_ml","2","clean_feature","data","1","3.0","{""missing_fraction"": 0.009774058652538005, ""records"": 420768, ""stations"": 12}","{""description"": ""Beijing air-quality regression/time-series stratum with chronological validation required."", ""missing_pollutant_fraction"": 0.03149, ""pm25_median"": 41.0, ""records"": 35064, ""scope"": ""single_station"", ""stations"": 1, ""stratum"": ""station_Dingling"", ""variant"": 2}","Perform stage 'clean_feature' requiring skill 'data' for the beijing_ml variant described in variant_context. Respect 1 upstream dependencies and produce a verifiable stage output.","1","1","1","1","1","2","3","4","Single-station temporal cleaning and feature work has moderate scope and routine checks."
"bugs2fix:V06:reproduce","bugs2fix","6","reproduce","test","0","2.0","{""absolute_length_delta"": {""p25"": 6.0, ""p50"": 16.0, ""p75"": 36.0, ""p95"": 80.0}, ""execution_note"": ""Normalized function pairs; not executable repository tests."", ""mean_source_length"": 138.4590616966581, ""records"": 46680, ""source_length"": {""p25"": 103.0, ""p50"": 137.0, ""p75"": 173.0, ""p95"": 215.0}, ""unequal_fraction"": 1.0}","{""description"": ""Normalized Java before/after function-pair stratum; no executable repository tests are available."", ""median_absolute_length_delta"": 26.0, ""median_source_characters"": 121.0, ""patch_delta_band"": 3, ""records"": 3224, ""source_length_band"": 2, ""stratum"": ""source_length_q2_patch_delta_q3"", ""variant"": 6}","Perform stage 'reproduce' requiring skill 'test' for the bugs2fix variant described in variant_context. Respect 0 upstream dependencies and produce a verifiable stage output.","2","1","0","2","2","3","3","3","Longer source or a larger patch, combined with no executable repository tests, makes reproduction reasoning and verification demanding."
"adult_ml:V08:validate_load","adult_ml","8","validate_load","data","0","1.5","{""missing_fraction"": 0.008824372466319971, ""positive_fraction"": 0.23928176569346055, ""records"": 48842}","{""age_band"": 3, ""description"": ""Adult classification subgroup defined by empirical age and weekly-hours quartiles."", ""hours_per_week_band"": 1, ""missing_fraction"": 0.004865, ""positive_fraction"": 0.288019, ""records"": 7687, ""stratum"": ""age_q3_hours_q1"", ""variant"": 8}","Perform stage 'validate_load' requiring skill 'data' for the adult_ml variant described in variant_context. Respect 0 upstream dependencies and produce a verifiable stage output.","0","0","0","0","1","1","3","5","Bounded subgroup load checks have no upstream dependency and objective schema and count validation."
"adult_ml:V06:report","adult_ml","6","report","report","1","1.5","{""missing_fraction"": 0.008824372466319971, ""positive_fraction"": 0.23928176569346055, ""records"": 48842}","{""age_band"": 2, ""description"": ""Adult classification subgroup defined by empirical age and weekly-hours quartiles."", ""hours_per_week_band"": 3, ""missing_fraction"": 0.002818, ""positive_fraction"": 0.332373, ""records"": 1041, ""stratum"": ""age_q2_hours_q3"", ""variant"": 6}","Perform stage 'report' requiring skill 'report' for the adult_ml variant described in variant_context. Respect 1 upstream dependencies and produce a verifiable stage output.","0","0","1","1","0","1","1","5","A single-stratum report has narrow scope, one upstream artifact, and straightforward completeness checks."
