item_id,workload,variant,stage,skill,dependency_count,base_effort_reference,corpus_context,variant_context,task_description,ambiguity_score,scope_score,dependency_score,reasoning_score,verification_score,difficulty,failure_impact,confidence,reason
beijing_ml:V06:validate_load,beijing_ml,6,validate_load,data,0,1.8,"{""missing_fraction"": 0.009774058652538005, ""records"": 420768, ""stations"": 12}","{""description"": ""Beijing air-quality regression/time-series stratum with chronological validation required."", ""missing_pollutant_fraction"": 0.032902, ""pm25_median"": 47.0, ""records"": 35064, ""scope"": ""single_station"", ""stations"": 1, ""stratum"": ""station_Huairou"", ""variant"": 6}",Perform stage 'validate_load' requiring skill 'data' for the beijing_ml variant described in variant_context. Respect 0 upstream dependencies and produce a verifiable stage output.,1,1,0,1,1,2,3,4,Single-station time-series validation must preserve chronology and quantify missing pollutants.
bugs2fix:V12:report,bugs2fix,12,report,report,1,1.2,"{""absolute_length_delta"": {""p25"": 6.0, ""p50"": 16.0, ""p75"": 36.0, ""p95"": 80.0}, ""execution_note"": ""Normalized function pairs; not executable repository tests."", ""mean_source_length"": 138.4590616966581, ""records"": 46680, ""source_length"": {""p25"": 103.0, ""p50"": 137.0, ""p75"": 173.0, ""p95"": 215.0}, ""unequal_fraction"": 1.0}","{""description"": ""Normalized Java before/after function-pair stratum; no executable repository tests are available."", ""median_absolute_length_delta"": 1, ""median_source_characters"": 194, ""patch_delta_band"": 1, ""records"": 2853, ""source_length_band"": 4, ""stratum"": ""source_length_q4_patch_delta_q1"", ""variant"": 12}",Perform stage 'report' requiring skill 'report' for the bugs2fix variant described in variant_context. Respect 1 upstream dependencies and produce a verifiable stage output.,1,0,1,1,1,2,2,4,Reporting is bounded to one upstream repair artifact but must explain broader code/change evidence and test limitations.
bugs2fix:V08:report,bugs2fix,8,report,report,1,1.2,"{""absolute_length_delta"": {""p25"": 6.0, ""p50"": 16.0, ""p75"": 36.0, ""p95"": 80.0}, ""execution_note"": ""Normalized function pairs; not executable repository tests."", ""mean_source_length"": 138.4590616966581, ""records"": 46680, ""source_length"": {""p25"": 103.0, ""p50"": 137.0, ""p75"": 173.0, ""p95"": 215.0}, ""unequal_fraction"": 1.0}","{""description"": ""Normalized Java before/after function-pair stratum; no executable repository tests are available."", ""median_absolute_length_delta"": 1.0, ""median_source_characters"": 155.0, ""patch_delta_band"": 1, ""records"": 3012, ""source_length_band"": 3, ""stratum"": ""source_length_q3_patch_delta_q1"", ""variant"": 8}",Perform stage 'report' requiring skill 'report' for the bugs2fix variant described in variant_context. Respect 1 upstream dependencies and produce a verifiable stage output.,1,0,1,1,1,2,2,4,Reporting is bounded to one upstream repair artifact but must explain broader code/change evidence and test limitations.
adult_ml:V04:report,adult_ml,4,report,report,1,1.5,"{""missing_fraction"": 0.008824372466319971, ""positive_fraction"": 0.23928176569346055, ""records"": 48842}","{""age_band"": 2, ""description"": ""Adult classification subgroup defined by empirical age and weekly-hours quartiles."", ""hours_per_week_band"": 1, ""missing_fraction"": 0.006011, ""positive_fraction"": 0.171414, ""records"": 7619, ""stratum"": ""age_q2_hours_q1"", ""variant"": 4}",Perform stage 'report' requiring skill 'report' for the adult_ml variant described in variant_context. Respect 1 upstream dependencies and produce a verifiable stage output.,1,0,1,0,0,1,2,5,Summarizing one bounded upstream result is straightforward and easy to inspect.
beijing_ml:V08:eda,beijing_ml,8,eda,analysis,1,2.3,"{""missing_fraction"": 0.009774058652538005, ""records"": 420768, ""stations"": 12}","{""description"": ""Beijing air-quality regression/time-series stratum with chronological validation required."", ""missing_pollutant_fraction"": 0.037023, ""pm25_median"": 55.0, ""records"": 35064, ""scope"": ""single_station"", ""stations"": 1, ""stratum"": ""station_Shunyi"", ""variant"": 8}",Perform stage 'eda' requiring skill 'analysis' for the beijing_ml variant described in variant_context. Respect 1 upstream dependencies and produce a verifiable stage output.,1,1,1,1,2,2,2,4,Single-station temporal EDA is bounded but must diagnose missingness and time structure.
bugs2fix:V04:report,bugs2fix,4,report,report,1,1.2,"{""absolute_length_delta"": {""p25"": 6.0, ""p50"": 16.0, ""p75"": 36.0, ""p95"": 80.0}, ""execution_note"": ""Normalized function pairs; not executable repository tests."", ""mean_source_length"": 138.4590616966581, ""records"": 46680, ""source_length"": {""p25"": 103.0, ""p50"": 137.0, ""p75"": 173.0, ""p95"": 215.0}, ""unequal_fraction"": 1.0}","{""description"": ""Normalized Java before/after function-pair stratum; no executable repository tests are available."", ""median_absolute_length_delta"": 1.0, ""median_source_characters"": 120.0, ""patch_delta_band"": 1, ""records"": 2736, ""source_length_band"": 2, ""stratum"": ""source_length_q2_patch_delta_q1"", ""variant"": 4}",Perform stage 'report' requiring skill 'report' for the bugs2fix variant described in variant_context. Respect 1 upstream dependencies and produce a verifiable stage output.,1,0,1,0,1,1,2,4,"Reporting is bounded to one upstream repair artifact with a compact function and change, while noting test limitations."
beijing_ml:V15:eda,beijing_ml,15,eda,analysis,1,2.3,"{""missing_fraction"": 0.009774058652538005, ""records"": 420768, ""stations"": 12}","{""description"": ""Beijing air-quality regression/time-series stratum with chronological validation required."", ""missing_pollutant_fraction"": 0.032903, ""pm25_median"": 61.0, ""records"": 105984, ""scope"": ""multi_station_season"", ""stations"": 12, ""stratum"": ""all_stations_months_10_12"", ""variant"": 15}",Perform stage 'eda' requiring skill 'analysis' for the beijing_ml variant described in variant_context. Respect 1 upstream dependencies and produce a verifiable stage output.,1,2,1,2,1,3,2,4,"EDA spans 12 stations and a season, requiring temporal and cross-station reasoning."
beijing_ml:V07:report,beijing_ml,7,report,report,1,1.6,"{""missing_fraction"": 0.009774058652538005, ""records"": 420768, ""stations"": 12}","{""description"": ""Beijing air-quality regression/time-series stratum with chronological validation required."", ""missing_pollutant_fraction"": 0.018623, ""pm25_median"": 59.0, ""records"": 35064, ""scope"": ""single_station"", ""stations"": 1, ""stratum"": ""station_Nongzhanguan"", ""variant"": 7}",Perform stage 'report' requiring skill 'report' for the beijing_ml variant described in variant_context. Respect 1 upstream dependencies and produce a verifiable stage output.,1,0,1,1,0,1,2,5,A single-station result can be summarized directly with a concise chronology caveat.
beijing_ml:V09:clean_feature,beijing_ml,9,clean_feature,data,1,3.0,"{""missing_fraction"": 0.009774058652538005, ""records"": 420768, ""stations"": 12}","{""description"": ""Beijing air-quality regression/time-series stratum with chronological validation required."", ""missing_pollutant_fraction"": 0.024265, ""pm25_median"": 59.0, ""records"": 35064, ""scope"": ""single_station"", ""stations"": 1, ""stratum"": ""station_Tiantan"", ""variant"": 9}",Perform stage 'clean_feature' requiring skill 'data' for the beijing_ml variant described in variant_context. Respect 1 upstream dependencies and produce a verifiable stage output.,1,1,1,2,2,3,3,4,Single-station feature construction must avoid temporal leakage and validate imputation.
beijing_ml:V05:clean_feature,beijing_ml,5,clean_feature,data,1,3.0,"{""missing_fraction"": 0.009774058652538005, ""records"": 420768, ""stations"": 12}","{""description"": ""Beijing air-quality regression/time-series stratum with chronological validation required."", ""missing_pollutant_fraction"": 0.020591, ""pm25_median"": 60.0, ""records"": 35064, ""scope"": ""single_station"", ""stations"": 1, ""stratum"": ""station_Gucheng"", ""variant"": 5}",Perform stage 'clean_feature' requiring skill 'data' for the beijing_ml variant described in variant_context. Respect 1 upstream dependencies and produce a verifiable stage output.,1,1,1,2,2,3,3,4,Single-station feature construction must avoid temporal leakage and validate imputation.
adult_ml:V12:baseline_model,adult_ml,12,baseline_model,ml,1,2.5,"{""missing_fraction"": 0.008824372466319971, ""positive_fraction"": 0.23928176569346055, ""records"": 48842}","{""age_band"": 4, ""description"": ""Adult classification subgroup defined by empirical age and weekly-hours quartiles."", ""hours_per_week_band"": 1, ""missing_fraction"": 0.015525, ""positive_fraction"": 0.260737, ""records"": 8219, ""stratum"": ""age_q4_hours_q1"", ""variant"": 12}",Perform stage 'baseline_model' requiring skill 'ml' for the adult_ml variant described in variant_context. Respect 1 upstream dependencies and produce a verifiable stage output.,1,1,1,1,1,2,2,4,Baseline classification entails standard model and metric choices on a bounded subgroup.
adult_ml:V02:evaluate,adult_ml,2,evaluate,test,2,2.0,"{""missing_fraction"": 0.008824372466319971, ""positive_fraction"": 0.23928176569346055, ""records"": 48842}","{""age_band"": 1, ""description"": ""Adult classification subgroup defined by empirical age and weekly-hours quartiles."", ""hours_per_week_band"": 3, ""missing_fraction"": 0.008829, ""positive_fraction"": 0.110119, ""records"": 672, ""stratum"": ""age_q1_hours_q3"", ""variant"": 2}",Perform stage 'evaluate' requiring skill 'test' for the adult_ml variant described in variant_context. Respect 2 upstream dependencies and produce a verifiable stage output.,1,1,2,1,2,3,3,4,The small subgroup increases uncertainty and verification burden for comparative evaluation.
bugs2fix:V10:fix,bugs2fix,10,fix,code,1,3.5,"{""absolute_length_delta"": {""p25"": 6.0, ""p50"": 16.0, ""p75"": 36.0, ""p95"": 80.0}, ""execution_note"": ""Normalized function pairs; not executable repository tests."", ""mean_source_length"": 138.4590616966581, ""records"": 46680, ""source_length"": {""p25"": 103.0, ""p50"": 137.0, ""p75"": 173.0, ""p95"": 215.0}, ""unequal_fraction"": 1.0}","{""description"": ""Normalized Java before/after function-pair stratum; no executable repository tests are available."", ""median_absolute_length_delta"": 25.0, ""median_source_characters"": 155.0, ""patch_delta_band"": 3, ""records"": 2968, ""source_length_band"": 3, ""stratum"": ""source_length_q3_patch_delta_q3"", ""variant"": 10}",Perform stage 'fix' requiring skill 'code' for the bugs2fix variant described in variant_context. Respect 1 upstream dependencies and produce a verifiable stage output.,2,1,1,2,2,3,3,4,Deriving a behavior-preserving Java fix requires deep reasoning with no executable project context.
adult_ml:V01:clean_feature,adult_ml,1,clean_feature,data,1,2.5,"{""missing_fraction"": 0.008824372466319971, ""positive_fraction"": 0.23928176569346055, ""records"": 48842}","{""age_band"": 1, ""description"": ""Adult classification subgroup defined by empirical age and weekly-hours quartiles."", ""hours_per_week_band"": 2, ""missing_fraction"": 0.0, ""positive_fraction"": 0.0, ""records"": 0, ""stratum"": ""age_q1_hours_q2"", ""variant"": 1}",Perform stage 'clean_feature' requiring skill 'data' for the adult_ml variant described in variant_context. Respect 1 upstream dependencies and produce a verifiable stage output.,2,0,1,1,1,2,3,5,Feature preparation cannot proceed normally on an empty stratum and needs a documented fallback.
bugs2fix:V01:localise,bugs2fix,1,localise,analysis,1,2.8,"{""absolute_length_delta"": {""p25"": 6.0, ""p50"": 16.0, ""p75"": 36.0, ""p95"": 80.0}, ""execution_note"": ""Normalized function pairs; not executable repository tests."", ""mean_source_length"": 138.4590616966581, ""records"": 46680, ""source_length"": {""p25"": 103.0, ""p50"": 137.0, ""p75"": 173.0, ""p95"": 215.0}, ""unequal_fraction"": 1.0}","{""description"": ""Normalized Java before/after function-pair stratum; no executable repository tests are available."", ""median_absolute_length_delta"": 10, ""median_source_characters"": 80, ""patch_delta_band"": 2, ""records"": 3459, ""source_length_band"": 1, ""stratum"": ""source_length_q1_patch_delta_q2"", ""variant"": 1}",Perform stage 'localise' requiring skill 'analysis' for the bugs2fix variant described in variant_context. Respect 1 upstream dependencies and produce a verifiable stage output.,2,0,1,2,2,3,3,4,"Fault localization needs semantic comparison, while absent repository tests limit confirmation."
adult_ml:V11:validate_load,adult_ml,11,validate_load,data,0,1.5,"{""missing_fraction"": 0.008824372466319971, ""positive_fraction"": 0.23928176569346055, ""records"": 48842}","{""age_band"": 3, ""description"": ""Adult classification subgroup defined by empirical age and weekly-hours quartiles."", ""hours_per_week_band"": 4, ""missing_fraction"": 0.00239, ""positive_fraction"": 0.512475, ""records"": 3487, ""stratum"": ""age_q3_hours_q4"", ""variant"": 11}",Perform stage 'validate_load' requiring skill 'data' for the adult_ml variant described in variant_context. Respect 0 upstream dependencies and produce a verifiable stage output.,1,0,0,0,1,1,3,5,Bounded schema/load checks are direct and objectively verifiable.
adult_ml:V06:evaluate,adult_ml,6,evaluate,test,2,2.0,"{""missing_fraction"": 0.008824372466319971, ""positive_fraction"": 0.23928176569346055, ""records"": 48842}","{""age_band"": 2, ""description"": ""Adult classification subgroup defined by empirical age and weekly-hours quartiles."", ""hours_per_week_band"": 3, ""missing_fraction"": 0.002818, ""positive_fraction"": 0.332373, ""records"": 1041, ""stratum"": ""age_q2_hours_q3"", ""variant"": 6}",Perform stage 'evaluate' requiring skill 'test' for the adult_ml variant described in variant_context. Respect 2 upstream dependencies and produce a verifiable stage output.,1,1,2,1,1,2,3,4,Evaluation integrates two upstream artifacts but uses standard classification checks.
beijing_ml:V02:baseline_model,beijing_ml,2,baseline_model,ml,1,3.0,"{""missing_fraction"": 0.009774058652538005, ""records"": 420768, ""stations"": 12}","{""description"": ""Beijing air-quality regression/time-series stratum with chronological validation required."", ""missing_pollutant_fraction"": 0.03149, ""pm25_median"": 41.0, ""records"": 35064, ""scope"": ""single_station"", ""stations"": 1, ""stratum"": ""station_Dingling"", ""variant"": 2}",Perform stage 'baseline_model' requiring skill 'ml' for the beijing_ml variant described in variant_context. Respect 1 upstream dependencies and produce a verifiable stage output.,1,1,1,2,2,3,3,4,Single-station regression requires chronological splitting and time-aware error checks.
bugs2fix:V09:reproduce,bugs2fix,9,reproduce,test,0,2.0,"{""absolute_length_delta"": {""p25"": 6.0, ""p50"": 16.0, ""p75"": 36.0, ""p95"": 80.0}, ""execution_note"": ""Normalized function pairs; not executable repository tests."", ""mean_source_length"": 138.4590616966581, ""records"": 46680, ""source_length"": {""p25"": 103.0, ""p50"": 137.0, ""p75"": 173.0, ""p95"": 215.0}, ""unequal_fraction"": 1.0}","{""description"": ""Normalized Java before/after function-pair stratum; no executable repository tests are available."", ""median_absolute_length_delta"": 10, ""median_source_characters"": 155, ""patch_delta_band"": 2, ""records"": 2549, ""source_length_band"": 3, ""stratum"": ""source_length_q3_patch_delta_q2"", ""variant"": 9}",Perform stage 'reproduce' requiring skill 'test' for the bugs2fix variant described in variant_context. Respect 0 upstream dependencies and produce a verifiable stage output.,2,1,0,1,2,2,2,4,"Reproduction relies on static before/after evidence without executable repository tests, with added code or change breadth."
beijing_ml:V00:advanced_model,beijing_ml,0,advanced_model,ml,1,4.2,"{""missing_fraction"": 0.009774058652538005, ""records"": 420768, ""stations"": 12}","{""description"": ""Beijing air-quality regression/time-series stratum with chronological validation required."", ""missing_pollutant_fraction"": 0.033729, ""pm25_median"": 58.0, ""records"": 35064, ""scope"": ""single_station"", ""stations"": 1, ""stratum"": ""station_Aotizhongxin"", ""variant"": 0}",Perform stage 'advanced_model' requiring skill 'ml' for the beijing_ml variant described in variant_context. Respect 1 upstream dependencies and produce a verifiable stage output.,2,1,1,2,2,3,3,4,The advanced single-station model is unspecified and needs tuning plus robust chronological validation.
beijing_ml:V02:report,beijing_ml,2,report,report,1,1.6,"{""missing_fraction"": 0.009774058652538005, ""records"": 420768, ""stations"": 12}","{""description"": ""Beijing air-quality regression/time-series stratum with chronological validation required."", ""missing_pollutant_fraction"": 0.03149, ""pm25_median"": 41.0, ""records"": 35064, ""scope"": ""single_station"", ""stations"": 1, ""stratum"": ""station_Dingling"", ""variant"": 2}",Perform stage 'report' requiring skill 'report' for the beijing_ml variant described in variant_context. Respect 1 upstream dependencies and produce a verifiable stage output.,1,0,1,1,0,1,2,5,A single-station result can be summarized directly with a concise chronology caveat.
adult_ml:V10:evaluate,adult_ml,10,evaluate,test,2,2.0,"{""missing_fraction"": 0.008824372466319971, ""positive_fraction"": 0.23928176569346055, ""records"": 48842}","{""age_band"": 3, ""description"": ""Adult classification subgroup defined by empirical age and weekly-hours quartiles."", ""hours_per_week_band"": 3, ""missing_fraction"": 0.002217, ""positive_fraction"": 0.434783, ""records"": 1173, ""stratum"": ""age_q3_hours_q3"", ""variant"": 10}",Perform stage 'evaluate' requiring skill 'test' for the adult_ml variant described in variant_context. Respect 2 upstream dependencies and produce a verifiable stage output.,1,1,2,1,1,2,3,4,Evaluation integrates two upstream artifacts but uses standard classification checks.
bugs2fix:V09:report,bugs2fix,9,report,report,1,1.2,"{""absolute_length_delta"": {""p25"": 6.0, ""p50"": 16.0, ""p75"": 36.0, ""p95"": 80.0}, ""execution_note"": ""Normalized function pairs; not executable repository tests."", ""mean_source_length"": 138.4590616966581, ""records"": 46680, ""source_length"": {""p25"": 103.0, ""p50"": 137.0, ""p75"": 173.0, ""p95"": 215.0}, ""unequal_fraction"": 1.0}","{""description"": ""Normalized Java before/after function-pair stratum; no executable repository tests are available."", ""median_absolute_length_delta"": 10, ""median_source_characters"": 155, ""patch_delta_band"": 2, ""records"": 2549, ""source_length_band"": 3, ""stratum"": ""source_length_q3_patch_delta_q2"", ""variant"": 9}",Perform stage 'report' requiring skill 'report' for the bugs2fix variant described in variant_context. Respect 1 upstream dependencies and produce a verifiable stage output.,1,0,1,1,1,2,2,4,Reporting is bounded to one upstream repair artifact but must explain broader code/change evidence and test limitations.
beijing_ml:V06:eda,beijing_ml,6,eda,analysis,1,2.3,"{""missing_fraction"": 0.009774058652538005, ""records"": 420768, ""stations"": 12}","{""description"": ""Beijing air-quality regression/time-series stratum with chronological validation required."", ""missing_pollutant_fraction"": 0.032902, ""pm25_median"": 47.0, ""records"": 35064, ""scope"": ""single_station"", ""stations"": 1, ""stratum"": ""station_Huairou"", ""variant"": 6}",Perform stage 'eda' requiring skill 'analysis' for the beijing_ml variant described in variant_context. Respect 1 upstream dependencies and produce a verifiable stage output.,1,1,1,1,1,2,2,4,Single-station temporal EDA is bounded but must diagnose missingness and time structure.
beijing_ml:V05:evaluate,beijing_ml,5,evaluate,test,2,2.4,"{""missing_fraction"": 0.009774058652538005, ""records"": 420768, ""stations"": 12}","{""description"": ""Beijing air-quality regression/time-series stratum with chronological validation required."", ""missing_pollutant_fraction"": 0.020591, ""pm25_median"": 60.0, ""records"": 35064, ""scope"": ""single_station"", ""stations"": 1, ""stratum"": ""station_Gucheng"", ""variant"": 5}",Perform stage 'evaluate' requiring skill 'test' for the beijing_ml variant described in variant_context. Respect 2 upstream dependencies and produce a verifiable stage output.,1,1,2,2,2,3,3,4,Evaluation combines two upstream artifacts and must verify single-station temporal generalization.
adult_ml:V05:validate_load,adult_ml,5,validate_load,data,0,1.5,"{""missing_fraction"": 0.008824372466319971, ""positive_fraction"": 0.23928176569346055, ""records"": 48842}","{""age_band"": 2, ""description"": ""Adult classification subgroup defined by empirical age and weekly-hours quartiles."", ""hours_per_week_band"": 2, ""missing_fraction"": 0.0, ""positive_fraction"": 0.0, ""records"": 0, ""stratum"": ""age_q2_hours_q2"", ""variant"": 5}",Perform stage 'validate_load' requiring skill 'data' for the adult_ml variant described in variant_context. Respect 0 upstream dependencies and produce a verifiable stage output.,2,0,0,1,1,2,3,5,Empty stratum requires an explicit no-data decision before downstream use.
bugs2fix:V00:localise,bugs2fix,0,localise,analysis,1,2.8,"{""absolute_length_delta"": {""p25"": 6.0, ""p50"": 16.0, ""p75"": 36.0, ""p95"": 80.0}, ""execution_note"": ""Normalized function pairs; not executable repository tests."", ""mean_source_length"": 138.4590616966581, ""records"": 46680, ""source_length"": {""p25"": 103.0, ""p50"": 137.0, ""p75"": 173.0, ""p95"": 215.0}, ""unequal_fraction"": 1.0}","{""description"": ""Normalized Java before/after function-pair stratum; no executable repository tests are available."", ""median_absolute_length_delta"": 1.0, ""median_source_characters"": 80.0, ""patch_delta_band"": 1, ""records"": 3536, ""source_length_band"": 1, ""stratum"": ""source_length_q1_patch_delta_q1"", ""variant"": 0}",Perform stage 'localise' requiring skill 'analysis' for the bugs2fix variant described in variant_context. Respect 1 upstream dependencies and produce a verifiable stage output.,2,0,1,2,2,3,3,4,"Fault localization needs semantic comparison, while absent repository tests limit confirmation."
bugs2fix:V03:reproduce,bugs2fix,3,reproduce,test,0,2.0,"{""absolute_length_delta"": {""p25"": 6.0, ""p50"": 16.0, ""p75"": 36.0, ""p95"": 80.0}, ""execution_note"": ""Normalized function pairs; not executable repository tests."", ""mean_source_length"": 138.4590616966581, ""records"": 46680, ""source_length"": {""p25"": 103.0, ""p50"": 137.0, ""p75"": 173.0, ""p95"": 215.0}, ""unequal_fraction"": 1.0}","{""description"": ""Normalized Java before/after function-pair stratum; no executable repository tests are available."", ""median_absolute_length_delta"": 45.0, ""median_source_characters"": 89.0, ""patch_delta_band"": 4, ""records"": 1580, ""source_length_band"": 1, ""stratum"": ""source_length_q1_patch_delta_q4"", ""variant"": 3}",Perform stage 'reproduce' requiring skill 'test' for the bugs2fix variant described in variant_context. Respect 0 upstream dependencies and produce a verifiable stage output.,2,0,0,2,2,2,2,4,"Reproduction relies on static before/after evidence without executable repository tests, with added code or change breadth."
beijing_ml:V11:report,beijing_ml,11,report,report,1,1.6,"{""missing_fraction"": 0.009774058652538005, ""records"": 420768, ""stations"": 12}","{""description"": ""Beijing air-quality regression/time-series stratum with chronological validation required."", ""missing_pollutant_fraction"": 0.023661, ""pm25_median"": 60.0, ""records"": 35064, ""scope"": ""single_station"", ""stations"": 1, ""stratum"": ""station_Wanshouxigong"", ""variant"": 11}",Perform stage 'report' requiring skill 'report' for the beijing_ml variant described in variant_context. Respect 1 upstream dependencies and produce a verifiable stage output.,1,0,1,1,0,1,2,5,A single-station result can be summarized directly with a concise chronology caveat.
beijing_ml:V02:clean_feature,beijing_ml,2,clean_feature,data,1,3.0,"{""missing_fraction"": 0.009774058652538005, ""records"": 420768, ""stations"": 12}","{""description"": ""Beijing air-quality regression/time-series stratum with chronological validation required."", ""missing_pollutant_fraction"": 0.03149, ""pm25_median"": 41.0, ""records"": 35064, ""scope"": ""single_station"", ""stations"": 1, ""stratum"": ""station_Dingling"", ""variant"": 2}",Perform stage 'clean_feature' requiring skill 'data' for the beijing_ml variant described in variant_context. Respect 1 upstream dependencies and produce a verifiable stage output.,1,1,1,2,2,3,3,4,Single-station feature construction must avoid temporal leakage and validate imputation.
beijing_ml:V12:advanced_model,beijing_ml,12,advanced_model,ml,1,4.2,"{""missing_fraction"": 0.009774058652538005, ""records"": 420768, ""stations"": 12}","{""description"": ""Beijing air-quality regression/time-series stratum with chronological validation required."", ""missing_pollutant_fraction"": 0.021274, ""pm25_median"": 61.0, ""records"": 103968, ""scope"": ""multi_station_season"", ""stations"": 12, ""stratum"": ""all_stations_months_01_03"", ""variant"": 12}",Perform stage 'advanced_model' requiring skill 'ml' for the beijing_ml variant described in variant_context. Respect 1 upstream dependencies and produce a verifiable stage output.,2,2,1,2,2,3,3,4,The advanced multi-station seasonal model is unspecified and needs tuning plus robust chronological validation.
adult_ml:V14:report,adult_ml,14,report,report,1,1.5,"{""missing_fraction"": 0.008824372466319971, ""positive_fraction"": 0.23928176569346055, ""records"": 48842}","{""age_band"": 4, ""description"": ""Adult classification subgroup defined by empirical age and weekly-hours quartiles."", ""hours_per_week_band"": 3, ""missing_fraction"": 0.005839, ""positive_fraction"": 0.470588, ""records"": 765, ""stratum"": ""age_q4_hours_q3"", ""variant"": 14}",Perform stage 'report' requiring skill 'report' for the adult_ml variant described in variant_context. Respect 1 upstream dependencies and produce a verifiable stage output.,1,0,1,0,0,1,2,5,Summarizing one bounded upstream result is straightforward and easy to inspect.
beijing_ml:V06:advanced_model,beijing_ml,6,advanced_model,ml,1,4.2,"{""missing_fraction"": 0.009774058652538005, ""records"": 420768, ""stations"": 12}","{""description"": ""Beijing air-quality regression/time-series stratum with chronological validation required."", ""missing_pollutant_fraction"": 0.032902, ""pm25_median"": 47.0, ""records"": 35064, ""scope"": ""single_station"", ""stations"": 1, ""stratum"": ""station_Huairou"", ""variant"": 6}",Perform stage 'advanced_model' requiring skill 'ml' for the beijing_ml variant described in variant_context. Respect 1 upstream dependencies and produce a verifiable stage output.,2,1,1,2,2,3,3,4,The advanced single-station model is unspecified and needs tuning plus robust chronological validation.
adult_ml:V14:eda,adult_ml,14,eda,analysis,1,2.0,"{""missing_fraction"": 0.008824372466319971, ""positive_fraction"": 0.23928176569346055, ""records"": 48842}","{""age_band"": 4, ""description"": ""Adult classification subgroup defined by empirical age and weekly-hours quartiles."", ""hours_per_week_band"": 3, ""missing_fraction"": 0.005839, ""positive_fraction"": 0.470588, ""records"": 765, ""stratum"": ""age_q4_hours_q3"", ""variant"": 14}",Perform stage 'eda' requiring skill 'analysis' for the adult_ml variant described in variant_context. Respect 1 upstream dependencies and produce a verifiable stage output.,1,1,1,1,1,2,2,4,Subgroup EDA requires linked descriptive checks but remains bounded to one tabular stratum.
bugs2fix:V07:fix,bugs2fix,7,fix,code,1,3.5,"{""absolute_length_delta"": {""p25"": 6.0, ""p50"": 16.0, ""p75"": 36.0, ""p95"": 80.0}, ""execution_note"": ""Normalized function pairs; not executable repository tests."", ""mean_source_length"": 138.4590616966581, ""records"": 46680, ""source_length"": {""p25"": 103.0, ""p50"": 137.0, ""p75"": 173.0, ""p95"": 215.0}, ""unequal_fraction"": 1.0}","{""description"": ""Normalized Java before/after function-pair stratum; no executable repository tests are available."", ""median_absolute_length_delta"": 50, ""median_source_characters"": 122, ""patch_delta_band"": 4, ""records"": 2793, ""source_length_band"": 2, ""stratum"": ""source_length_q2_patch_delta_q4"", ""variant"": 7}",Perform stage 'fix' requiring skill 'code' for the bugs2fix variant described in variant_context. Respect 1 upstream dependencies and produce a verifiable stage output.,2,1,1,2,2,3,3,4,Deriving a behavior-preserving Java fix requires deep reasoning with no executable project context.
beijing_ml:V05:baseline_model,beijing_ml,5,baseline_model,ml,1,3.0,"{""missing_fraction"": 0.009774058652538005, ""records"": 420768, ""stations"": 12}","{""description"": ""Beijing air-quality regression/time-series stratum with chronological validation required."", ""missing_pollutant_fraction"": 0.020591, ""pm25_median"": 60.0, ""records"": 35064, ""scope"": ""single_station"", ""stations"": 1, ""stratum"": ""station_Gucheng"", ""variant"": 5}",Perform stage 'baseline_model' requiring skill 'ml' for the beijing_ml variant described in variant_context. Respect 1 upstream dependencies and produce a verifiable stage output.,1,1,1,2,2,3,3,4,Single-station regression requires chronological splitting and time-aware error checks.
adult_ml:V00:evaluate,adult_ml,0,evaluate,test,2,2.0,"{""missing_fraction"": 0.008824372466319971, ""positive_fraction"": 0.23928176569346055, ""records"": 48842}","{""age_band"": 1, ""description"": ""Adult classification subgroup defined by empirical age and weekly-hours quartiles."", ""hours_per_week_band"": 1, ""missing_fraction"": 0.014549, ""positive_fraction"": 0.025718, ""records"": 10965, ""stratum"": ""age_q1_hours_q1"", ""variant"": 0}",Perform stage 'evaluate' requiring skill 'test' for the adult_ml variant described in variant_context. Respect 2 upstream dependencies and produce a verifiable stage output.,1,1,2,2,2,3,3,4,Rare positives require careful metrics and uncertainty checks across two upstream artifacts.
adult_ml:V10:clean_feature,adult_ml,10,clean_feature,data,1,2.5,"{""missing_fraction"": 0.008824372466319971, ""positive_fraction"": 0.23928176569346055, ""records"": 48842}","{""age_band"": 3, ""description"": ""Adult classification subgroup defined by empirical age and weekly-hours quartiles."", ""hours_per_week_band"": 3, ""missing_fraction"": 0.002217, ""positive_fraction"": 0.434783, ""records"": 1173, ""stratum"": ""age_q3_hours_q3"", ""variant"": 10}",Perform stage 'clean_feature' requiring skill 'data' for the adult_ml variant described in variant_context. Respect 1 upstream dependencies and produce a verifiable stage output.,1,1,1,2,1,2,3,4,Mixed-type feature preparation needs leakage-aware choices across several variables.
bugs2fix:V15:regression_test,bugs2fix,15,regression_test,test,1,2.3,"{""absolute_length_delta"": {""p25"": 6.0, ""p50"": 16.0, ""p75"": 36.0, ""p95"": 80.0}, ""execution_note"": ""Normalized function pairs; not executable repository tests."", ""mean_source_length"": 138.4590616966581, ""records"": 46680, ""source_length"": {""p25"": 103.0, ""p50"": 137.0, ""p75"": 173.0, ""p95"": 215.0}, ""unequal_fraction"": 1.0}","{""description"": ""Normalized Java before/after function-pair stratum; no executable repository tests are available."", ""median_absolute_length_delta"": 66, ""median_source_characters"": 196, ""patch_delta_band"": 4, ""records"": 3633, ""source_length_band"": 4, ""stratum"": ""source_length_q4_patch_delta_q4"", ""variant"": 15}",Perform stage 'regression_test' requiring skill 'test' for the bugs2fix variant described in variant_context. Respect 1 upstream dependencies and produce a verifiable stage output.,2,1,1,2,2,3,3,4,Regression verification must use defensible static or proxy checks because repository tests are unavailable.
bugs2fix:V12:regression_test,bugs2fix,12,regression_test,test,1,2.3,"{""absolute_length_delta"": {""p25"": 6.0, ""p50"": 16.0, ""p75"": 36.0, ""p95"": 80.0}, ""execution_note"": ""Normalized function pairs; not executable repository tests."", ""mean_source_length"": 138.4590616966581, ""records"": 46680, ""source_length"": {""p25"": 103.0, ""p50"": 137.0, ""p75"": 173.0, ""p95"": 215.0}, ""unequal_fraction"": 1.0}","{""description"": ""Normalized Java before/after function-pair stratum; no executable repository tests are available."", ""median_absolute_length_delta"": 1, ""median_source_characters"": 194, ""patch_delta_band"": 1, ""records"": 2853, ""source_length_band"": 4, ""stratum"": ""source_length_q4_patch_delta_q1"", ""variant"": 12}",Perform stage 'regression_test' requiring skill 'test' for the bugs2fix variant described in variant_context. Respect 1 upstream dependencies and produce a verifiable stage output.,2,1,1,1,2,3,3,4,Regression verification must use defensible static or proxy checks because repository tests are unavailable.
beijing_ml:V10:validate_load,beijing_ml,10,validate_load,data,0,1.8,"{""missing_fraction"": 0.009774058652538005, ""records"": 420768, ""stations"": 12}","{""description"": ""Beijing air-quality regression/time-series stratum with chronological validation required."", ""missing_pollutant_fraction"": 0.029613, ""pm25_median"": 59.0, ""records"": 35064, ""scope"": ""single_station"", ""stations"": 1, ""stratum"": ""station_Wanliu"", ""variant"": 10}",Perform stage 'validate_load' requiring skill 'data' for the beijing_ml variant described in variant_context. Respect 0 upstream dependencies and produce a verifiable stage output.,1,1,0,1,1,2,3,4,Single-station time-series validation must preserve chronology and quantify missing pollutants.
bugs2fix:V04:fix,bugs2fix,4,fix,code,1,3.5,"{""absolute_length_delta"": {""p25"": 6.0, ""p50"": 16.0, ""p75"": 36.0, ""p95"": 80.0}, ""execution_note"": ""Normalized function pairs; not executable repository tests."", ""mean_source_length"": 138.4590616966581, ""records"": 46680, ""source_length"": {""p25"": 103.0, ""p50"": 137.0, ""p75"": 173.0, ""p95"": 215.0}, ""unequal_fraction"": 1.0}","{""description"": ""Normalized Java before/after function-pair stratum; no executable repository tests are available."", ""median_absolute_length_delta"": 1.0, ""median_source_characters"": 120.0, ""patch_delta_band"": 1, ""records"": 2736, ""source_length_band"": 2, ""stratum"": ""source_length_q2_patch_delta_q1"", ""variant"": 4}",Perform stage 'fix' requiring skill 'code' for the bugs2fix variant described in variant_context. Respect 1 upstream dependencies and produce a verifiable stage output.,2,1,1,2,2,3,3,4,Deriving a behavior-preserving Java fix requires deep reasoning with no executable project context.
bugs2fix:V05:report,bugs2fix,5,report,report,1,1.2,"{""absolute_length_delta"": {""p25"": 6.0, ""p50"": 16.0, ""p75"": 36.0, ""p95"": 80.0}, ""execution_note"": ""Normalized function pairs; not executable repository tests."", ""mean_source_length"": 138.4590616966581, ""records"": 46680, ""source_length"": {""p25"": 103.0, ""p50"": 137.0, ""p75"": 173.0, ""p95"": 215.0}, ""unequal_fraction"": 1.0}","{""description"": ""Normalized Java before/after function-pair stratum; no executable repository tests are available."", ""median_absolute_length_delta"": 10, ""median_source_characters"": 120, ""patch_delta_band"": 2, ""records"": 2735, ""source_length_band"": 2, ""stratum"": ""source_length_q2_patch_delta_q2"", ""variant"": 5}",Perform stage 'report' requiring skill 'report' for the bugs2fix variant described in variant_context. Respect 1 upstream dependencies and produce a verifiable stage output.,1,0,1,0,1,1,2,4,"Reporting is bounded to one upstream repair artifact with a compact function and change, while noting test limitations."
beijing_ml:V03:clean_feature,beijing_ml,3,clean_feature,data,1,3.0,"{""missing_fraction"": 0.009774058652538005, ""records"": 420768, ""stations"": 12}","{""description"": ""Beijing air-quality regression/time-series stratum with chronological validation required."", ""missing_pollutant_fraction"": 0.035307, ""pm25_median"": 61.0, ""records"": 35064, ""scope"": ""single_station"", ""stations"": 1, ""stratum"": ""station_Dongsi"", ""variant"": 3}",Perform stage 'clean_feature' requiring skill 'data' for the beijing_ml variant described in variant_context. Respect 1 upstream dependencies and produce a verifiable stage output.,1,1,1,2,2,3,3,4,Single-station feature construction must avoid temporal leakage and validate imputation.
beijing_ml:V14:validate_load,beijing_ml,14,validate_load,data,0,1.8,"{""missing_fraction"": 0.009774058652538005, ""records"": 420768, ""stations"": 12}","{""description"": ""Beijing air-quality regression/time-series stratum with chronological validation required."", ""missing_pollutant_fraction"": 0.026987, ""pm25_median"": 49.0, ""records"": 105984, ""scope"": ""multi_station_season"", ""stations"": 12, ""stratum"": ""all_stations_months_07_09"", ""variant"": 14}",Perform stage 'validate_load' requiring skill 'data' for the beijing_ml variant described in variant_context. Respect 0 upstream dependencies and produce a verifiable stage output.,1,2,0,1,1,2,3,4,Multi-station seasonal time-series validation must preserve chronology and quantify missing pollutants.
adult_ml:V02:advanced_model,adult_ml,2,advanced_model,ml,1,3.5,"{""missing_fraction"": 0.008824372466319971, ""positive_fraction"": 0.23928176569346055, ""records"": 48842}","{""age_band"": 1, ""description"": ""Adult classification subgroup defined by empirical age and weekly-hours quartiles."", ""hours_per_week_band"": 3, ""missing_fraction"": 0.008829, ""positive_fraction"": 0.110119, ""records"": 672, ""stratum"": ""age_q1_hours_q3"", ""variant"": 2}",Perform stage 'advanced_model' requiring skill 'ml' for the adult_ml variant described in variant_context. Respect 1 upstream dependencies and produce a verifiable stage output.,2,1,1,2,2,3,2,4,The advanced method is unspecified and requires tuning plus leakage and generalization checks.
beijing_ml:V03:validate_load,beijing_ml,3,validate_load,data,0,1.8,"{""missing_fraction"": 0.009774058652538005, ""records"": 420768, ""stations"": 12}","{""description"": ""Beijing air-quality regression/time-series stratum with chronological validation required."", ""missing_pollutant_fraction"": 0.035307, ""pm25_median"": 61.0, ""records"": 35064, ""scope"": ""single_station"", ""stations"": 1, ""stratum"": ""station_Dongsi"", ""variant"": 3}",Perform stage 'validate_load' requiring skill 'data' for the beijing_ml variant described in variant_context. Respect 0 upstream dependencies and produce a verifiable stage output.,1,1,0,1,1,2,3,4,Single-station time-series validation must preserve chronology and quantify missing pollutants.
beijing_ml:V09:report,beijing_ml,9,report,report,1,1.6,"{""missing_fraction"": 0.009774058652538005, ""records"": 420768, ""stations"": 12}","{""description"": ""Beijing air-quality regression/time-series stratum with chronological validation required."", ""missing_pollutant_fraction"": 0.024265, ""pm25_median"": 59.0, ""records"": 35064, ""scope"": ""single_station"", ""stations"": 1, ""stratum"": ""station_Tiantan"", ""variant"": 9}",Perform stage 'report' requiring skill 'report' for the beijing_ml variant described in variant_context. Respect 1 upstream dependencies and produce a verifiable stage output.,1,0,1,1,0,1,2,5,A single-station result can be summarized directly with a concise chronology caveat.
adult_ml:V13:clean_feature,adult_ml,13,clean_feature,data,1,2.5,"{""missing_fraction"": 0.008824372466319971, ""positive_fraction"": 0.23928176569346055, ""records"": 48842}","{""age_band"": 4, ""description"": ""Adult classification subgroup defined by empirical age and weekly-hours quartiles."", ""hours_per_week_band"": 2, ""missing_fraction"": 0.0, ""positive_fraction"": 0.0, ""records"": 0, ""stratum"": ""age_q4_hours_q2"", ""variant"": 13}",Perform stage 'clean_feature' requiring skill 'data' for the adult_ml variant described in variant_context. Respect 1 upstream dependencies and produce a verifiable stage output.,2,0,1,1,1,2,3,5,Feature preparation cannot proceed normally on an empty stratum and needs a documented fallback.
beijing_ml:V13:clean_feature,beijing_ml,13,clean_feature,data,1,3.0,"{""missing_fraction"": 0.009774058652538005, ""records"": 420768, ""stations"": 12}","{""description"": ""Beijing air-quality regression/time-series stratum with chronological validation required."", ""missing_pollutant_fraction"": 0.030124, ""pm25_median"": 54.0, ""records"": 104832, ""scope"": ""multi_station_season"", ""stations"": 12, ""stratum"": ""all_stations_months_04_06"", ""variant"": 13}",Perform stage 'clean_feature' requiring skill 'data' for the beijing_ml variant described in variant_context. Respect 1 upstream dependencies and produce a verifiable stage output.,1,2,1,2,2,3,3,4,Multi-station seasonal feature construction must avoid temporal leakage and validate imputation.
adult_ml:V08:baseline_model,adult_ml,8,baseline_model,ml,1,2.5,"{""missing_fraction"": 0.008824372466319971, ""positive_fraction"": 0.23928176569346055, ""records"": 48842}","{""age_band"": 3, ""description"": ""Adult classification subgroup defined by empirical age and weekly-hours quartiles."", ""hours_per_week_band"": 1, ""missing_fraction"": 0.004865, ""positive_fraction"": 0.288019, ""records"": 7687, ""stratum"": ""age_q3_hours_q1"", ""variant"": 8}",Perform stage 'baseline_model' requiring skill 'ml' for the adult_ml variant described in variant_context. Respect 1 upstream dependencies and produce a verifiable stage output.,1,1,1,1,1,2,2,4,Baseline classification entails standard model and metric choices on a bounded subgroup.
beijing_ml:V03:advanced_model,beijing_ml,3,advanced_model,ml,1,4.2,"{""missing_fraction"": 0.009774058652538005, ""records"": 420768, ""stations"": 12}","{""description"": ""Beijing air-quality regression/time-series stratum with chronological validation required."", ""missing_pollutant_fraction"": 0.035307, ""pm25_median"": 61.0, ""records"": 35064, ""scope"": ""single_station"", ""stations"": 1, ""stratum"": ""station_Dongsi"", ""variant"": 3}",Perform stage 'advanced_model' requiring skill 'ml' for the beijing_ml variant described in variant_context. Respect 1 upstream dependencies and produce a verifiable stage output.,2,1,1,2,2,3,3,4,The advanced single-station model is unspecified and needs tuning plus robust chronological validation.
bugs2fix:V11:reproduce,bugs2fix,11,reproduce,test,0,2.0,"{""absolute_length_delta"": {""p25"": 6.0, ""p50"": 16.0, ""p75"": 36.0, ""p95"": 80.0}, ""execution_note"": ""Normalized function pairs; not executable repository tests."", ""mean_source_length"": 138.4590616966581, ""records"": 46680, ""source_length"": {""p25"": 103.0, ""p50"": 137.0, ""p75"": 173.0, ""p95"": 215.0}, ""unequal_fraction"": 1.0}","{""description"": ""Normalized Java before/after function-pair stratum; no executable repository tests are available."", ""median_absolute_length_delta"": 57.0, ""median_source_characters"": 155.0, ""patch_delta_band"": 4, ""records"": 3242, ""source_length_band"": 3, ""stratum"": ""source_length_q3_patch_delta_q4"", ""variant"": 11}",Perform stage 'reproduce' requiring skill 'test' for the bugs2fix variant described in variant_context. Respect 0 upstream dependencies and produce a verifiable stage output.,2,1,0,2,2,3,2,4,"Reproduction relies on static before/after evidence without executable repository tests, with added code or change breadth."
bugs2fix:V12:localise,bugs2fix,12,localise,analysis,1,2.8,"{""absolute_length_delta"": {""p25"": 6.0, ""p50"": 16.0, ""p75"": 36.0, ""p95"": 80.0}, ""execution_note"": ""Normalized function pairs; not executable repository tests."", ""mean_source_length"": 138.4590616966581, ""records"": 46680, ""source_length"": {""p25"": 103.0, ""p50"": 137.0, ""p75"": 173.0, ""p95"": 215.0}, ""unequal_fraction"": 1.0}","{""description"": ""Normalized Java before/after function-pair stratum; no executable repository tests are available."", ""median_absolute_length_delta"": 1, ""median_source_characters"": 194, ""patch_delta_band"": 1, ""records"": 2853, ""source_length_band"": 4, ""stratum"": ""source_length_q4_patch_delta_q1"", ""variant"": 12}",Perform stage 'localise' requiring skill 'analysis' for the bugs2fix variant described in variant_context. Respect 1 upstream dependencies and produce a verifiable stage output.,2,1,1,2,2,3,3,4,"Fault localization needs semantic comparison, while absent repository tests limit confirmation."
bugs2fix:V13:report,bugs2fix,13,report,report,1,1.2,"{""absolute_length_delta"": {""p25"": 6.0, ""p50"": 16.0, ""p75"": 36.0, ""p95"": 80.0}, ""execution_note"": ""Normalized function pairs; not executable repository tests."", ""mean_source_length"": 138.4590616966581, ""records"": 46680, ""source_length"": {""p25"": 103.0, ""p50"": 137.0, ""p75"": 173.0, ""p95"": 215.0}, ""unequal_fraction"": 1.0}","{""description"": ""Normalized Java before/after function-pair stratum; no executable repository tests are available."", ""median_absolute_length_delta"": 10.0, ""median_source_characters"": 195.0, ""patch_delta_band"": 2, ""records"": 2506, ""source_length_band"": 4, ""stratum"": ""source_length_q4_patch_delta_q2"", ""variant"": 13}",Perform stage 'report' requiring skill 'report' for the bugs2fix variant described in variant_context. Respect 1 upstream dependencies and produce a verifiable stage output.,1,0,1,1,1,2,2,4,Reporting is bounded to one upstream repair artifact but must explain broader code/change evidence and test limitations.
beijing_ml:V14:report,beijing_ml,14,report,report,1,1.6,"{""missing_fraction"": 0.009774058652538005, ""records"": 420768, ""stations"": 12}","{""description"": ""Beijing air-quality regression/time-series stratum with chronological validation required."", ""missing_pollutant_fraction"": 0.026987, ""pm25_median"": 49.0, ""records"": 105984, ""scope"": ""multi_station_season"", ""stations"": 12, ""stratum"": ""all_stations_months_07_09"", ""variant"": 14}",Perform stage 'report' requiring skill 'report' for the beijing_ml variant described in variant_context. Respect 1 upstream dependencies and produce a verifiable stage output.,1,1,1,1,1,2,2,4,The report must synthesize season-wide results across 12 stations and retain temporal caveats.
bugs2fix:V08:regression_test,bugs2fix,8,regression_test,test,1,2.3,"{""absolute_length_delta"": {""p25"": 6.0, ""p50"": 16.0, ""p75"": 36.0, ""p95"": 80.0}, ""execution_note"": ""Normalized function pairs; not executable repository tests."", ""mean_source_length"": 138.4590616966581, ""records"": 46680, ""source_length"": {""p25"": 103.0, ""p50"": 137.0, ""p75"": 173.0, ""p95"": 215.0}, ""unequal_fraction"": 1.0}","{""description"": ""Normalized Java before/after function-pair stratum; no executable repository tests are available."", ""median_absolute_length_delta"": 1.0, ""median_source_characters"": 155.0, ""patch_delta_band"": 1, ""records"": 3012, ""source_length_band"": 3, ""stratum"": ""source_length_q3_patch_delta_q1"", ""variant"": 8}",Perform stage 'regression_test' requiring skill 'test' for the bugs2fix variant described in variant_context. Respect 1 upstream dependencies and produce a verifiable stage output.,2,1,1,1,2,3,3,4,Regression verification must use defensible static or proxy checks because repository tests are unavailable.
bugs2fix:V13:reproduce,bugs2fix,13,reproduce,test,0,2.0,"{""absolute_length_delta"": {""p25"": 6.0, ""p50"": 16.0, ""p75"": 36.0, ""p95"": 80.0}, ""execution_note"": ""Normalized function pairs; not executable repository tests."", ""mean_source_length"": 138.4590616966581, ""records"": 46680, ""source_length"": {""p25"": 103.0, ""p50"": 137.0, ""p75"": 173.0, ""p95"": 215.0}, ""unequal_fraction"": 1.0}","{""description"": ""Normalized Java before/after function-pair stratum; no executable repository tests are available."", ""median_absolute_length_delta"": 10.0, ""median_source_characters"": 195.0, ""patch_delta_band"": 2, ""records"": 2506, ""source_length_band"": 4, ""stratum"": ""source_length_q4_patch_delta_q2"", ""variant"": 13}",Perform stage 'reproduce' requiring skill 'test' for the bugs2fix variant described in variant_context. Respect 0 upstream dependencies and produce a verifiable stage output.,2,1,0,1,2,2,2,4,"Reproduction relies on static before/after evidence without executable repository tests, with added code or change breadth."
bugs2fix:V14:report,bugs2fix,14,report,report,1,1.2,"{""absolute_length_delta"": {""p25"": 6.0, ""p50"": 16.0, ""p75"": 36.0, ""p95"": 80.0}, ""execution_note"": ""Normalized function pairs; not executable repository tests."", ""mean_source_length"": 138.4590616966581, ""records"": 46680, ""source_length"": {""p25"": 103.0, ""p50"": 137.0, ""p75"": 173.0, ""p95"": 215.0}, ""unequal_fraction"": 1.0}","{""description"": ""Normalized Java before/after function-pair stratum; no executable repository tests are available."", ""median_absolute_length_delta"": 25, ""median_source_characters"": 193, ""patch_delta_band"": 3, ""records"": 2457, ""source_length_band"": 4, ""stratum"": ""source_length_q4_patch_delta_q3"", ""variant"": 14}",Perform stage 'report' requiring skill 'report' for the bugs2fix variant described in variant_context. Respect 1 upstream dependencies and produce a verifiable stage output.,1,0,1,1,1,2,2,4,Reporting is bounded to one upstream repair artifact but must explain broader code/change evidence and test limitations.
adult_ml:V05:evaluate,adult_ml,5,evaluate,test,2,2.0,"{""missing_fraction"": 0.008824372466319971, ""positive_fraction"": 0.23928176569346055, ""records"": 48842}","{""age_band"": 2, ""description"": ""Adult classification subgroup defined by empirical age and weekly-hours quartiles."", ""hours_per_week_band"": 2, ""missing_fraction"": 0.0, ""positive_fraction"": 0.0, ""records"": 0, ""stratum"": ""age_q2_hours_q2"", ""variant"": 5}",Perform stage 'evaluate' requiring skill 'test' for the adult_ml variant described in variant_context. Respect 2 upstream dependencies and produce a verifiable stage output.,2,0,2,1,1,2,3,5,"Evaluation has two upstream inputs but no observations, requiring a defensible no-result treatment."
adult_ml:V04:eda,adult_ml,4,eda,analysis,1,2.0,"{""missing_fraction"": 0.008824372466319971, ""positive_fraction"": 0.23928176569346055, ""records"": 48842}","{""age_band"": 2, ""description"": ""Adult classification subgroup defined by empirical age and weekly-hours quartiles."", ""hours_per_week_band"": 1, ""missing_fraction"": 0.006011, ""positive_fraction"": 0.171414, ""records"": 7619, ""stratum"": ""age_q2_hours_q1"", ""variant"": 4}",Perform stage 'eda' requiring skill 'analysis' for the adult_ml variant described in variant_context. Respect 1 upstream dependencies and produce a verifiable stage output.,1,1,1,1,1,2,2,4,Subgroup EDA requires linked descriptive checks but remains bounded to one tabular stratum.
beijing_ml:V14:evaluate,beijing_ml,14,evaluate,test,2,2.4,"{""missing_fraction"": 0.009774058652538005, ""records"": 420768, ""stations"": 12}","{""description"": ""Beijing air-quality regression/time-series stratum with chronological validation required."", ""missing_pollutant_fraction"": 0.026987, ""pm25_median"": 49.0, ""records"": 105984, ""scope"": ""multi_station_season"", ""stations"": 12, ""stratum"": ""all_stations_months_07_09"", ""variant"": 14}",Perform stage 'evaluate' requiring skill 'test' for the beijing_ml variant described in variant_context. Respect 2 upstream dependencies and produce a verifiable stage output.,1,2,2,2,2,3,3,4,Evaluation combines two upstream artifacts and must verify multi-station seasonal temporal generalization.
adult_ml:V01:validate_load,adult_ml,1,validate_load,data,0,1.5,"{""missing_fraction"": 0.008824372466319971, ""positive_fraction"": 0.23928176569346055, ""records"": 48842}","{""age_band"": 1, ""description"": ""Adult classification subgroup defined by empirical age and weekly-hours quartiles."", ""hours_per_week_band"": 2, ""missing_fraction"": 0.0, ""positive_fraction"": 0.0, ""records"": 0, ""stratum"": ""age_q1_hours_q2"", ""variant"": 1}",Perform stage 'validate_load' requiring skill 'data' for the adult_ml variant described in variant_context. Respect 0 upstream dependencies and produce a verifiable stage output.,2,0,0,1,1,2,3,5,Empty stratum requires an explicit no-data decision before downstream use.
bugs2fix:V08:reproduce,bugs2fix,8,reproduce,test,0,2.0,"{""absolute_length_delta"": {""p25"": 6.0, ""p50"": 16.0, ""p75"": 36.0, ""p95"": 80.0}, ""execution_note"": ""Normalized function pairs; not executable repository tests."", ""mean_source_length"": 138.4590616966581, ""records"": 46680, ""source_length"": {""p25"": 103.0, ""p50"": 137.0, ""p75"": 173.0, ""p95"": 215.0}, ""unequal_fraction"": 1.0}","{""description"": ""Normalized Java before/after function-pair stratum; no executable repository tests are available."", ""median_absolute_length_delta"": 1.0, ""median_source_characters"": 155.0, ""patch_delta_band"": 1, ""records"": 3012, ""source_length_band"": 3, ""stratum"": ""source_length_q3_patch_delta_q1"", ""variant"": 8}",Perform stage 'reproduce' requiring skill 'test' for the bugs2fix variant described in variant_context. Respect 0 upstream dependencies and produce a verifiable stage output.,2,1,0,1,2,2,2,4,"Reproduction relies on static before/after evidence without executable repository tests, with added code or change breadth."
bugs2fix:V03:report,bugs2fix,3,report,report,1,1.2,"{""absolute_length_delta"": {""p25"": 6.0, ""p50"": 16.0, ""p75"": 36.0, ""p95"": 80.0}, ""execution_note"": ""Normalized function pairs; not executable repository tests."", ""mean_source_length"": 138.4590616966581, ""records"": 46680, ""source_length"": {""p25"": 103.0, ""p50"": 137.0, ""p75"": 173.0, ""p95"": 215.0}, ""unequal_fraction"": 1.0}","{""description"": ""Normalized Java before/after function-pair stratum; no executable repository tests are available."", ""median_absolute_length_delta"": 45.0, ""median_source_characters"": 89.0, ""patch_delta_band"": 4, ""records"": 1580, ""source_length_band"": 1, ""stratum"": ""source_length_q1_patch_delta_q4"", ""variant"": 3}",Perform stage 'report' requiring skill 'report' for the bugs2fix variant described in variant_context. Respect 1 upstream dependencies and produce a verifiable stage output.,1,0,1,1,1,2,2,4,Reporting is bounded to one upstream repair artifact but must explain broader code/change evidence and test limitations.
beijing_ml:V15:advanced_model,beijing_ml,15,advanced_model,ml,1,4.2,"{""missing_fraction"": 0.009774058652538005, ""records"": 420768, ""stations"": 12}","{""description"": ""Beijing air-quality regression/time-series stratum with chronological validation required."", ""missing_pollutant_fraction"": 0.032903, ""pm25_median"": 61.0, ""records"": 105984, ""scope"": ""multi_station_season"", ""stations"": 12, ""stratum"": ""all_stations_months_10_12"", ""variant"": 15}",Perform stage 'advanced_model' requiring skill 'ml' for the beijing_ml variant described in variant_context. Respect 1 upstream dependencies and produce a verifiable stage output.,2,2,1,2,2,3,3,4,The advanced multi-station seasonal model is unspecified and needs tuning plus robust chronological validation.
adult_ml:V05:report,adult_ml,5,report,report,1,1.5,"{""missing_fraction"": 0.008824372466319971, ""positive_fraction"": 0.23928176569346055, ""records"": 48842}","{""age_band"": 2, ""description"": ""Adult classification subgroup defined by empirical age and weekly-hours quartiles."", ""hours_per_week_band"": 2, ""missing_fraction"": 0.0, ""positive_fraction"": 0.0, ""records"": 0, ""stratum"": ""age_q2_hours_q2"", ""variant"": 5}",Perform stage 'report' requiring skill 'report' for the adult_ml variant described in variant_context. Respect 1 upstream dependencies and produce a verifiable stage output.,2,0,1,1,1,2,2,5,Reporting an empty stratum requires clear caveats and avoidance of unsupported conclusions.
adult_ml:V15:advanced_model,adult_ml,15,advanced_model,ml,1,3.5,"{""missing_fraction"": 0.008824372466319971, ""positive_fraction"": 0.23928176569346055, ""records"": 48842}","{""age_band"": 4, ""description"": ""Adult classification subgroup defined by empirical age and weekly-hours quartiles."", ""hours_per_week_band"": 4, ""missing_fraction"": 0.006622, ""positive_fraction"": 0.513599, ""records"": 2537, ""stratum"": ""age_q4_hours_q4"", ""variant"": 15}",Perform stage 'advanced_model' requiring skill 'ml' for the adult_ml variant described in variant_context. Respect 1 upstream dependencies and produce a verifiable stage output.,2,1,1,2,2,3,2,4,The advanced method is unspecified and requires tuning plus leakage and generalization checks.
adult_ml:V11:eda,adult_ml,11,eda,analysis,1,2.0,"{""missing_fraction"": 0.008824372466319971, ""positive_fraction"": 0.23928176569346055, ""records"": 48842}","{""age_band"": 3, ""description"": ""Adult classification subgroup defined by empirical age and weekly-hours quartiles."", ""hours_per_week_band"": 4, ""missing_fraction"": 0.00239, ""positive_fraction"": 0.512475, ""records"": 3487, ""stratum"": ""age_q3_hours_q4"", ""variant"": 11}",Perform stage 'eda' requiring skill 'analysis' for the adult_ml variant described in variant_context. Respect 1 upstream dependencies and produce a verifiable stage output.,1,1,1,1,1,2,2,4,Subgroup EDA requires linked descriptive checks but remains bounded to one tabular stratum.
beijing_ml:V00:report,beijing_ml,0,report,report,1,1.6,"{""missing_fraction"": 0.009774058652538005, ""records"": 420768, ""stations"": 12}","{""description"": ""Beijing air-quality regression/time-series stratum with chronological validation required."", ""missing_pollutant_fraction"": 0.033729, ""pm25_median"": 58.0, ""records"": 35064, ""scope"": ""single_station"", ""stations"": 1, ""stratum"": ""station_Aotizhongxin"", ""variant"": 0}",Perform stage 'report' requiring skill 'report' for the beijing_ml variant described in variant_context. Respect 1 upstream dependencies and produce a verifiable stage output.,1,0,1,1,0,1,2,5,A single-station result can be summarized directly with a concise chronology caveat.
bugs2fix:V03:regression_test,bugs2fix,3,regression_test,test,1,2.3,"{""absolute_length_delta"": {""p25"": 6.0, ""p50"": 16.0, ""p75"": 36.0, ""p95"": 80.0}, ""execution_note"": ""Normalized function pairs; not executable repository tests."", ""mean_source_length"": 138.4590616966581, ""records"": 46680, ""source_length"": {""p25"": 103.0, ""p50"": 137.0, ""p75"": 173.0, ""p95"": 215.0}, ""unequal_fraction"": 1.0}","{""description"": ""Normalized Java before/after function-pair stratum; no executable repository tests are available."", ""median_absolute_length_delta"": 45.0, ""median_source_characters"": 89.0, ""patch_delta_band"": 4, ""records"": 1580, ""source_length_band"": 1, ""stratum"": ""source_length_q1_patch_delta_q4"", ""variant"": 3}",Perform stage 'regression_test' requiring skill 'test' for the bugs2fix variant described in variant_context. Respect 1 upstream dependencies and produce a verifiable stage output.,2,0,1,2,2,3,3,4,Regression verification must use defensible static or proxy checks because repository tests are unavailable.
beijing_ml:V03:eda,beijing_ml,3,eda,analysis,1,2.3,"{""missing_fraction"": 0.009774058652538005, ""records"": 420768, ""stations"": 12}","{""description"": ""Beijing air-quality regression/time-series stratum with chronological validation required."", ""missing_pollutant_fraction"": 0.035307, ""pm25_median"": 61.0, ""records"": 35064, ""scope"": ""single_station"", ""stations"": 1, ""stratum"": ""station_Dongsi"", ""variant"": 3}",Perform stage 'eda' requiring skill 'analysis' for the beijing_ml variant described in variant_context. Respect 1 upstream dependencies and produce a verifiable stage output.,1,1,1,1,2,2,2,4,Single-station temporal EDA is bounded but must diagnose missingness and time structure.
adult_ml:V13:evaluate,adult_ml,13,evaluate,test,2,2.0,"{""missing_fraction"": 0.008824372466319971, ""positive_fraction"": 0.23928176569346055, ""records"": 48842}","{""age_band"": 4, ""description"": ""Adult classification subgroup defined by empirical age and weekly-hours quartiles."", ""hours_per_week_band"": 2, ""missing_fraction"": 0.0, ""positive_fraction"": 0.0, ""records"": 0, ""stratum"": ""age_q4_hours_q2"", ""variant"": 13}",Perform stage 'evaluate' requiring skill 'test' for the adult_ml variant described in variant_context. Respect 2 upstream dependencies and produce a verifiable stage output.,2,0,2,1,1,2,3,5,"Evaluation has two upstream inputs but no observations, requiring a defensible no-result treatment."
adult_ml:V12:clean_feature,adult_ml,12,clean_feature,data,1,2.5,"{""missing_fraction"": 0.008824372466319971, ""positive_fraction"": 0.23928176569346055, ""records"": 48842}","{""age_band"": 4, ""description"": ""Adult classification subgroup defined by empirical age and weekly-hours quartiles."", ""hours_per_week_band"": 1, ""missing_fraction"": 0.015525, ""positive_fraction"": 0.260737, ""records"": 8219, ""stratum"": ""age_q4_hours_q1"", ""variant"": 12}",Perform stage 'clean_feature' requiring skill 'data' for the adult_ml variant described in variant_context. Respect 1 upstream dependencies and produce a verifiable stage output.,1,1,1,2,1,2,3,4,Mixed-type feature preparation needs leakage-aware choices across several variables.
beijing_ml:V13:eda,beijing_ml,13,eda,analysis,1,2.3,"{""missing_fraction"": 0.009774058652538005, ""records"": 420768, ""stations"": 12}","{""description"": ""Beijing air-quality regression/time-series stratum with chronological validation required."", ""missing_pollutant_fraction"": 0.030124, ""pm25_median"": 54.0, ""records"": 104832, ""scope"": ""multi_station_season"", ""stations"": 12, ""stratum"": ""all_stations_months_04_06"", ""variant"": 13}",Perform stage 'eda' requiring skill 'analysis' for the beijing_ml variant described in variant_context. Respect 1 upstream dependencies and produce a verifiable stage output.,1,2,1,2,1,3,2,4,"EDA spans 12 stations and a season, requiring temporal and cross-station reasoning."
bugs2fix:V15:report,bugs2fix,15,report,report,1,1.2,"{""absolute_length_delta"": {""p25"": 6.0, ""p50"": 16.0, ""p75"": 36.0, ""p95"": 80.0}, ""execution_note"": ""Normalized function pairs; not executable repository tests."", ""mean_source_length"": 138.4590616966581, ""records"": 46680, ""source_length"": {""p25"": 103.0, ""p50"": 137.0, ""p75"": 173.0, ""p95"": 215.0}, ""unequal_fraction"": 1.0}","{""description"": ""Normalized Java before/after function-pair stratum; no executable repository tests are available."", ""median_absolute_length_delta"": 66, ""median_source_characters"": 196, ""patch_delta_band"": 4, ""records"": 3633, ""source_length_band"": 4, ""stratum"": ""source_length_q4_patch_delta_q4"", ""variant"": 15}",Perform stage 'report' requiring skill 'report' for the bugs2fix variant described in variant_context. Respect 1 upstream dependencies and produce a verifiable stage output.,1,0,1,1,1,2,2,4,Reporting is bounded to one upstream repair artifact but must explain broader code/change evidence and test limitations.
adult_ml:V14:evaluate,adult_ml,14,evaluate,test,2,2.0,"{""missing_fraction"": 0.008824372466319971, ""positive_fraction"": 0.23928176569346055, ""records"": 48842}","{""age_band"": 4, ""description"": ""Adult classification subgroup defined by empirical age and weekly-hours quartiles."", ""hours_per_week_band"": 3, ""missing_fraction"": 0.005839, ""positive_fraction"": 0.470588, ""records"": 765, ""stratum"": ""age_q4_hours_q3"", ""variant"": 14}",Perform stage 'evaluate' requiring skill 'test' for the adult_ml variant described in variant_context. Respect 2 upstream dependencies and produce a verifiable stage output.,1,1,2,1,2,3,3,4,The small subgroup increases uncertainty and verification burden for comparative evaluation.
adult_ml:V08:validate_load,adult_ml,8,validate_load,data,0,1.5,"{""missing_fraction"": 0.008824372466319971, ""positive_fraction"": 0.23928176569346055, ""records"": 48842}","{""age_band"": 3, ""description"": ""Adult classification subgroup defined by empirical age and weekly-hours quartiles."", ""hours_per_week_band"": 1, ""missing_fraction"": 0.004865, ""positive_fraction"": 0.288019, ""records"": 7687, ""stratum"": ""age_q3_hours_q1"", ""variant"": 8}",Perform stage 'validate_load' requiring skill 'data' for the adult_ml variant described in variant_context. Respect 0 upstream dependencies and produce a verifiable stage output.,1,0,0,0,1,1,3,5,Bounded schema/load checks are direct and objectively verifiable.
beijing_ml:V08:advanced_model,beijing_ml,8,advanced_model,ml,1,4.2,"{""missing_fraction"": 0.009774058652538005, ""records"": 420768, ""stations"": 12}","{""description"": ""Beijing air-quality regression/time-series stratum with chronological validation required."", ""missing_pollutant_fraction"": 0.037023, ""pm25_median"": 55.0, ""records"": 35064, ""scope"": ""single_station"", ""stations"": 1, ""stratum"": ""station_Shunyi"", ""variant"": 8}",Perform stage 'advanced_model' requiring skill 'ml' for the beijing_ml variant described in variant_context. Respect 1 upstream dependencies and produce a verifiable stage output.,2,1,1,2,2,3,3,4,The advanced single-station model is unspecified and needs tuning plus robust chronological validation.
beijing_ml:V15:evaluate,beijing_ml,15,evaluate,test,2,2.4,"{""missing_fraction"": 0.009774058652538005, ""records"": 420768, ""stations"": 12}","{""description"": ""Beijing air-quality regression/time-series stratum with chronological validation required."", ""missing_pollutant_fraction"": 0.032903, ""pm25_median"": 61.0, ""records"": 105984, ""scope"": ""multi_station_season"", ""stations"": 12, ""stratum"": ""all_stations_months_10_12"", ""variant"": 15}",Perform stage 'evaluate' requiring skill 'test' for the beijing_ml variant described in variant_context. Respect 2 upstream dependencies and produce a verifiable stage output.,1,2,2,2,2,3,3,4,Evaluation combines two upstream artifacts and must verify multi-station seasonal temporal generalization.
adult_ml:V13:eda,adult_ml,13,eda,analysis,1,2.0,"{""missing_fraction"": 0.008824372466319971, ""positive_fraction"": 0.23928176569346055, ""records"": 48842}","{""age_band"": 4, ""description"": ""Adult classification subgroup defined by empirical age and weekly-hours quartiles."", ""hours_per_week_band"": 2, ""missing_fraction"": 0.0, ""positive_fraction"": 0.0, ""records"": 0, ""stratum"": ""age_q4_hours_q2"", ""variant"": 13}",Perform stage 'eda' requiring skill 'analysis' for the adult_ml variant described in variant_context. Respect 1 upstream dependencies and produce a verifiable stage output.,2,0,1,1,1,2,2,5,"No observations make the requested analysis underspecified, though the limitation is easy to verify."
beijing_ml:V03:report,beijing_ml,3,report,report,1,1.6,"{""missing_fraction"": 0.009774058652538005, ""records"": 420768, ""stations"": 12}","{""description"": ""Beijing air-quality regression/time-series stratum with chronological validation required."", ""missing_pollutant_fraction"": 0.035307, ""pm25_median"": 61.0, ""records"": 35064, ""scope"": ""single_station"", ""stations"": 1, ""stratum"": ""station_Dongsi"", ""variant"": 3}",Perform stage 'report' requiring skill 'report' for the beijing_ml variant described in variant_context. Respect 1 upstream dependencies and produce a verifiable stage output.,1,0,1,1,0,1,2,5,A single-station result can be summarized directly with a concise chronology caveat.
beijing_ml:V04:advanced_model,beijing_ml,4,advanced_model,ml,1,4.2,"{""missing_fraction"": 0.009774058652538005, ""records"": 420768, ""stations"": 12}","{""description"": ""Beijing air-quality regression/time-series stratum with chronological validation required."", ""missing_pollutant_fraction"": 0.02426, ""pm25_median"": 59.0, ""records"": 35064, ""scope"": ""single_station"", ""stations"": 1, ""stratum"": ""station_Guanyuan"", ""variant"": 4}",Perform stage 'advanced_model' requiring skill 'ml' for the beijing_ml variant described in variant_context. Respect 1 upstream dependencies and produce a verifiable stage output.,2,1,1,2,2,3,3,4,The advanced single-station model is unspecified and needs tuning plus robust chronological validation.
adult_ml:V02:report,adult_ml,2,report,report,1,1.5,"{""missing_fraction"": 0.008824372466319971, ""positive_fraction"": 0.23928176569346055, ""records"": 48842}","{""age_band"": 1, ""description"": ""Adult classification subgroup defined by empirical age and weekly-hours quartiles."", ""hours_per_week_band"": 3, ""missing_fraction"": 0.008829, ""positive_fraction"": 0.110119, ""records"": 672, ""stratum"": ""age_q1_hours_q3"", ""variant"": 2}",Perform stage 'report' requiring skill 'report' for the adult_ml variant described in variant_context. Respect 1 upstream dependencies and produce a verifiable stage output.,1,0,1,0,0,1,2,5,Summarizing one bounded upstream result is straightforward and easy to inspect.
beijing_ml:V04:eda,beijing_ml,4,eda,analysis,1,2.3,"{""missing_fraction"": 0.009774058652538005, ""records"": 420768, ""stations"": 12}","{""description"": ""Beijing air-quality regression/time-series stratum with chronological validation required."", ""missing_pollutant_fraction"": 0.02426, ""pm25_median"": 59.0, ""records"": 35064, ""scope"": ""single_station"", ""stations"": 1, ""stratum"": ""station_Guanyuan"", ""variant"": 4}",Perform stage 'eda' requiring skill 'analysis' for the beijing_ml variant described in variant_context. Respect 1 upstream dependencies and produce a verifiable stage output.,1,1,1,1,1,2,2,4,Single-station temporal EDA is bounded but must diagnose missingness and time structure.
bugs2fix:V02:report,bugs2fix,2,report,report,1,1.2,"{""absolute_length_delta"": {""p25"": 6.0, ""p50"": 16.0, ""p75"": 36.0, ""p95"": 80.0}, ""execution_note"": ""Normalized function pairs; not executable repository tests."", ""mean_source_length"": 138.4590616966581, ""records"": 46680, ""source_length"": {""p25"": 103.0, ""p50"": 137.0, ""p75"": 173.0, ""p95"": 215.0}, ""unequal_fraction"": 1.0}","{""description"": ""Normalized Java before/after function-pair stratum; no executable repository tests are available."", ""median_absolute_length_delta"": 25, ""median_source_characters"": 85, ""patch_delta_band"": 3, ""records"": 3397, ""source_length_band"": 1, ""stratum"": ""source_length_q1_patch_delta_q3"", ""variant"": 2}",Perform stage 'report' requiring skill 'report' for the bugs2fix variant described in variant_context. Respect 1 upstream dependencies and produce a verifiable stage output.,1,0,1,1,1,2,2,4,Reporting is bounded to one upstream repair artifact but must explain broader code/change evidence and test limitations.
beijing_ml:V04:report,beijing_ml,4,report,report,1,1.6,"{""missing_fraction"": 0.009774058652538005, ""records"": 420768, ""stations"": 12}","{""description"": ""Beijing air-quality regression/time-series stratum with chronological validation required."", ""missing_pollutant_fraction"": 0.02426, ""pm25_median"": 59.0, ""records"": 35064, ""scope"": ""single_station"", ""stations"": 1, ""stratum"": ""station_Guanyuan"", ""variant"": 4}",Perform stage 'report' requiring skill 'report' for the beijing_ml variant described in variant_context. Respect 1 upstream dependencies and produce a verifiable stage output.,1,0,1,1,0,1,2,5,A single-station result can be summarized directly with a concise chronology caveat.
bugs2fix:V01:report,bugs2fix,1,report,report,1,1.2,"{""absolute_length_delta"": {""p25"": 6.0, ""p50"": 16.0, ""p75"": 36.0, ""p95"": 80.0}, ""execution_note"": ""Normalized function pairs; not executable repository tests."", ""mean_source_length"": 138.4590616966581, ""records"": 46680, ""source_length"": {""p25"": 103.0, ""p50"": 137.0, ""p75"": 173.0, ""p95"": 215.0}, ""unequal_fraction"": 1.0}","{""description"": ""Normalized Java before/after function-pair stratum; no executable repository tests are available."", ""median_absolute_length_delta"": 10, ""median_source_characters"": 80, ""patch_delta_band"": 2, ""records"": 3459, ""source_length_band"": 1, ""stratum"": ""source_length_q1_patch_delta_q2"", ""variant"": 1}",Perform stage 'report' requiring skill 'report' for the bugs2fix variant described in variant_context. Respect 1 upstream dependencies and produce a verifiable stage output.,1,0,1,0,1,1,2,4,"Reporting is bounded to one upstream repair artifact with a compact function and change, while noting test limitations."
beijing_ml:V11:advanced_model,beijing_ml,11,advanced_model,ml,1,4.2,"{""missing_fraction"": 0.009774058652538005, ""records"": 420768, ""stations"": 12}","{""description"": ""Beijing air-quality regression/time-series stratum with chronological validation required."", ""missing_pollutant_fraction"": 0.023661, ""pm25_median"": 60.0, ""records"": 35064, ""scope"": ""single_station"", ""stations"": 1, ""stratum"": ""station_Wanshouxigong"", ""variant"": 11}",Perform stage 'advanced_model' requiring skill 'ml' for the beijing_ml variant described in variant_context. Respect 1 upstream dependencies and produce a verifiable stage output.,2,1,1,2,2,3,3,4,The advanced single-station model is unspecified and needs tuning plus robust chronological validation.
adult_ml:V00:eda,adult_ml,0,eda,analysis,1,2.0,"{""missing_fraction"": 0.008824372466319971, ""positive_fraction"": 0.23928176569346055, ""records"": 48842}","{""age_band"": 1, ""description"": ""Adult classification subgroup defined by empirical age and weekly-hours quartiles."", ""hours_per_week_band"": 1, ""missing_fraction"": 0.014549, ""positive_fraction"": 0.025718, ""records"": 10965, ""stratum"": ""age_q1_hours_q1"", ""variant"": 0}",Perform stage 'eda' requiring skill 'analysis' for the adult_ml variant described in variant_context. Respect 1 upstream dependencies and produce a verifiable stage output.,1,1,1,2,1,2,2,4,Severe class imbalance makes subgroup interpretation and metric choice more demanding.
beijing_ml:V15:baseline_model,beijing_ml,15,baseline_model,ml,1,3.0,"{""missing_fraction"": 0.009774058652538005, ""records"": 420768, ""stations"": 12}","{""description"": ""Beijing air-quality regression/time-series stratum with chronological validation required."", ""missing_pollutant_fraction"": 0.032903, ""pm25_median"": 61.0, ""records"": 105984, ""scope"": ""multi_station_season"", ""stations"": 12, ""stratum"": ""all_stations_months_10_12"", ""variant"": 15}",Perform stage 'baseline_model' requiring skill 'ml' for the beijing_ml variant described in variant_context. Respect 1 upstream dependencies and produce a verifiable stage output.,1,2,1,2,2,3,3,4,Multi-station seasonal regression requires chronological splitting and time-aware error checks.
adult_ml:V11:advanced_model,adult_ml,11,advanced_model,ml,1,3.5,"{""missing_fraction"": 0.008824372466319971, ""positive_fraction"": 0.23928176569346055, ""records"": 48842}","{""age_band"": 3, ""description"": ""Adult classification subgroup defined by empirical age and weekly-hours quartiles."", ""hours_per_week_band"": 4, ""missing_fraction"": 0.00239, ""positive_fraction"": 0.512475, ""records"": 3487, ""stratum"": ""age_q3_hours_q4"", ""variant"": 11}",Perform stage 'advanced_model' requiring skill 'ml' for the adult_ml variant described in variant_context. Respect 1 upstream dependencies and produce a verifiable stage output.,2,1,1,2,2,3,2,4,The advanced method is unspecified and requires tuning plus leakage and generalization checks.
bugs2fix:V14:localise,bugs2fix,14,localise,analysis,1,2.8,"{""absolute_length_delta"": {""p25"": 6.0, ""p50"": 16.0, ""p75"": 36.0, ""p95"": 80.0}, ""execution_note"": ""Normalized function pairs; not executable repository tests."", ""mean_source_length"": 138.4590616966581, ""records"": 46680, ""source_length"": {""p25"": 103.0, ""p50"": 137.0, ""p75"": 173.0, ""p95"": 215.0}, ""unequal_fraction"": 1.0}","{""description"": ""Normalized Java before/after function-pair stratum; no executable repository tests are available."", ""median_absolute_length_delta"": 25, ""median_source_characters"": 193, ""patch_delta_band"": 3, ""records"": 2457, ""source_length_band"": 4, ""stratum"": ""source_length_q4_patch_delta_q3"", ""variant"": 14}",Perform stage 'localise' requiring skill 'analysis' for the bugs2fix variant described in variant_context. Respect 1 upstream dependencies and produce a verifiable stage output.,2,1,1,2,2,3,3,4,"Fault localization needs semantic comparison, while absent repository tests limit confirmation."
adult_ml:V01:report,adult_ml,1,report,report,1,1.5,"{""missing_fraction"": 0.008824372466319971, ""positive_fraction"": 0.23928176569346055, ""records"": 48842}","{""age_band"": 1, ""description"": ""Adult classification subgroup defined by empirical age and weekly-hours quartiles."", ""hours_per_week_band"": 2, ""missing_fraction"": 0.0, ""positive_fraction"": 0.0, ""records"": 0, ""stratum"": ""age_q1_hours_q2"", ""variant"": 1}",Perform stage 'report' requiring skill 'report' for the adult_ml variant described in variant_context. Respect 1 upstream dependencies and produce a verifiable stage output.,2,0,1,1,1,2,2,5,Reporting an empty stratum requires clear caveats and avoidance of unsupported conclusions.
bugs2fix:V06:regression_test,bugs2fix,6,regression_test,test,1,2.3,"{""absolute_length_delta"": {""p25"": 6.0, ""p50"": 16.0, ""p75"": 36.0, ""p95"": 80.0}, ""execution_note"": ""Normalized function pairs; not executable repository tests."", ""mean_source_length"": 138.4590616966581, ""records"": 46680, ""source_length"": {""p25"": 103.0, ""p50"": 137.0, ""p75"": 173.0, ""p95"": 215.0}, ""unequal_fraction"": 1.0}","{""description"": ""Normalized Java before/after function-pair stratum; no executable repository tests are available."", ""median_absolute_length_delta"": 26.0, ""median_source_characters"": 121.0, ""patch_delta_band"": 3, ""records"": 3224, ""source_length_band"": 2, ""stratum"": ""source_length_q2_patch_delta_q3"", ""variant"": 6}",Perform stage 'regression_test' requiring skill 'test' for the bugs2fix variant described in variant_context. Respect 1 upstream dependencies and produce a verifiable stage output.,2,0,1,2,2,3,3,4,Regression verification must use defensible static or proxy checks because repository tests are unavailable.
adult_ml:V04:baseline_model,adult_ml,4,baseline_model,ml,1,2.5,"{""missing_fraction"": 0.008824372466319971, ""positive_fraction"": 0.23928176569346055, ""records"": 48842}","{""age_band"": 2, ""description"": ""Adult classification subgroup defined by empirical age and weekly-hours quartiles."", ""hours_per_week_band"": 1, ""missing_fraction"": 0.006011, ""positive_fraction"": 0.171414, ""records"": 7619, ""stratum"": ""age_q2_hours_q1"", ""variant"": 4}",Perform stage 'baseline_model' requiring skill 'ml' for the adult_ml variant described in variant_context. Respect 1 upstream dependencies and produce a verifiable stage output.,1,1,1,1,1,2,2,4,Baseline classification entails standard model and metric choices on a bounded subgroup.
adult_ml:V05:advanced_model,adult_ml,5,advanced_model,ml,1,3.5,"{""missing_fraction"": 0.008824372466319971, ""positive_fraction"": 0.23928176569346055, ""records"": 48842}","{""age_band"": 2, ""description"": ""Adult classification subgroup defined by empirical age and weekly-hours quartiles."", ""hours_per_week_band"": 2, ""missing_fraction"": 0.0, ""positive_fraction"": 0.0, ""records"": 0, ""stratum"": ""age_q2_hours_q2"", ""variant"": 5}",Perform stage 'advanced_model' requiring skill 'ml' for the adult_ml variant described in variant_context. Respect 1 upstream dependencies and produce a verifiable stage output.,2,0,1,1,1,2,2,5,"Advanced fitting is infeasible without observations, so the output must justify a fallback."
adult_ml:V10:report,adult_ml,10,report,report,1,1.5,"{""missing_fraction"": 0.008824372466319971, ""positive_fraction"": 0.23928176569346055, ""records"": 48842}","{""age_band"": 3, ""description"": ""Adult classification subgroup defined by empirical age and weekly-hours quartiles."", ""hours_per_week_band"": 3, ""missing_fraction"": 0.002217, ""positive_fraction"": 0.434783, ""records"": 1173, ""stratum"": ""age_q3_hours_q3"", ""variant"": 10}",Perform stage 'report' requiring skill 'report' for the adult_ml variant described in variant_context. Respect 1 upstream dependencies and produce a verifiable stage output.,1,0,1,0,0,1,2,5,Summarizing one bounded upstream result is straightforward and easy to inspect.
beijing_ml:V08:clean_feature,beijing_ml,8,clean_feature,data,1,3.0,"{""missing_fraction"": 0.009774058652538005, ""records"": 420768, ""stations"": 12}","{""description"": ""Beijing air-quality regression/time-series stratum with chronological validation required."", ""missing_pollutant_fraction"": 0.037023, ""pm25_median"": 55.0, ""records"": 35064, ""scope"": ""single_station"", ""stations"": 1, ""stratum"": ""station_Shunyi"", ""variant"": 8}",Perform stage 'clean_feature' requiring skill 'data' for the beijing_ml variant described in variant_context. Respect 1 upstream dependencies and produce a verifiable stage output.,1,1,1,2,2,3,3,4,Single-station feature construction must avoid temporal leakage and validate imputation.
adult_ml:V09:advanced_model,adult_ml,9,advanced_model,ml,1,3.5,"{""missing_fraction"": 0.008824372466319971, ""positive_fraction"": 0.23928176569346055, ""records"": 48842}","{""age_band"": 3, ""description"": ""Adult classification subgroup defined by empirical age and weekly-hours quartiles."", ""hours_per_week_band"": 2, ""missing_fraction"": 0.0, ""positive_fraction"": 0.0, ""records"": 0, ""stratum"": ""age_q3_hours_q2"", ""variant"": 9}",Perform stage 'advanced_model' requiring skill 'ml' for the adult_ml variant described in variant_context. Respect 1 upstream dependencies and produce a verifiable stage output.,2,0,1,1,1,2,2,5,"Advanced fitting is infeasible without observations, so the output must justify a fallback."
bugs2fix:V09:localise,bugs2fix,9,localise,analysis,1,2.8,"{""absolute_length_delta"": {""p25"": 6.0, ""p50"": 16.0, ""p75"": 36.0, ""p95"": 80.0}, ""execution_note"": ""Normalized function pairs; not executable repository tests."", ""mean_source_length"": 138.4590616966581, ""records"": 46680, ""source_length"": {""p25"": 103.0, ""p50"": 137.0, ""p75"": 173.0, ""p95"": 215.0}, ""unequal_fraction"": 1.0}","{""description"": ""Normalized Java before/after function-pair stratum; no executable repository tests are available."", ""median_absolute_length_delta"": 10, ""median_source_characters"": 155, ""patch_delta_band"": 2, ""records"": 2549, ""source_length_band"": 3, ""stratum"": ""source_length_q3_patch_delta_q2"", ""variant"": 9}",Perform stage 'localise' requiring skill 'analysis' for the bugs2fix variant described in variant_context. Respect 1 upstream dependencies and produce a verifiable stage output.,2,1,1,2,2,3,3,4,"Fault localization needs semantic comparison, while absent repository tests limit confirmation."
beijing_ml:V15:report,beijing_ml,15,report,report,1,1.6,"{""missing_fraction"": 0.009774058652538005, ""records"": 420768, ""stations"": 12}","{""description"": ""Beijing air-quality regression/time-series stratum with chronological validation required."", ""missing_pollutant_fraction"": 0.032903, ""pm25_median"": 61.0, ""records"": 105984, ""scope"": ""multi_station_season"", ""stations"": 12, ""stratum"": ""all_stations_months_10_12"", ""variant"": 15}",Perform stage 'report' requiring skill 'report' for the beijing_ml variant described in variant_context. Respect 1 upstream dependencies and produce a verifiable stage output.,1,1,1,1,1,2,2,4,The report must synthesize season-wide results across 12 stations and retain temporal caveats.
adult_ml:V03:clean_feature,adult_ml,3,clean_feature,data,1,2.5,"{""missing_fraction"": 0.008824372466319971, ""positive_fraction"": 0.23928176569346055, ""records"": 48842}","{""age_band"": 1, ""description"": ""Adult classification subgroup defined by empirical age and weekly-hours quartiles."", ""hours_per_week_band"": 4, ""missing_fraction"": 0.006445, ""positive_fraction"": 0.116012, ""records"": 1655, ""stratum"": ""age_q1_hours_q4"", ""variant"": 3}",Perform stage 'clean_feature' requiring skill 'data' for the adult_ml variant described in variant_context. Respect 1 upstream dependencies and produce a verifiable stage output.,1,1,1,2,1,2,3,4,Mixed-type feature preparation needs leakage-aware choices across several variables.
bugs2fix:V11:fix,bugs2fix,11,fix,code,1,3.5,"{""absolute_length_delta"": {""p25"": 6.0, ""p50"": 16.0, ""p75"": 36.0, ""p95"": 80.0}, ""execution_note"": ""Normalized function pairs; not executable repository tests."", ""mean_source_length"": 138.4590616966581, ""records"": 46680, ""source_length"": {""p25"": 103.0, ""p50"": 137.0, ""p75"": 173.0, ""p95"": 215.0}, ""unequal_fraction"": 1.0}","{""description"": ""Normalized Java before/after function-pair stratum; no executable repository tests are available."", ""median_absolute_length_delta"": 57.0, ""median_source_characters"": 155.0, ""patch_delta_band"": 4, ""records"": 3242, ""source_length_band"": 3, ""stratum"": ""source_length_q3_patch_delta_q4"", ""variant"": 11}",Perform stage 'fix' requiring skill 'code' for the bugs2fix variant described in variant_context. Respect 1 upstream dependencies and produce a verifiable stage output.,2,1,1,2,2,3,3,4,Deriving a behavior-preserving Java fix requires deep reasoning with no executable project context.
beijing_ml:V02:eda,beijing_ml,2,eda,analysis,1,2.3,"{""missing_fraction"": 0.009774058652538005, ""records"": 420768, ""stations"": 12}","{""description"": ""Beijing air-quality regression/time-series stratum with chronological validation required."", ""missing_pollutant_fraction"": 0.03149, ""pm25_median"": 41.0, ""records"": 35064, ""scope"": ""single_station"", ""stations"": 1, ""stratum"": ""station_Dingling"", ""variant"": 2}",Perform stage 'eda' requiring skill 'analysis' for the beijing_ml variant described in variant_context. Respect 1 upstream dependencies and produce a verifiable stage output.,1,1,1,1,1,2,2,4,Single-station temporal EDA is bounded but must diagnose missingness and time structure.
bugs2fix:V09:regression_test,bugs2fix,9,regression_test,test,1,2.3,"{""absolute_length_delta"": {""p25"": 6.0, ""p50"": 16.0, ""p75"": 36.0, ""p95"": 80.0}, ""execution_note"": ""Normalized function pairs; not executable repository tests."", ""mean_source_length"": 138.4590616966581, ""records"": 46680, ""source_length"": {""p25"": 103.0, ""p50"": 137.0, ""p75"": 173.0, ""p95"": 215.0}, ""unequal_fraction"": 1.0}","{""description"": ""Normalized Java before/after function-pair stratum; no executable repository tests are available."", ""median_absolute_length_delta"": 10, ""median_source_characters"": 155, ""patch_delta_band"": 2, ""records"": 2549, ""source_length_band"": 3, ""stratum"": ""source_length_q3_patch_delta_q2"", ""variant"": 9}",Perform stage 'regression_test' requiring skill 'test' for the bugs2fix variant described in variant_context. Respect 1 upstream dependencies and produce a verifiable stage output.,2,1,1,1,2,3,3,4,Regression verification must use defensible static or proxy checks because repository tests are unavailable.
adult_ml:V13:validate_load,adult_ml,13,validate_load,data,0,1.5,"{""missing_fraction"": 0.008824372466319971, ""positive_fraction"": 0.23928176569346055, ""records"": 48842}","{""age_band"": 4, ""description"": ""Adult classification subgroup defined by empirical age and weekly-hours quartiles."", ""hours_per_week_band"": 2, ""missing_fraction"": 0.0, ""positive_fraction"": 0.0, ""records"": 0, ""stratum"": ""age_q4_hours_q2"", ""variant"": 13}",Perform stage 'validate_load' requiring skill 'data' for the adult_ml variant described in variant_context. Respect 0 upstream dependencies and produce a verifiable stage output.,2,0,0,1,1,2,3,5,Empty stratum requires an explicit no-data decision before downstream use.
adult_ml:V01:advanced_model,adult_ml,1,advanced_model,ml,1,3.5,"{""missing_fraction"": 0.008824372466319971, ""positive_fraction"": 0.23928176569346055, ""records"": 48842}","{""age_band"": 1, ""description"": ""Adult classification subgroup defined by empirical age and weekly-hours quartiles."", ""hours_per_week_band"": 2, ""missing_fraction"": 0.0, ""positive_fraction"": 0.0, ""records"": 0, ""stratum"": ""age_q1_hours_q2"", ""variant"": 1}",Perform stage 'advanced_model' requiring skill 'ml' for the adult_ml variant described in variant_context. Respect 1 upstream dependencies and produce a verifiable stage output.,2,0,1,1,1,2,2,5,"Advanced fitting is infeasible without observations, so the output must justify a fallback."
adult_ml:V11:report,adult_ml,11,report,report,1,1.5,"{""missing_fraction"": 0.008824372466319971, ""positive_fraction"": 0.23928176569346055, ""records"": 48842}","{""age_band"": 3, ""description"": ""Adult classification subgroup defined by empirical age and weekly-hours quartiles."", ""hours_per_week_band"": 4, ""missing_fraction"": 0.00239, ""positive_fraction"": 0.512475, ""records"": 3487, ""stratum"": ""age_q3_hours_q4"", ""variant"": 11}",Perform stage 'report' requiring skill 'report' for the adult_ml variant described in variant_context. Respect 1 upstream dependencies and produce a verifiable stage output.,1,0,1,0,0,1,2,5,Summarizing one bounded upstream result is straightforward and easy to inspect.
beijing_ml:V08:report,beijing_ml,8,report,report,1,1.6,"{""missing_fraction"": 0.009774058652538005, ""records"": 420768, ""stations"": 12}","{""description"": ""Beijing air-quality regression/time-series stratum with chronological validation required."", ""missing_pollutant_fraction"": 0.037023, ""pm25_median"": 55.0, ""records"": 35064, ""scope"": ""single_station"", ""stations"": 1, ""stratum"": ""station_Shunyi"", ""variant"": 8}",Perform stage 'report' requiring skill 'report' for the beijing_ml variant described in variant_context. Respect 1 upstream dependencies and produce a verifiable stage output.,1,0,1,1,0,1,2,5,A single-station result can be summarized directly with a concise chronology caveat.
bugs2fix:V10:localise,bugs2fix,10,localise,analysis,1,2.8,"{""absolute_length_delta"": {""p25"": 6.0, ""p50"": 16.0, ""p75"": 36.0, ""p95"": 80.0}, ""execution_note"": ""Normalized function pairs; not executable repository tests."", ""mean_source_length"": 138.4590616966581, ""records"": 46680, ""source_length"": {""p25"": 103.0, ""p50"": 137.0, ""p75"": 173.0, ""p95"": 215.0}, ""unequal_fraction"": 1.0}","{""description"": ""Normalized Java before/after function-pair stratum; no executable repository tests are available."", ""median_absolute_length_delta"": 25.0, ""median_source_characters"": 155.0, ""patch_delta_band"": 3, ""records"": 2968, ""source_length_band"": 3, ""stratum"": ""source_length_q3_patch_delta_q3"", ""variant"": 10}",Perform stage 'localise' requiring skill 'analysis' for the bugs2fix variant described in variant_context. Respect 1 upstream dependencies and produce a verifiable stage output.,2,1,1,2,2,3,3,4,"Fault localization needs semantic comparison, while absent repository tests limit confirmation."
adult_ml:V06:advanced_model,adult_ml,6,advanced_model,ml,1,3.5,"{""missing_fraction"": 0.008824372466319971, ""positive_fraction"": 0.23928176569346055, ""records"": 48842}","{""age_band"": 2, ""description"": ""Adult classification subgroup defined by empirical age and weekly-hours quartiles."", ""hours_per_week_band"": 3, ""missing_fraction"": 0.002818, ""positive_fraction"": 0.332373, ""records"": 1041, ""stratum"": ""age_q2_hours_q3"", ""variant"": 6}",Perform stage 'advanced_model' requiring skill 'ml' for the adult_ml variant described in variant_context. Respect 1 upstream dependencies and produce a verifiable stage output.,2,1,1,2,2,3,2,4,The advanced method is unspecified and requires tuning plus leakage and generalization checks.
bugs2fix:V15:fix,bugs2fix,15,fix,code,1,3.5,"{""absolute_length_delta"": {""p25"": 6.0, ""p50"": 16.0, ""p75"": 36.0, ""p95"": 80.0}, ""execution_note"": ""Normalized function pairs; not executable repository tests."", ""mean_source_length"": 138.4590616966581, ""records"": 46680, ""source_length"": {""p25"": 103.0, ""p50"": 137.0, ""p75"": 173.0, ""p95"": 215.0}, ""unequal_fraction"": 1.0}","{""description"": ""Normalized Java before/after function-pair stratum; no executable repository tests are available."", ""median_absolute_length_delta"": 66, ""median_source_characters"": 196, ""patch_delta_band"": 4, ""records"": 3633, ""source_length_band"": 4, ""stratum"": ""source_length_q4_patch_delta_q4"", ""variant"": 15}",Perform stage 'fix' requiring skill 'code' for the bugs2fix variant described in variant_context. Respect 1 upstream dependencies and produce a verifiable stage output.,2,1,1,2,2,3,3,4,Deriving a behavior-preserving Java fix requires deep reasoning with no executable project context.
bugs2fix:V03:fix,bugs2fix,3,fix,code,1,3.5,"{""absolute_length_delta"": {""p25"": 6.0, ""p50"": 16.0, ""p75"": 36.0, ""p95"": 80.0}, ""execution_note"": ""Normalized function pairs; not executable repository tests."", ""mean_source_length"": 138.4590616966581, ""records"": 46680, ""source_length"": {""p25"": 103.0, ""p50"": 137.0, ""p75"": 173.0, ""p95"": 215.0}, ""unequal_fraction"": 1.0}","{""description"": ""Normalized Java before/after function-pair stratum; no executable repository tests are available."", ""median_absolute_length_delta"": 45.0, ""median_source_characters"": 89.0, ""patch_delta_band"": 4, ""records"": 1580, ""source_length_band"": 1, ""stratum"": ""source_length_q1_patch_delta_q4"", ""variant"": 3}",Perform stage 'fix' requiring skill 'code' for the bugs2fix variant described in variant_context. Respect 1 upstream dependencies and produce a verifiable stage output.,2,1,1,2,2,3,3,4,Deriving a behavior-preserving Java fix requires deep reasoning with no executable project context.
bugs2fix:V08:fix,bugs2fix,8,fix,code,1,3.5,"{""absolute_length_delta"": {""p25"": 6.0, ""p50"": 16.0, ""p75"": 36.0, ""p95"": 80.0}, ""execution_note"": ""Normalized function pairs; not executable repository tests."", ""mean_source_length"": 138.4590616966581, ""records"": 46680, ""source_length"": {""p25"": 103.0, ""p50"": 137.0, ""p75"": 173.0, ""p95"": 215.0}, ""unequal_fraction"": 1.0}","{""description"": ""Normalized Java before/after function-pair stratum; no executable repository tests are available."", ""median_absolute_length_delta"": 1.0, ""median_source_characters"": 155.0, ""patch_delta_band"": 1, ""records"": 3012, ""source_length_band"": 3, ""stratum"": ""source_length_q3_patch_delta_q1"", ""variant"": 8}",Perform stage 'fix' requiring skill 'code' for the bugs2fix variant described in variant_context. Respect 1 upstream dependencies and produce a verifiable stage output.,2,1,1,2,2,3,3,4,Deriving a behavior-preserving Java fix requires deep reasoning with no executable project context.
adult_ml:V05:eda,adult_ml,5,eda,analysis,1,2.0,"{""missing_fraction"": 0.008824372466319971, ""positive_fraction"": 0.23928176569346055, ""records"": 48842}","{""age_band"": 2, ""description"": ""Adult classification subgroup defined by empirical age and weekly-hours quartiles."", ""hours_per_week_band"": 2, ""missing_fraction"": 0.0, ""positive_fraction"": 0.0, ""records"": 0, ""stratum"": ""age_q2_hours_q2"", ""variant"": 5}",Perform stage 'eda' requiring skill 'analysis' for the adult_ml variant described in variant_context. Respect 1 upstream dependencies and produce a verifiable stage output.,2,0,1,1,1,2,2,5,"No observations make the requested analysis underspecified, though the limitation is easy to verify."
adult_ml:V06:clean_feature,adult_ml,6,clean_feature,data,1,2.5,"{""missing_fraction"": 0.008824372466319971, ""positive_fraction"": 0.23928176569346055, ""records"": 48842}","{""age_band"": 2, ""description"": ""Adult classification subgroup defined by empirical age and weekly-hours quartiles."", ""hours_per_week_band"": 3, ""missing_fraction"": 0.002818, ""positive_fraction"": 0.332373, ""records"": 1041, ""stratum"": ""age_q2_hours_q3"", ""variant"": 6}",Perform stage 'clean_feature' requiring skill 'data' for the adult_ml variant described in variant_context. Respect 1 upstream dependencies and produce a verifiable stage output.,1,1,1,2,1,2,3,4,Mixed-type feature preparation needs leakage-aware choices across several variables.
bugs2fix:V15:reproduce,bugs2fix,15,reproduce,test,0,2.0,"{""absolute_length_delta"": {""p25"": 6.0, ""p50"": 16.0, ""p75"": 36.0, ""p95"": 80.0}, ""execution_note"": ""Normalized function pairs; not executable repository tests."", ""mean_source_length"": 138.4590616966581, ""records"": 46680, ""source_length"": {""p25"": 103.0, ""p50"": 137.0, ""p75"": 173.0, ""p95"": 215.0}, ""unequal_fraction"": 1.0}","{""description"": ""Normalized Java before/after function-pair stratum; no executable repository tests are available."", ""median_absolute_length_delta"": 66, ""median_source_characters"": 196, ""patch_delta_band"": 4, ""records"": 3633, ""source_length_band"": 4, ""stratum"": ""source_length_q4_patch_delta_q4"", ""variant"": 15}",Perform stage 'reproduce' requiring skill 'test' for the bugs2fix variant described in variant_context. Respect 0 upstream dependencies and produce a verifiable stage output.,2,1,0,2,2,3,2,4,"Reproduction relies on static before/after evidence without executable repository tests, with added code or change breadth."
adult_ml:V15:evaluate,adult_ml,15,evaluate,test,2,2.0,"{""missing_fraction"": 0.008824372466319971, ""positive_fraction"": 0.23928176569346055, ""records"": 48842}","{""age_band"": 4, ""description"": ""Adult classification subgroup defined by empirical age and weekly-hours quartiles."", ""hours_per_week_band"": 4, ""missing_fraction"": 0.006622, ""positive_fraction"": 0.513599, ""records"": 2537, ""stratum"": ""age_q4_hours_q4"", ""variant"": 15}",Perform stage 'evaluate' requiring skill 'test' for the adult_ml variant described in variant_context. Respect 2 upstream dependencies and produce a verifiable stage output.,1,1,2,1,1,2,3,4,Evaluation integrates two upstream artifacts but uses standard classification checks.
bugs2fix:V02:fix,bugs2fix,2,fix,code,1,3.5,"{""absolute_length_delta"": {""p25"": 6.0, ""p50"": 16.0, ""p75"": 36.0, ""p95"": 80.0}, ""execution_note"": ""Normalized function pairs; not executable repository tests."", ""mean_source_length"": 138.4590616966581, ""records"": 46680, ""source_length"": {""p25"": 103.0, ""p50"": 137.0, ""p75"": 173.0, ""p95"": 215.0}, ""unequal_fraction"": 1.0}","{""description"": ""Normalized Java before/after function-pair stratum; no executable repository tests are available."", ""median_absolute_length_delta"": 25, ""median_source_characters"": 85, ""patch_delta_band"": 3, ""records"": 3397, ""source_length_band"": 1, ""stratum"": ""source_length_q1_patch_delta_q3"", ""variant"": 2}",Perform stage 'fix' requiring skill 'code' for the bugs2fix variant described in variant_context. Respect 1 upstream dependencies and produce a verifiable stage output.,2,1,1,2,2,3,3,4,Deriving a behavior-preserving Java fix requires deep reasoning with no executable project context.
adult_ml:V07:clean_feature,adult_ml,7,clean_feature,data,1,2.5,"{""missing_fraction"": 0.008824372466319971, ""positive_fraction"": 0.23928176569346055, ""records"": 48842}","{""age_band"": 2, ""description"": ""Adult classification subgroup defined by empirical age and weekly-hours quartiles."", ""hours_per_week_band"": 4, ""missing_fraction"": 0.002956, ""positive_fraction"": 0.387161, ""records"": 3022, ""stratum"": ""age_q2_hours_q4"", ""variant"": 7}",Perform stage 'clean_feature' requiring skill 'data' for the adult_ml variant described in variant_context. Respect 1 upstream dependencies and produce a verifiable stage output.,1,1,1,2,1,2,3,4,Mixed-type feature preparation needs leakage-aware choices across several variables.
beijing_ml:V10:baseline_model,beijing_ml,10,baseline_model,ml,1,3.0,"{""missing_fraction"": 0.009774058652538005, ""records"": 420768, ""stations"": 12}","{""description"": ""Beijing air-quality regression/time-series stratum with chronological validation required."", ""missing_pollutant_fraction"": 0.029613, ""pm25_median"": 59.0, ""records"": 35064, ""scope"": ""single_station"", ""stations"": 1, ""stratum"": ""station_Wanliu"", ""variant"": 10}",Perform stage 'baseline_model' requiring skill 'ml' for the beijing_ml variant described in variant_context. Respect 1 upstream dependencies and produce a verifiable stage output.,1,1,1,2,2,3,3,4,Single-station regression requires chronological splitting and time-aware error checks.
bugs2fix:V03:localise,bugs2fix,3,localise,analysis,1,2.8,"{""absolute_length_delta"": {""p25"": 6.0, ""p50"": 16.0, ""p75"": 36.0, ""p95"": 80.0}, ""execution_note"": ""Normalized function pairs; not executable repository tests."", ""mean_source_length"": 138.4590616966581, ""records"": 46680, ""source_length"": {""p25"": 103.0, ""p50"": 137.0, ""p75"": 173.0, ""p95"": 215.0}, ""unequal_fraction"": 1.0}","{""description"": ""Normalized Java before/after function-pair stratum; no executable repository tests are available."", ""median_absolute_length_delta"": 45.0, ""median_source_characters"": 89.0, ""patch_delta_band"": 4, ""records"": 1580, ""source_length_band"": 1, ""stratum"": ""source_length_q1_patch_delta_q4"", ""variant"": 3}",Perform stage 'localise' requiring skill 'analysis' for the bugs2fix variant described in variant_context. Respect 1 upstream dependencies and produce a verifiable stage output.,2,1,1,2,2,3,3,4,"Fault localization needs semantic comparison, while absent repository tests limit confirmation."
adult_ml:V08:eda,adult_ml,8,eda,analysis,1,2.0,"{""missing_fraction"": 0.008824372466319971, ""positive_fraction"": 0.23928176569346055, ""records"": 48842}","{""age_band"": 3, ""description"": ""Adult classification subgroup defined by empirical age and weekly-hours quartiles."", ""hours_per_week_band"": 1, ""missing_fraction"": 0.004865, ""positive_fraction"": 0.288019, ""records"": 7687, ""stratum"": ""age_q3_hours_q1"", ""variant"": 8}",Perform stage 'eda' requiring skill 'analysis' for the adult_ml variant described in variant_context. Respect 1 upstream dependencies and produce a verifiable stage output.,1,1,1,1,1,2,2,4,Subgroup EDA requires linked descriptive checks but remains bounded to one tabular stratum.
beijing_ml:V09:validate_load,beijing_ml,9,validate_load,data,0,1.8,"{""missing_fraction"": 0.009774058652538005, ""records"": 420768, ""stations"": 12}","{""description"": ""Beijing air-quality regression/time-series stratum with chronological validation required."", ""missing_pollutant_fraction"": 0.024265, ""pm25_median"": 59.0, ""records"": 35064, ""scope"": ""single_station"", ""stations"": 1, ""stratum"": ""station_Tiantan"", ""variant"": 9}",Perform stage 'validate_load' requiring skill 'data' for the beijing_ml variant described in variant_context. Respect 0 upstream dependencies and produce a verifiable stage output.,1,1,0,1,1,2,3,4,Single-station time-series validation must preserve chronology and quantify missing pollutants.
beijing_ml:V07:clean_feature,beijing_ml,7,clean_feature,data,1,3.0,"{""missing_fraction"": 0.009774058652538005, ""records"": 420768, ""stations"": 12}","{""description"": ""Beijing air-quality regression/time-series stratum with chronological validation required."", ""missing_pollutant_fraction"": 0.018623, ""pm25_median"": 59.0, ""records"": 35064, ""scope"": ""single_station"", ""stations"": 1, ""stratum"": ""station_Nongzhanguan"", ""variant"": 7}",Perform stage 'clean_feature' requiring skill 'data' for the beijing_ml variant described in variant_context. Respect 1 upstream dependencies and produce a verifiable stage output.,1,1,1,2,2,3,3,4,Single-station feature construction must avoid temporal leakage and validate imputation.
bugs2fix:V01:fix,bugs2fix,1,fix,code,1,3.5,"{""absolute_length_delta"": {""p25"": 6.0, ""p50"": 16.0, ""p75"": 36.0, ""p95"": 80.0}, ""execution_note"": ""Normalized function pairs; not executable repository tests."", ""mean_source_length"": 138.4590616966581, ""records"": 46680, ""source_length"": {""p25"": 103.0, ""p50"": 137.0, ""p75"": 173.0, ""p95"": 215.0}, ""unequal_fraction"": 1.0}","{""description"": ""Normalized Java before/after function-pair stratum; no executable repository tests are available."", ""median_absolute_length_delta"": 10, ""median_source_characters"": 80, ""patch_delta_band"": 2, ""records"": 3459, ""source_length_band"": 1, ""stratum"": ""source_length_q1_patch_delta_q2"", ""variant"": 1}",Perform stage 'fix' requiring skill 'code' for the bugs2fix variant described in variant_context. Respect 1 upstream dependencies and produce a verifiable stage output.,2,0,1,2,2,3,3,4,Deriving a behavior-preserving Java fix requires deep reasoning with no executable project context.
adult_ml:V09:report,adult_ml,9,report,report,1,1.5,"{""missing_fraction"": 0.008824372466319971, ""positive_fraction"": 0.23928176569346055, ""records"": 48842}","{""age_band"": 3, ""description"": ""Adult classification subgroup defined by empirical age and weekly-hours quartiles."", ""hours_per_week_band"": 2, ""missing_fraction"": 0.0, ""positive_fraction"": 0.0, ""records"": 0, ""stratum"": ""age_q3_hours_q2"", ""variant"": 9}",Perform stage 'report' requiring skill 'report' for the adult_ml variant described in variant_context. Respect 1 upstream dependencies and produce a verifiable stage output.,2,0,1,1,1,2,2,5,Reporting an empty stratum requires clear caveats and avoidance of unsupported conclusions.
bugs2fix:V10:report,bugs2fix,10,report,report,1,1.2,"{""absolute_length_delta"": {""p25"": 6.0, ""p50"": 16.0, ""p75"": 36.0, ""p95"": 80.0}, ""execution_note"": ""Normalized function pairs; not executable repository tests."", ""mean_source_length"": 138.4590616966581, ""records"": 46680, ""source_length"": {""p25"": 103.0, ""p50"": 137.0, ""p75"": 173.0, ""p95"": 215.0}, ""unequal_fraction"": 1.0}","{""description"": ""Normalized Java before/after function-pair stratum; no executable repository tests are available."", ""median_absolute_length_delta"": 25.0, ""median_source_characters"": 155.0, ""patch_delta_band"": 3, ""records"": 2968, ""source_length_band"": 3, ""stratum"": ""source_length_q3_patch_delta_q3"", ""variant"": 10}",Perform stage 'report' requiring skill 'report' for the bugs2fix variant described in variant_context. Respect 1 upstream dependencies and produce a verifiable stage output.,1,0,1,1,1,2,2,4,Reporting is bounded to one upstream repair artifact but must explain broader code/change evidence and test limitations.
adult_ml:V01:eda,adult_ml,1,eda,analysis,1,2.0,"{""missing_fraction"": 0.008824372466319971, ""positive_fraction"": 0.23928176569346055, ""records"": 48842}","{""age_band"": 1, ""description"": ""Adult classification subgroup defined by empirical age and weekly-hours quartiles."", ""hours_per_week_band"": 2, ""missing_fraction"": 0.0, ""positive_fraction"": 0.0, ""records"": 0, ""stratum"": ""age_q1_hours_q2"", ""variant"": 1}",Perform stage 'eda' requiring skill 'analysis' for the adult_ml variant described in variant_context. Respect 1 upstream dependencies and produce a verifiable stage output.,2,0,1,1,1,2,2,5,"No observations make the requested analysis underspecified, though the limitation is easy to verify."
beijing_ml:V12:report,beijing_ml,12,report,report,1,1.6,"{""missing_fraction"": 0.009774058652538005, ""records"": 420768, ""stations"": 12}","{""description"": ""Beijing air-quality regression/time-series stratum with chronological validation required."", ""missing_pollutant_fraction"": 0.021274, ""pm25_median"": 61.0, ""records"": 103968, ""scope"": ""multi_station_season"", ""stations"": 12, ""stratum"": ""all_stations_months_01_03"", ""variant"": 12}",Perform stage 'report' requiring skill 'report' for the beijing_ml variant described in variant_context. Respect 1 upstream dependencies and produce a verifiable stage output.,1,1,1,1,1,2,2,4,The report must synthesize season-wide results across 12 stations and retain temporal caveats.
adult_ml:V07:validate_load,adult_ml,7,validate_load,data,0,1.5,"{""missing_fraction"": 0.008824372466319971, ""positive_fraction"": 0.23928176569346055, ""records"": 48842}","{""age_band"": 2, ""description"": ""Adult classification subgroup defined by empirical age and weekly-hours quartiles."", ""hours_per_week_band"": 4, ""missing_fraction"": 0.002956, ""positive_fraction"": 0.387161, ""records"": 3022, ""stratum"": ""age_q2_hours_q4"", ""variant"": 7}",Perform stage 'validate_load' requiring skill 'data' for the adult_ml variant described in variant_context. Respect 0 upstream dependencies and produce a verifiable stage output.,1,0,0,0,1,1,3,5,Bounded schema/load checks are direct and objectively verifiable.
bugs2fix:V15:localise,bugs2fix,15,localise,analysis,1,2.8,"{""absolute_length_delta"": {""p25"": 6.0, ""p50"": 16.0, ""p75"": 36.0, ""p95"": 80.0}, ""execution_note"": ""Normalized function pairs; not executable repository tests."", ""mean_source_length"": 138.4590616966581, ""records"": 46680, ""source_length"": {""p25"": 103.0, ""p50"": 137.0, ""p75"": 173.0, ""p95"": 215.0}, ""unequal_fraction"": 1.0}","{""description"": ""Normalized Java before/after function-pair stratum; no executable repository tests are available."", ""median_absolute_length_delta"": 66, ""median_source_characters"": 196, ""patch_delta_band"": 4, ""records"": 3633, ""source_length_band"": 4, ""stratum"": ""source_length_q4_patch_delta_q4"", ""variant"": 15}",Perform stage 'localise' requiring skill 'analysis' for the bugs2fix variant described in variant_context. Respect 1 upstream dependencies and produce a verifiable stage output.,2,1,1,2,2,3,3,4,"Fault localization needs semantic comparison, while absent repository tests limit confirmation."
beijing_ml:V10:clean_feature,beijing_ml,10,clean_feature,data,1,3.0,"{""missing_fraction"": 0.009774058652538005, ""records"": 420768, ""stations"": 12}","{""description"": ""Beijing air-quality regression/time-series stratum with chronological validation required."", ""missing_pollutant_fraction"": 0.029613, ""pm25_median"": 59.0, ""records"": 35064, ""scope"": ""single_station"", ""stations"": 1, ""stratum"": ""station_Wanliu"", ""variant"": 10}",Perform stage 'clean_feature' requiring skill 'data' for the beijing_ml variant described in variant_context. Respect 1 upstream dependencies and produce a verifiable stage output.,1,1,1,2,2,3,3,4,Single-station feature construction must avoid temporal leakage and validate imputation.
beijing_ml:V04:clean_feature,beijing_ml,4,clean_feature,data,1,3.0,"{""missing_fraction"": 0.009774058652538005, ""records"": 420768, ""stations"": 12}","{""description"": ""Beijing air-quality regression/time-series stratum with chronological validation required."", ""missing_pollutant_fraction"": 0.02426, ""pm25_median"": 59.0, ""records"": 35064, ""scope"": ""single_station"", ""stations"": 1, ""stratum"": ""station_Guanyuan"", ""variant"": 4}",Perform stage 'clean_feature' requiring skill 'data' for the beijing_ml variant described in variant_context. Respect 1 upstream dependencies and produce a verifiable stage output.,1,1,1,2,2,3,3,4,Single-station feature construction must avoid temporal leakage and validate imputation.
beijing_ml:V13:report,beijing_ml,13,report,report,1,1.6,"{""missing_fraction"": 0.009774058652538005, ""records"": 420768, ""stations"": 12}","{""description"": ""Beijing air-quality regression/time-series stratum with chronological validation required."", ""missing_pollutant_fraction"": 0.030124, ""pm25_median"": 54.0, ""records"": 104832, ""scope"": ""multi_station_season"", ""stations"": 12, ""stratum"": ""all_stations_months_04_06"", ""variant"": 13}",Perform stage 'report' requiring skill 'report' for the beijing_ml variant described in variant_context. Respect 1 upstream dependencies and produce a verifiable stage output.,1,1,1,1,1,2,2,4,The report must synthesize season-wide results across 12 stations and retain temporal caveats.
beijing_ml:V02:evaluate,beijing_ml,2,evaluate,test,2,2.4,"{""missing_fraction"": 0.009774058652538005, ""records"": 420768, ""stations"": 12}","{""description"": ""Beijing air-quality regression/time-series stratum with chronological validation required."", ""missing_pollutant_fraction"": 0.03149, ""pm25_median"": 41.0, ""records"": 35064, ""scope"": ""single_station"", ""stations"": 1, ""stratum"": ""station_Dingling"", ""variant"": 2}",Perform stage 'evaluate' requiring skill 'test' for the beijing_ml variant described in variant_context. Respect 2 upstream dependencies and produce a verifiable stage output.,1,1,2,2,2,3,3,4,Evaluation combines two upstream artifacts and must verify single-station temporal generalization.
adult_ml:V05:baseline_model,adult_ml,5,baseline_model,ml,1,2.5,"{""missing_fraction"": 0.008824372466319971, ""positive_fraction"": 0.23928176569346055, ""records"": 48842}","{""age_band"": 2, ""description"": ""Adult classification subgroup defined by empirical age and weekly-hours quartiles."", ""hours_per_week_band"": 2, ""missing_fraction"": 0.0, ""positive_fraction"": 0.0, ""records"": 0, ""stratum"": ""age_q2_hours_q2"", ""variant"": 5}",Perform stage 'baseline_model' requiring skill 'ml' for the adult_ml variant described in variant_context. Respect 1 upstream dependencies and produce a verifiable stage output.,2,0,1,1,1,2,2,5,An empty stratum forces a no-fit or fallback decision rather than routine training.
adult_ml:V08:evaluate,adult_ml,8,evaluate,test,2,2.0,"{""missing_fraction"": 0.008824372466319971, ""positive_fraction"": 0.23928176569346055, ""records"": 48842}","{""age_band"": 3, ""description"": ""Adult classification subgroup defined by empirical age and weekly-hours quartiles."", ""hours_per_week_band"": 1, ""missing_fraction"": 0.004865, ""positive_fraction"": 0.288019, ""records"": 7687, ""stratum"": ""age_q3_hours_q1"", ""variant"": 8}",Perform stage 'evaluate' requiring skill 'test' for the adult_ml variant described in variant_context. Respect 2 upstream dependencies and produce a verifiable stage output.,1,1,2,1,1,2,3,4,Evaluation integrates two upstream artifacts but uses standard classification checks.
beijing_ml:V07:eda,beijing_ml,7,eda,analysis,1,2.3,"{""missing_fraction"": 0.009774058652538005, ""records"": 420768, ""stations"": 12}","{""description"": ""Beijing air-quality regression/time-series stratum with chronological validation required."", ""missing_pollutant_fraction"": 0.018623, ""pm25_median"": 59.0, ""records"": 35064, ""scope"": ""single_station"", ""stations"": 1, ""stratum"": ""station_Nongzhanguan"", ""variant"": 7}",Perform stage 'eda' requiring skill 'analysis' for the beijing_ml variant described in variant_context. Respect 1 upstream dependencies and produce a verifiable stage output.,1,1,1,1,1,2,2,4,Single-station temporal EDA is bounded but must diagnose missingness and time structure.
beijing_ml:V10:evaluate,beijing_ml,10,evaluate,test,2,2.4,"{""missing_fraction"": 0.009774058652538005, ""records"": 420768, ""stations"": 12}","{""description"": ""Beijing air-quality regression/time-series stratum with chronological validation required."", ""missing_pollutant_fraction"": 0.029613, ""pm25_median"": 59.0, ""records"": 35064, ""scope"": ""single_station"", ""stations"": 1, ""stratum"": ""station_Wanliu"", ""variant"": 10}",Perform stage 'evaluate' requiring skill 'test' for the beijing_ml variant described in variant_context. Respect 2 upstream dependencies and produce a verifiable stage output.,1,1,2,2,2,3,3,4,Evaluation combines two upstream artifacts and must verify single-station temporal generalization.
bugs2fix:V14:reproduce,bugs2fix,14,reproduce,test,0,2.0,"{""absolute_length_delta"": {""p25"": 6.0, ""p50"": 16.0, ""p75"": 36.0, ""p95"": 80.0}, ""execution_note"": ""Normalized function pairs; not executable repository tests."", ""mean_source_length"": 138.4590616966581, ""records"": 46680, ""source_length"": {""p25"": 103.0, ""p50"": 137.0, ""p75"": 173.0, ""p95"": 215.0}, ""unequal_fraction"": 1.0}","{""description"": ""Normalized Java before/after function-pair stratum; no executable repository tests are available."", ""median_absolute_length_delta"": 25, ""median_source_characters"": 193, ""patch_delta_band"": 3, ""records"": 2457, ""source_length_band"": 4, ""stratum"": ""source_length_q4_patch_delta_q3"", ""variant"": 14}",Perform stage 'reproduce' requiring skill 'test' for the bugs2fix variant described in variant_context. Respect 0 upstream dependencies and produce a verifiable stage output.,2,1,0,2,2,3,2,4,"Reproduction relies on static before/after evidence without executable repository tests, with added code or change breadth."
beijing_ml:V12:baseline_model,beijing_ml,12,baseline_model,ml,1,3.0,"{""missing_fraction"": 0.009774058652538005, ""records"": 420768, ""stations"": 12}","{""description"": ""Beijing air-quality regression/time-series stratum with chronological validation required."", ""missing_pollutant_fraction"": 0.021274, ""pm25_median"": 61.0, ""records"": 103968, ""scope"": ""multi_station_season"", ""stations"": 12, ""stratum"": ""all_stations_months_01_03"", ""variant"": 12}",Perform stage 'baseline_model' requiring skill 'ml' for the beijing_ml variant described in variant_context. Respect 1 upstream dependencies and produce a verifiable stage output.,1,2,1,2,2,3,3,4,Multi-station seasonal regression requires chronological splitting and time-aware error checks.
beijing_ml:V13:validate_load,beijing_ml,13,validate_load,data,0,1.8,"{""missing_fraction"": 0.009774058652538005, ""records"": 420768, ""stations"": 12}","{""description"": ""Beijing air-quality regression/time-series stratum with chronological validation required."", ""missing_pollutant_fraction"": 0.030124, ""pm25_median"": 54.0, ""records"": 104832, ""scope"": ""multi_station_season"", ""stations"": 12, ""stratum"": ""all_stations_months_04_06"", ""variant"": 13}",Perform stage 'validate_load' requiring skill 'data' for the beijing_ml variant described in variant_context. Respect 0 upstream dependencies and produce a verifiable stage output.,1,2,0,1,1,2,3,4,Multi-station seasonal time-series validation must preserve chronology and quantify missing pollutants.
bugs2fix:V06:report,bugs2fix,6,report,report,1,1.2,"{""absolute_length_delta"": {""p25"": 6.0, ""p50"": 16.0, ""p75"": 36.0, ""p95"": 80.0}, ""execution_note"": ""Normalized function pairs; not executable repository tests."", ""mean_source_length"": 138.4590616966581, ""records"": 46680, ""source_length"": {""p25"": 103.0, ""p50"": 137.0, ""p75"": 173.0, ""p95"": 215.0}, ""unequal_fraction"": 1.0}","{""description"": ""Normalized Java before/after function-pair stratum; no executable repository tests are available."", ""median_absolute_length_delta"": 26.0, ""median_source_characters"": 121.0, ""patch_delta_band"": 3, ""records"": 3224, ""source_length_band"": 2, ""stratum"": ""source_length_q2_patch_delta_q3"", ""variant"": 6}",Perform stage 'report' requiring skill 'report' for the bugs2fix variant described in variant_context. Respect 1 upstream dependencies and produce a verifiable stage output.,1,0,1,1,1,2,2,4,Reporting is bounded to one upstream repair artifact but must explain broader code/change evidence and test limitations.
beijing_ml:V14:eda,beijing_ml,14,eda,analysis,1,2.3,"{""missing_fraction"": 0.009774058652538005, ""records"": 420768, ""stations"": 12}","{""description"": ""Beijing air-quality regression/time-series stratum with chronological validation required."", ""missing_pollutant_fraction"": 0.026987, ""pm25_median"": 49.0, ""records"": 105984, ""scope"": ""multi_station_season"", ""stations"": 12, ""stratum"": ""all_stations_months_07_09"", ""variant"": 14}",Perform stage 'eda' requiring skill 'analysis' for the beijing_ml variant described in variant_context. Respect 1 upstream dependencies and produce a verifiable stage output.,1,2,1,2,1,3,2,4,"EDA spans 12 stations and a season, requiring temporal and cross-station reasoning."
adult_ml:V04:clean_feature,adult_ml,4,clean_feature,data,1,2.5,"{""missing_fraction"": 0.008824372466319971, ""positive_fraction"": 0.23928176569346055, ""records"": 48842}","{""age_band"": 2, ""description"": ""Adult classification subgroup defined by empirical age and weekly-hours quartiles."", ""hours_per_week_band"": 1, ""missing_fraction"": 0.006011, ""positive_fraction"": 0.171414, ""records"": 7619, ""stratum"": ""age_q2_hours_q1"", ""variant"": 4}",Perform stage 'clean_feature' requiring skill 'data' for the adult_ml variant described in variant_context. Respect 1 upstream dependencies and produce a verifiable stage output.,1,1,1,2,1,2,3,4,Mixed-type feature preparation needs leakage-aware choices across several variables.
adult_ml:V01:evaluate,adult_ml,1,evaluate,test,2,2.0,"{""missing_fraction"": 0.008824372466319971, ""positive_fraction"": 0.23928176569346055, ""records"": 48842}","{""age_band"": 1, ""description"": ""Adult classification subgroup defined by empirical age and weekly-hours quartiles."", ""hours_per_week_band"": 2, ""missing_fraction"": 0.0, ""positive_fraction"": 0.0, ""records"": 0, ""stratum"": ""age_q1_hours_q2"", ""variant"": 1}",Perform stage 'evaluate' requiring skill 'test' for the adult_ml variant described in variant_context. Respect 2 upstream dependencies and produce a verifiable stage output.,2,0,2,1,1,2,3,5,"Evaluation has two upstream inputs but no observations, requiring a defensible no-result treatment."
bugs2fix:V06:reproduce,bugs2fix,6,reproduce,test,0,2.0,"{""absolute_length_delta"": {""p25"": 6.0, ""p50"": 16.0, ""p75"": 36.0, ""p95"": 80.0}, ""execution_note"": ""Normalized function pairs; not executable repository tests."", ""mean_source_length"": 138.4590616966581, ""records"": 46680, ""source_length"": {""p25"": 103.0, ""p50"": 137.0, ""p75"": 173.0, ""p95"": 215.0}, ""unequal_fraction"": 1.0}","{""description"": ""Normalized Java before/after function-pair stratum; no executable repository tests are available."", ""median_absolute_length_delta"": 26.0, ""median_source_characters"": 121.0, ""patch_delta_band"": 3, ""records"": 3224, ""source_length_band"": 2, ""stratum"": ""source_length_q2_patch_delta_q3"", ""variant"": 6}",Perform stage 'reproduce' requiring skill 'test' for the bugs2fix variant described in variant_context. Respect 0 upstream dependencies and produce a verifiable stage output.,2,0,0,2,2,2,2,4,"Reproduction relies on static before/after evidence without executable repository tests, with added code or change breadth."
bugs2fix:V09:fix,bugs2fix,9,fix,code,1,3.5,"{""absolute_length_delta"": {""p25"": 6.0, ""p50"": 16.0, ""p75"": 36.0, ""p95"": 80.0}, ""execution_note"": ""Normalized function pairs; not executable repository tests."", ""mean_source_length"": 138.4590616966581, ""records"": 46680, ""source_length"": {""p25"": 103.0, ""p50"": 137.0, ""p75"": 173.0, ""p95"": 215.0}, ""unequal_fraction"": 1.0}","{""description"": ""Normalized Java before/after function-pair stratum; no executable repository tests are available."", ""median_absolute_length_delta"": 10, ""median_source_characters"": 155, ""patch_delta_band"": 2, ""records"": 2549, ""source_length_band"": 3, ""stratum"": ""source_length_q3_patch_delta_q2"", ""variant"": 9}",Perform stage 'fix' requiring skill 'code' for the bugs2fix variant described in variant_context. Respect 1 upstream dependencies and produce a verifiable stage output.,2,1,1,2,2,3,3,4,Deriving a behavior-preserving Java fix requires deep reasoning with no executable project context.
beijing_ml:V00:evaluate,beijing_ml,0,evaluate,test,2,2.4,"{""missing_fraction"": 0.009774058652538005, ""records"": 420768, ""stations"": 12}","{""description"": ""Beijing air-quality regression/time-series stratum with chronological validation required."", ""missing_pollutant_fraction"": 0.033729, ""pm25_median"": 58.0, ""records"": 35064, ""scope"": ""single_station"", ""stations"": 1, ""stratum"": ""station_Aotizhongxin"", ""variant"": 0}",Perform stage 'evaluate' requiring skill 'test' for the beijing_ml variant described in variant_context. Respect 2 upstream dependencies and produce a verifiable stage output.,1,1,2,2,2,3,3,4,Evaluation combines two upstream artifacts and must verify single-station temporal generalization.
beijing_ml:V14:clean_feature,beijing_ml,14,clean_feature,data,1,3.0,"{""missing_fraction"": 0.009774058652538005, ""records"": 420768, ""stations"": 12}","{""description"": ""Beijing air-quality regression/time-series stratum with chronological validation required."", ""missing_pollutant_fraction"": 0.026987, ""pm25_median"": 49.0, ""records"": 105984, ""scope"": ""multi_station_season"", ""stations"": 12, ""stratum"": ""all_stations_months_07_09"", ""variant"": 14}",Perform stage 'clean_feature' requiring skill 'data' for the beijing_ml variant described in variant_context. Respect 1 upstream dependencies and produce a verifiable stage output.,1,2,1,2,2,3,3,4,Multi-station seasonal feature construction must avoid temporal leakage and validate imputation.
bugs2fix:V07:reproduce,bugs2fix,7,reproduce,test,0,2.0,"{""absolute_length_delta"": {""p25"": 6.0, ""p50"": 16.0, ""p75"": 36.0, ""p95"": 80.0}, ""execution_note"": ""Normalized function pairs; not executable repository tests."", ""mean_source_length"": 138.4590616966581, ""records"": 46680, ""source_length"": {""p25"": 103.0, ""p50"": 137.0, ""p75"": 173.0, ""p95"": 215.0}, ""unequal_fraction"": 1.0}","{""description"": ""Normalized Java before/after function-pair stratum; no executable repository tests are available."", ""median_absolute_length_delta"": 50, ""median_source_characters"": 122, ""patch_delta_band"": 4, ""records"": 2793, ""source_length_band"": 2, ""stratum"": ""source_length_q2_patch_delta_q4"", ""variant"": 7}",Perform stage 'reproduce' requiring skill 'test' for the bugs2fix variant described in variant_context. Respect 0 upstream dependencies and produce a verifiable stage output.,2,0,0,2,2,2,2,4,"Reproduction relies on static before/after evidence without executable repository tests, with added code or change breadth."
beijing_ml:V15:clean_feature,beijing_ml,15,clean_feature,data,1,3.0,"{""missing_fraction"": 0.009774058652538005, ""records"": 420768, ""stations"": 12}","{""description"": ""Beijing air-quality regression/time-series stratum with chronological validation required."", ""missing_pollutant_fraction"": 0.032903, ""pm25_median"": 61.0, ""records"": 105984, ""scope"": ""multi_station_season"", ""stations"": 12, ""stratum"": ""all_stations_months_10_12"", ""variant"": 15}",Perform stage 'clean_feature' requiring skill 'data' for the beijing_ml variant described in variant_context. Respect 1 upstream dependencies and produce a verifiable stage output.,1,2,1,2,2,3,3,4,Multi-station seasonal feature construction must avoid temporal leakage and validate imputation.
adult_ml:V03:evaluate,adult_ml,3,evaluate,test,2,2.0,"{""missing_fraction"": 0.008824372466319971, ""positive_fraction"": 0.23928176569346055, ""records"": 48842}","{""age_band"": 1, ""description"": ""Adult classification subgroup defined by empirical age and weekly-hours quartiles."", ""hours_per_week_band"": 4, ""missing_fraction"": 0.006445, ""positive_fraction"": 0.116012, ""records"": 1655, ""stratum"": ""age_q1_hours_q4"", ""variant"": 3}",Perform stage 'evaluate' requiring skill 'test' for the adult_ml variant described in variant_context. Respect 2 upstream dependencies and produce a verifiable stage output.,1,1,2,1,1,2,3,4,Evaluation integrates two upstream artifacts but uses standard classification checks.
adult_ml:V09:validate_load,adult_ml,9,validate_load,data,0,1.5,"{""missing_fraction"": 0.008824372466319971, ""positive_fraction"": 0.23928176569346055, ""records"": 48842}","{""age_band"": 3, ""description"": ""Adult classification subgroup defined by empirical age and weekly-hours quartiles."", ""hours_per_week_band"": 2, ""missing_fraction"": 0.0, ""positive_fraction"": 0.0, ""records"": 0, ""stratum"": ""age_q3_hours_q2"", ""variant"": 9}",Perform stage 'validate_load' requiring skill 'data' for the adult_ml variant described in variant_context. Respect 0 upstream dependencies and produce a verifiable stage output.,2,0,0,1,1,2,3,5,Empty stratum requires an explicit no-data decision before downstream use.
adult_ml:V13:advanced_model,adult_ml,13,advanced_model,ml,1,3.5,"{""missing_fraction"": 0.008824372466319971, ""positive_fraction"": 0.23928176569346055, ""records"": 48842}","{""age_band"": 4, ""description"": ""Adult classification subgroup defined by empirical age and weekly-hours quartiles."", ""hours_per_week_band"": 2, ""missing_fraction"": 0.0, ""positive_fraction"": 0.0, ""records"": 0, ""stratum"": ""age_q4_hours_q2"", ""variant"": 13}",Perform stage 'advanced_model' requiring skill 'ml' for the adult_ml variant described in variant_context. Respect 1 upstream dependencies and produce a verifiable stage output.,2,0,1,1,1,2,2,5,"Advanced fitting is infeasible without observations, so the output must justify a fallback."
beijing_ml:V05:validate_load,beijing_ml,5,validate_load,data,0,1.8,"{""missing_fraction"": 0.009774058652538005, ""records"": 420768, ""stations"": 12}","{""description"": ""Beijing air-quality regression/time-series stratum with chronological validation required."", ""missing_pollutant_fraction"": 0.020591, ""pm25_median"": 60.0, ""records"": 35064, ""scope"": ""single_station"", ""stations"": 1, ""stratum"": ""station_Gucheng"", ""variant"": 5}",Perform stage 'validate_load' requiring skill 'data' for the beijing_ml variant described in variant_context. Respect 0 upstream dependencies and produce a verifiable stage output.,1,1,0,1,1,2,3,4,Single-station time-series validation must preserve chronology and quantify missing pollutants.
beijing_ml:V03:evaluate,beijing_ml,3,evaluate,test,2,2.4,"{""missing_fraction"": 0.009774058652538005, ""records"": 420768, ""stations"": 12}","{""description"": ""Beijing air-quality regression/time-series stratum with chronological validation required."", ""missing_pollutant_fraction"": 0.035307, ""pm25_median"": 61.0, ""records"": 35064, ""scope"": ""single_station"", ""stations"": 1, ""stratum"": ""station_Dongsi"", ""variant"": 3}",Perform stage 'evaluate' requiring skill 'test' for the beijing_ml variant described in variant_context. Respect 2 upstream dependencies and produce a verifiable stage output.,1,1,2,2,2,3,3,4,Evaluation combines two upstream artifacts and must verify single-station temporal generalization.
adult_ml:V07:report,adult_ml,7,report,report,1,1.5,"{""missing_fraction"": 0.008824372466319971, ""positive_fraction"": 0.23928176569346055, ""records"": 48842}","{""age_band"": 2, ""description"": ""Adult classification subgroup defined by empirical age and weekly-hours quartiles."", ""hours_per_week_band"": 4, ""missing_fraction"": 0.002956, ""positive_fraction"": 0.387161, ""records"": 3022, ""stratum"": ""age_q2_hours_q4"", ""variant"": 7}",Perform stage 'report' requiring skill 'report' for the adult_ml variant described in variant_context. Respect 1 upstream dependencies and produce a verifiable stage output.,1,0,1,0,0,1,2,5,Summarizing one bounded upstream result is straightforward and easy to inspect.
beijing_ml:V13:evaluate,beijing_ml,13,evaluate,test,2,2.4,"{""missing_fraction"": 0.009774058652538005, ""records"": 420768, ""stations"": 12}","{""description"": ""Beijing air-quality regression/time-series stratum with chronological validation required."", ""missing_pollutant_fraction"": 0.030124, ""pm25_median"": 54.0, ""records"": 104832, ""scope"": ""multi_station_season"", ""stations"": 12, ""stratum"": ""all_stations_months_04_06"", ""variant"": 13}",Perform stage 'evaluate' requiring skill 'test' for the beijing_ml variant described in variant_context. Respect 2 upstream dependencies and produce a verifiable stage output.,1,2,2,2,2,3,3,4,Evaluation combines two upstream artifacts and must verify multi-station seasonal temporal generalization.
beijing_ml:V14:baseline_model,beijing_ml,14,baseline_model,ml,1,3.0,"{""missing_fraction"": 0.009774058652538005, ""records"": 420768, ""stations"": 12}","{""description"": ""Beijing air-quality regression/time-series stratum with chronological validation required."", ""missing_pollutant_fraction"": 0.026987, ""pm25_median"": 49.0, ""records"": 105984, ""scope"": ""multi_station_season"", ""stations"": 12, ""stratum"": ""all_stations_months_07_09"", ""variant"": 14}",Perform stage 'baseline_model' requiring skill 'ml' for the beijing_ml variant described in variant_context. Respect 1 upstream dependencies and produce a verifiable stage output.,1,2,1,2,2,3,3,4,Multi-station seasonal regression requires chronological splitting and time-aware error checks.
adult_ml:V15:validate_load,adult_ml,15,validate_load,data,0,1.5,"{""missing_fraction"": 0.008824372466319971, ""positive_fraction"": 0.23928176569346055, ""records"": 48842}","{""age_band"": 4, ""description"": ""Adult classification subgroup defined by empirical age and weekly-hours quartiles."", ""hours_per_week_band"": 4, ""missing_fraction"": 0.006622, ""positive_fraction"": 0.513599, ""records"": 2537, ""stratum"": ""age_q4_hours_q4"", ""variant"": 15}",Perform stage 'validate_load' requiring skill 'data' for the adult_ml variant described in variant_context. Respect 0 upstream dependencies and produce a verifiable stage output.,1,0,0,0,1,1,3,5,Bounded schema/load checks are direct and objectively verifiable.
beijing_ml:V08:baseline_model,beijing_ml,8,baseline_model,ml,1,3.0,"{""missing_fraction"": 0.009774058652538005, ""records"": 420768, ""stations"": 12}","{""description"": ""Beijing air-quality regression/time-series stratum with chronological validation required."", ""missing_pollutant_fraction"": 0.037023, ""pm25_median"": 55.0, ""records"": 35064, ""scope"": ""single_station"", ""stations"": 1, ""stratum"": ""station_Shunyi"", ""variant"": 8}",Perform stage 'baseline_model' requiring skill 'ml' for the beijing_ml variant described in variant_context. Respect 1 upstream dependencies and produce a verifiable stage output.,1,1,1,2,2,3,3,4,Single-station regression requires chronological splitting and time-aware error checks.
beijing_ml:V11:baseline_model,beijing_ml,11,baseline_model,ml,1,3.0,"{""missing_fraction"": 0.009774058652538005, ""records"": 420768, ""stations"": 12}","{""description"": ""Beijing air-quality regression/time-series stratum with chronological validation required."", ""missing_pollutant_fraction"": 0.023661, ""pm25_median"": 60.0, ""records"": 35064, ""scope"": ""single_station"", ""stations"": 1, ""stratum"": ""station_Wanshouxigong"", ""variant"": 11}",Perform stage 'baseline_model' requiring skill 'ml' for the beijing_ml variant described in variant_context. Respect 1 upstream dependencies and produce a verifiable stage output.,1,1,1,2,2,3,3,4,Single-station regression requires chronological splitting and time-aware error checks.
bugs2fix:V13:localise,bugs2fix,13,localise,analysis,1,2.8,"{""absolute_length_delta"": {""p25"": 6.0, ""p50"": 16.0, ""p75"": 36.0, ""p95"": 80.0}, ""execution_note"": ""Normalized function pairs; not executable repository tests."", ""mean_source_length"": 138.4590616966581, ""records"": 46680, ""source_length"": {""p25"": 103.0, ""p50"": 137.0, ""p75"": 173.0, ""p95"": 215.0}, ""unequal_fraction"": 1.0}","{""description"": ""Normalized Java before/after function-pair stratum; no executable repository tests are available."", ""median_absolute_length_delta"": 10.0, ""median_source_characters"": 195.0, ""patch_delta_band"": 2, ""records"": 2506, ""source_length_band"": 4, ""stratum"": ""source_length_q4_patch_delta_q2"", ""variant"": 13}",Perform stage 'localise' requiring skill 'analysis' for the bugs2fix variant described in variant_context. Respect 1 upstream dependencies and produce a verifiable stage output.,2,1,1,2,2,3,3,4,"Fault localization needs semantic comparison, while absent repository tests limit confirmation."
beijing_ml:V01:baseline_model,beijing_ml,1,baseline_model,ml,1,3.0,"{""missing_fraction"": 0.009774058652538005, ""records"": 420768, ""stations"": 12}","{""description"": ""Beijing air-quality regression/time-series stratum with chronological validation required."", ""missing_pollutant_fraction"": 0.022701, ""pm25_median"": 46.0, ""records"": 35064, ""scope"": ""single_station"", ""stations"": 1, ""stratum"": ""station_Changping"", ""variant"": 1}",Perform stage 'baseline_model' requiring skill 'ml' for the beijing_ml variant described in variant_context. Respect 1 upstream dependencies and produce a verifiable stage output.,1,1,1,2,2,3,3,4,Single-station regression requires chronological splitting and time-aware error checks.
adult_ml:V10:eda,adult_ml,10,eda,analysis,1,2.0,"{""missing_fraction"": 0.008824372466319971, ""positive_fraction"": 0.23928176569346055, ""records"": 48842}","{""age_band"": 3, ""description"": ""Adult classification subgroup defined by empirical age and weekly-hours quartiles."", ""hours_per_week_band"": 3, ""missing_fraction"": 0.002217, ""positive_fraction"": 0.434783, ""records"": 1173, ""stratum"": ""age_q3_hours_q3"", ""variant"": 10}",Perform stage 'eda' requiring skill 'analysis' for the adult_ml variant described in variant_context. Respect 1 upstream dependencies and produce a verifiable stage output.,1,1,1,1,1,2,2,4,Subgroup EDA requires linked descriptive checks but remains bounded to one tabular stratum.
bugs2fix:V04:localise,bugs2fix,4,localise,analysis,1,2.8,"{""absolute_length_delta"": {""p25"": 6.0, ""p50"": 16.0, ""p75"": 36.0, ""p95"": 80.0}, ""execution_note"": ""Normalized function pairs; not executable repository tests."", ""mean_source_length"": 138.4590616966581, ""records"": 46680, ""source_length"": {""p25"": 103.0, ""p50"": 137.0, ""p75"": 173.0, ""p95"": 215.0}, ""unequal_fraction"": 1.0}","{""description"": ""Normalized Java before/after function-pair stratum; no executable repository tests are available."", ""median_absolute_length_delta"": 1.0, ""median_source_characters"": 120.0, ""patch_delta_band"": 1, ""records"": 2736, ""source_length_band"": 2, ""stratum"": ""source_length_q2_patch_delta_q1"", ""variant"": 4}",Perform stage 'localise' requiring skill 'analysis' for the bugs2fix variant described in variant_context. Respect 1 upstream dependencies and produce a verifiable stage output.,2,1,1,2,2,3,3,4,"Fault localization needs semantic comparison, while absent repository tests limit confirmation."
beijing_ml:V07:advanced_model,beijing_ml,7,advanced_model,ml,1,4.2,"{""missing_fraction"": 0.009774058652538005, ""records"": 420768, ""stations"": 12}","{""description"": ""Beijing air-quality regression/time-series stratum with chronological validation required."", ""missing_pollutant_fraction"": 0.018623, ""pm25_median"": 59.0, ""records"": 35064, ""scope"": ""single_station"", ""stations"": 1, ""stratum"": ""station_Nongzhanguan"", ""variant"": 7}",Perform stage 'advanced_model' requiring skill 'ml' for the beijing_ml variant described in variant_context. Respect 1 upstream dependencies and produce a verifiable stage output.,2,1,1,2,2,3,3,4,The advanced single-station model is unspecified and needs tuning plus robust chronological validation.
beijing_ml:V14:advanced_model,beijing_ml,14,advanced_model,ml,1,4.2,"{""missing_fraction"": 0.009774058652538005, ""records"": 420768, ""stations"": 12}","{""description"": ""Beijing air-quality regression/time-series stratum with chronological validation required."", ""missing_pollutant_fraction"": 0.026987, ""pm25_median"": 49.0, ""records"": 105984, ""scope"": ""multi_station_season"", ""stations"": 12, ""stratum"": ""all_stations_months_07_09"", ""variant"": 14}",Perform stage 'advanced_model' requiring skill 'ml' for the beijing_ml variant described in variant_context. Respect 1 upstream dependencies and produce a verifiable stage output.,2,2,1,2,2,3,3,4,The advanced multi-station seasonal model is unspecified and needs tuning plus robust chronological validation.
adult_ml:V02:validate_load,adult_ml,2,validate_load,data,0,1.5,"{""missing_fraction"": 0.008824372466319971, ""positive_fraction"": 0.23928176569346055, ""records"": 48842}","{""age_band"": 1, ""description"": ""Adult classification subgroup defined by empirical age and weekly-hours quartiles."", ""hours_per_week_band"": 3, ""missing_fraction"": 0.008829, ""positive_fraction"": 0.110119, ""records"": 672, ""stratum"": ""age_q1_hours_q3"", ""variant"": 2}",Perform stage 'validate_load' requiring skill 'data' for the adult_ml variant described in variant_context. Respect 0 upstream dependencies and produce a verifiable stage output.,1,0,0,0,1,1,3,5,Bounded schema/load checks are direct and objectively verifiable.
adult_ml:V12:eda,adult_ml,12,eda,analysis,1,2.0,"{""missing_fraction"": 0.008824372466319971, ""positive_fraction"": 0.23928176569346055, ""records"": 48842}","{""age_band"": 4, ""description"": ""Adult classification subgroup defined by empirical age and weekly-hours quartiles."", ""hours_per_week_band"": 1, ""missing_fraction"": 0.015525, ""positive_fraction"": 0.260737, ""records"": 8219, ""stratum"": ""age_q4_hours_q1"", ""variant"": 12}",Perform stage 'eda' requiring skill 'analysis' for the adult_ml variant described in variant_context. Respect 1 upstream dependencies and produce a verifiable stage output.,1,1,1,1,1,2,2,4,Subgroup EDA requires linked descriptive checks but remains bounded to one tabular stratum.
adult_ml:V07:advanced_model,adult_ml,7,advanced_model,ml,1,3.5,"{""missing_fraction"": 0.008824372466319971, ""positive_fraction"": 0.23928176569346055, ""records"": 48842}","{""age_band"": 2, ""description"": ""Adult classification subgroup defined by empirical age and weekly-hours quartiles."", ""hours_per_week_band"": 4, ""missing_fraction"": 0.002956, ""positive_fraction"": 0.387161, ""records"": 3022, ""stratum"": ""age_q2_hours_q4"", ""variant"": 7}",Perform stage 'advanced_model' requiring skill 'ml' for the adult_ml variant described in variant_context. Respect 1 upstream dependencies and produce a verifiable stage output.,2,1,1,2,2,3,2,4,The advanced method is unspecified and requires tuning plus leakage and generalization checks.
bugs2fix:V05:localise,bugs2fix,5,localise,analysis,1,2.8,"{""absolute_length_delta"": {""p25"": 6.0, ""p50"": 16.0, ""p75"": 36.0, ""p95"": 80.0}, ""execution_note"": ""Normalized function pairs; not executable repository tests."", ""mean_source_length"": 138.4590616966581, ""records"": 46680, ""source_length"": {""p25"": 103.0, ""p50"": 137.0, ""p75"": 173.0, ""p95"": 215.0}, ""unequal_fraction"": 1.0}","{""description"": ""Normalized Java before/after function-pair stratum; no executable repository tests are available."", ""median_absolute_length_delta"": 10, ""median_source_characters"": 120, ""patch_delta_band"": 2, ""records"": 2735, ""source_length_band"": 2, ""stratum"": ""source_length_q2_patch_delta_q2"", ""variant"": 5}",Perform stage 'localise' requiring skill 'analysis' for the bugs2fix variant described in variant_context. Respect 1 upstream dependencies and produce a verifiable stage output.,2,1,1,2,2,3,3,4,"Fault localization needs semantic comparison, while absent repository tests limit confirmation."
adult_ml:V00:baseline_model,adult_ml,0,baseline_model,ml,1,2.5,"{""missing_fraction"": 0.008824372466319971, ""positive_fraction"": 0.23928176569346055, ""records"": 48842}","{""age_band"": 1, ""description"": ""Adult classification subgroup defined by empirical age and weekly-hours quartiles."", ""hours_per_week_band"": 1, ""missing_fraction"": 0.014549, ""positive_fraction"": 0.025718, ""records"": 10965, ""stratum"": ""age_q1_hours_q1"", ""variant"": 0}",Perform stage 'baseline_model' requiring skill 'ml' for the adult_ml variant described in variant_context. Respect 1 upstream dependencies and produce a verifiable stage output.,1,1,1,2,2,3,2,4,"A very rare positive class complicates fitting, thresholds, and baseline validation."
beijing_ml:V11:validate_load,beijing_ml,11,validate_load,data,0,1.8,"{""missing_fraction"": 0.009774058652538005, ""records"": 420768, ""stations"": 12}","{""description"": ""Beijing air-quality regression/time-series stratum with chronological validation required."", ""missing_pollutant_fraction"": 0.023661, ""pm25_median"": 60.0, ""records"": 35064, ""scope"": ""single_station"", ""stations"": 1, ""stratum"": ""station_Wanshouxigong"", ""variant"": 11}",Perform stage 'validate_load' requiring skill 'data' for the beijing_ml variant described in variant_context. Respect 0 upstream dependencies and produce a verifiable stage output.,1,1,0,1,1,2,3,4,Single-station time-series validation must preserve chronology and quantify missing pollutants.
adult_ml:V14:baseline_model,adult_ml,14,baseline_model,ml,1,2.5,"{""missing_fraction"": 0.008824372466319971, ""positive_fraction"": 0.23928176569346055, ""records"": 48842}","{""age_band"": 4, ""description"": ""Adult classification subgroup defined by empirical age and weekly-hours quartiles."", ""hours_per_week_band"": 3, ""missing_fraction"": 0.005839, ""positive_fraction"": 0.470588, ""records"": 765, ""stratum"": ""age_q4_hours_q3"", ""variant"": 14}",Perform stage 'baseline_model' requiring skill 'ml' for the adult_ml variant described in variant_context. Respect 1 upstream dependencies and produce a verifiable stage output.,1,1,1,1,1,2,2,4,Baseline classification entails standard model and metric choices on a bounded subgroup.
bugs2fix:V05:reproduce,bugs2fix,5,reproduce,test,0,2.0,"{""absolute_length_delta"": {""p25"": 6.0, ""p50"": 16.0, ""p75"": 36.0, ""p95"": 80.0}, ""execution_note"": ""Normalized function pairs; not executable repository tests."", ""mean_source_length"": 138.4590616966581, ""records"": 46680, ""source_length"": {""p25"": 103.0, ""p50"": 137.0, ""p75"": 173.0, ""p95"": 215.0}, ""unequal_fraction"": 1.0}","{""description"": ""Normalized Java before/after function-pair stratum; no executable repository tests are available."", ""median_absolute_length_delta"": 10, ""median_source_characters"": 120, ""patch_delta_band"": 2, ""records"": 2735, ""source_length_band"": 2, ""stratum"": ""source_length_q2_patch_delta_q2"", ""variant"": 5}",Perform stage 'reproduce' requiring skill 'test' for the bugs2fix variant described in variant_context. Respect 0 upstream dependencies and produce a verifiable stage output.,2,0,0,1,2,2,2,4,"Reproduction relies on static before/after evidence without executable repository tests, but the function and patch are compact."
bugs2fix:V00:fix,bugs2fix,0,fix,code,1,3.5,"{""absolute_length_delta"": {""p25"": 6.0, ""p50"": 16.0, ""p75"": 36.0, ""p95"": 80.0}, ""execution_note"": ""Normalized function pairs; not executable repository tests."", ""mean_source_length"": 138.4590616966581, ""records"": 46680, ""source_length"": {""p25"": 103.0, ""p50"": 137.0, ""p75"": 173.0, ""p95"": 215.0}, ""unequal_fraction"": 1.0}","{""description"": ""Normalized Java before/after function-pair stratum; no executable repository tests are available."", ""median_absolute_length_delta"": 1.0, ""median_source_characters"": 80.0, ""patch_delta_band"": 1, ""records"": 3536, ""source_length_band"": 1, ""stratum"": ""source_length_q1_patch_delta_q1"", ""variant"": 0}",Perform stage 'fix' requiring skill 'code' for the bugs2fix variant described in variant_context. Respect 1 upstream dependencies and produce a verifiable stage output.,2,0,1,2,2,3,3,4,Deriving a behavior-preserving Java fix requires deep reasoning with no executable project context.
beijing_ml:V10:report,beijing_ml,10,report,report,1,1.6,"{""missing_fraction"": 0.009774058652538005, ""records"": 420768, ""stations"": 12}","{""description"": ""Beijing air-quality regression/time-series stratum with chronological validation required."", ""missing_pollutant_fraction"": 0.029613, ""pm25_median"": 59.0, ""records"": 35064, ""scope"": ""single_station"", ""stations"": 1, ""stratum"": ""station_Wanliu"", ""variant"": 10}",Perform stage 'report' requiring skill 'report' for the beijing_ml variant described in variant_context. Respect 1 upstream dependencies and produce a verifiable stage output.,1,0,1,1,0,1,2,5,A single-station result can be summarized directly with a concise chronology caveat.
beijing_ml:V06:baseline_model,beijing_ml,6,baseline_model,ml,1,3.0,"{""missing_fraction"": 0.009774058652538005, ""records"": 420768, ""stations"": 12}","{""description"": ""Beijing air-quality regression/time-series stratum with chronological validation required."", ""missing_pollutant_fraction"": 0.032902, ""pm25_median"": 47.0, ""records"": 35064, ""scope"": ""single_station"", ""stations"": 1, ""stratum"": ""station_Huairou"", ""variant"": 6}",Perform stage 'baseline_model' requiring skill 'ml' for the beijing_ml variant described in variant_context. Respect 1 upstream dependencies and produce a verifiable stage output.,1,1,1,2,2,3,3,4,Single-station regression requires chronological splitting and time-aware error checks.
adult_ml:V02:clean_feature,adult_ml,2,clean_feature,data,1,2.5,"{""missing_fraction"": 0.008824372466319971, ""positive_fraction"": 0.23928176569346055, ""records"": 48842}","{""age_band"": 1, ""description"": ""Adult classification subgroup defined by empirical age and weekly-hours quartiles."", ""hours_per_week_band"": 3, ""missing_fraction"": 0.008829, ""positive_fraction"": 0.110119, ""records"": 672, ""stratum"": ""age_q1_hours_q3"", ""variant"": 2}",Perform stage 'clean_feature' requiring skill 'data' for the adult_ml variant described in variant_context. Respect 1 upstream dependencies and produce a verifiable stage output.,1,1,1,2,1,2,3,4,Mixed-type feature preparation needs leakage-aware choices across several variables.
adult_ml:V03:baseline_model,adult_ml,3,baseline_model,ml,1,2.5,"{""missing_fraction"": 0.008824372466319971, ""positive_fraction"": 0.23928176569346055, ""records"": 48842}","{""age_band"": 1, ""description"": ""Adult classification subgroup defined by empirical age and weekly-hours quartiles."", ""hours_per_week_band"": 4, ""missing_fraction"": 0.006445, ""positive_fraction"": 0.116012, ""records"": 1655, ""stratum"": ""age_q1_hours_q4"", ""variant"": 3}",Perform stage 'baseline_model' requiring skill 'ml' for the adult_ml variant described in variant_context. Respect 1 upstream dependencies and produce a verifiable stage output.,1,1,1,1,1,2,2,4,Baseline classification entails standard model and metric choices on a bounded subgroup.
adult_ml:V07:evaluate,adult_ml,7,evaluate,test,2,2.0,"{""missing_fraction"": 0.008824372466319971, ""positive_fraction"": 0.23928176569346055, ""records"": 48842}","{""age_band"": 2, ""description"": ""Adult classification subgroup defined by empirical age and weekly-hours quartiles."", ""hours_per_week_band"": 4, ""missing_fraction"": 0.002956, ""positive_fraction"": 0.387161, ""records"": 3022, ""stratum"": ""age_q2_hours_q4"", ""variant"": 7}",Perform stage 'evaluate' requiring skill 'test' for the adult_ml variant described in variant_context. Respect 2 upstream dependencies and produce a verifiable stage output.,1,1,2,1,1,2,3,4,Evaluation integrates two upstream artifacts but uses standard classification checks.
beijing_ml:V07:baseline_model,beijing_ml,7,baseline_model,ml,1,3.0,"{""missing_fraction"": 0.009774058652538005, ""records"": 420768, ""stations"": 12}","{""description"": ""Beijing air-quality regression/time-series stratum with chronological validation required."", ""missing_pollutant_fraction"": 0.018623, ""pm25_median"": 59.0, ""records"": 35064, ""scope"": ""single_station"", ""stations"": 1, ""stratum"": ""station_Nongzhanguan"", ""variant"": 7}",Perform stage 'baseline_model' requiring skill 'ml' for the beijing_ml variant described in variant_context. Respect 1 upstream dependencies and produce a verifiable stage output.,1,1,1,2,2,3,3,4,Single-station regression requires chronological splitting and time-aware error checks.
bugs2fix:V07:localise,bugs2fix,7,localise,analysis,1,2.8,"{""absolute_length_delta"": {""p25"": 6.0, ""p50"": 16.0, ""p75"": 36.0, ""p95"": 80.0}, ""execution_note"": ""Normalized function pairs; not executable repository tests."", ""mean_source_length"": 138.4590616966581, ""records"": 46680, ""source_length"": {""p25"": 103.0, ""p50"": 137.0, ""p75"": 173.0, ""p95"": 215.0}, ""unequal_fraction"": 1.0}","{""description"": ""Normalized Java before/after function-pair stratum; no executable repository tests are available."", ""median_absolute_length_delta"": 50, ""median_source_characters"": 122, ""patch_delta_band"": 4, ""records"": 2793, ""source_length_band"": 2, ""stratum"": ""source_length_q2_patch_delta_q4"", ""variant"": 7}",Perform stage 'localise' requiring skill 'analysis' for the bugs2fix variant described in variant_context. Respect 1 upstream dependencies and produce a verifiable stage output.,2,1,1,2,2,3,3,4,"Fault localization needs semantic comparison, while absent repository tests limit confirmation."
beijing_ml:V02:validate_load,beijing_ml,2,validate_load,data,0,1.8,"{""missing_fraction"": 0.009774058652538005, ""records"": 420768, ""stations"": 12}","{""description"": ""Beijing air-quality regression/time-series stratum with chronological validation required."", ""missing_pollutant_fraction"": 0.03149, ""pm25_median"": 41.0, ""records"": 35064, ""scope"": ""single_station"", ""stations"": 1, ""stratum"": ""station_Dingling"", ""variant"": 2}",Perform stage 'validate_load' requiring skill 'data' for the beijing_ml variant described in variant_context. Respect 0 upstream dependencies and produce a verifiable stage output.,1,1,0,1,1,2,3,4,Single-station time-series validation must preserve chronology and quantify missing pollutants.
bugs2fix:V04:regression_test,bugs2fix,4,regression_test,test,1,2.3,"{""absolute_length_delta"": {""p25"": 6.0, ""p50"": 16.0, ""p75"": 36.0, ""p95"": 80.0}, ""execution_note"": ""Normalized function pairs; not executable repository tests."", ""mean_source_length"": 138.4590616966581, ""records"": 46680, ""source_length"": {""p25"": 103.0, ""p50"": 137.0, ""p75"": 173.0, ""p95"": 215.0}, ""unequal_fraction"": 1.0}","{""description"": ""Normalized Java before/after function-pair stratum; no executable repository tests are available."", ""median_absolute_length_delta"": 1.0, ""median_source_characters"": 120.0, ""patch_delta_band"": 1, ""records"": 2736, ""source_length_band"": 2, ""stratum"": ""source_length_q2_patch_delta_q1"", ""variant"": 4}",Perform stage 'regression_test' requiring skill 'test' for the bugs2fix variant described in variant_context. Respect 1 upstream dependencies and produce a verifiable stage output.,2,0,1,1,2,2,3,4,Regression verification must use defensible static or proxy checks because repository tests are unavailable.
beijing_ml:V05:eda,beijing_ml,5,eda,analysis,1,2.3,"{""missing_fraction"": 0.009774058652538005, ""records"": 420768, ""stations"": 12}","{""description"": ""Beijing air-quality regression/time-series stratum with chronological validation required."", ""missing_pollutant_fraction"": 0.020591, ""pm25_median"": 60.0, ""records"": 35064, ""scope"": ""single_station"", ""stations"": 1, ""stratum"": ""station_Gucheng"", ""variant"": 5}",Perform stage 'eda' requiring skill 'analysis' for the beijing_ml variant described in variant_context. Respect 1 upstream dependencies and produce a verifiable stage output.,1,1,1,1,1,2,2,4,Single-station temporal EDA is bounded but must diagnose missingness and time structure.
adult_ml:V15:baseline_model,adult_ml,15,baseline_model,ml,1,2.5,"{""missing_fraction"": 0.008824372466319971, ""positive_fraction"": 0.23928176569346055, ""records"": 48842}","{""age_band"": 4, ""description"": ""Adult classification subgroup defined by empirical age and weekly-hours quartiles."", ""hours_per_week_band"": 4, ""missing_fraction"": 0.006622, ""positive_fraction"": 0.513599, ""records"": 2537, ""stratum"": ""age_q4_hours_q4"", ""variant"": 15}",Perform stage 'baseline_model' requiring skill 'ml' for the adult_ml variant described in variant_context. Respect 1 upstream dependencies and produce a verifiable stage output.,1,1,1,1,1,2,2,4,Baseline classification entails standard model and metric choices on a bounded subgroup.
beijing_ml:V05:report,beijing_ml,5,report,report,1,1.6,"{""missing_fraction"": 0.009774058652538005, ""records"": 420768, ""stations"": 12}","{""description"": ""Beijing air-quality regression/time-series stratum with chronological validation required."", ""missing_pollutant_fraction"": 0.020591, ""pm25_median"": 60.0, ""records"": 35064, ""scope"": ""single_station"", ""stations"": 1, ""stratum"": ""station_Gucheng"", ""variant"": 5}",Perform stage 'report' requiring skill 'report' for the beijing_ml variant described in variant_context. Respect 1 upstream dependencies and produce a verifiable stage output.,1,0,1,1,0,1,2,5,A single-station result can be summarized directly with a concise chronology caveat.
adult_ml:V09:clean_feature,adult_ml,9,clean_feature,data,1,2.5,"{""missing_fraction"": 0.008824372466319971, ""positive_fraction"": 0.23928176569346055, ""records"": 48842}","{""age_band"": 3, ""description"": ""Adult classification subgroup defined by empirical age and weekly-hours quartiles."", ""hours_per_week_band"": 2, ""missing_fraction"": 0.0, ""positive_fraction"": 0.0, ""records"": 0, ""stratum"": ""age_q3_hours_q2"", ""variant"": 9}",Perform stage 'clean_feature' requiring skill 'data' for the adult_ml variant described in variant_context. Respect 1 upstream dependencies and produce a verifiable stage output.,2,0,1,1,1,2,3,5,Feature preparation cannot proceed normally on an empty stratum and needs a documented fallback.
adult_ml:V06:eda,adult_ml,6,eda,analysis,1,2.0,"{""missing_fraction"": 0.008824372466319971, ""positive_fraction"": 0.23928176569346055, ""records"": 48842}","{""age_band"": 2, ""description"": ""Adult classification subgroup defined by empirical age and weekly-hours quartiles."", ""hours_per_week_band"": 3, ""missing_fraction"": 0.002818, ""positive_fraction"": 0.332373, ""records"": 1041, ""stratum"": ""age_q2_hours_q3"", ""variant"": 6}",Perform stage 'eda' requiring skill 'analysis' for the adult_ml variant described in variant_context. Respect 1 upstream dependencies and produce a verifiable stage output.,1,1,1,1,1,2,2,4,Subgroup EDA requires linked descriptive checks but remains bounded to one tabular stratum.
adult_ml:V06:report,adult_ml,6,report,report,1,1.5,"{""missing_fraction"": 0.008824372466319971, ""positive_fraction"": 0.23928176569346055, ""records"": 48842}","{""age_band"": 2, ""description"": ""Adult classification subgroup defined by empirical age and weekly-hours quartiles."", ""hours_per_week_band"": 3, ""missing_fraction"": 0.002818, ""positive_fraction"": 0.332373, ""records"": 1041, ""stratum"": ""age_q2_hours_q3"", ""variant"": 6}",Perform stage 'report' requiring skill 'report' for the adult_ml variant described in variant_context. Respect 1 upstream dependencies and produce a verifiable stage output.,1,0,1,0,0,1,2,5,Summarizing one bounded upstream result is straightforward and easy to inspect.
adult_ml:V14:clean_feature,adult_ml,14,clean_feature,data,1,2.5,"{""missing_fraction"": 0.008824372466319971, ""positive_fraction"": 0.23928176569346055, ""records"": 48842}","{""age_band"": 4, ""description"": ""Adult classification subgroup defined by empirical age and weekly-hours quartiles."", ""hours_per_week_band"": 3, ""missing_fraction"": 0.005839, ""positive_fraction"": 0.470588, ""records"": 765, ""stratum"": ""age_q4_hours_q3"", ""variant"": 14}",Perform stage 'clean_feature' requiring skill 'data' for the adult_ml variant described in variant_context. Respect 1 upstream dependencies and produce a verifiable stage output.,1,1,1,2,1,2,3,4,Mixed-type feature preparation needs leakage-aware choices across several variables.
bugs2fix:V11:report,bugs2fix,11,report,report,1,1.2,"{""absolute_length_delta"": {""p25"": 6.0, ""p50"": 16.0, ""p75"": 36.0, ""p95"": 80.0}, ""execution_note"": ""Normalized function pairs; not executable repository tests."", ""mean_source_length"": 138.4590616966581, ""records"": 46680, ""source_length"": {""p25"": 103.0, ""p50"": 137.0, ""p75"": 173.0, ""p95"": 215.0}, ""unequal_fraction"": 1.0}","{""description"": ""Normalized Java before/after function-pair stratum; no executable repository tests are available."", ""median_absolute_length_delta"": 57.0, ""median_source_characters"": 155.0, ""patch_delta_band"": 4, ""records"": 3242, ""source_length_band"": 3, ""stratum"": ""source_length_q3_patch_delta_q4"", ""variant"": 11}",Perform stage 'report' requiring skill 'report' for the bugs2fix variant described in variant_context. Respect 1 upstream dependencies and produce a verifiable stage output.,1,0,1,1,1,2,2,4,Reporting is bounded to one upstream repair artifact but must explain broader code/change evidence and test limitations.
bugs2fix:V04:reproduce,bugs2fix,4,reproduce,test,0,2.0,"{""absolute_length_delta"": {""p25"": 6.0, ""p50"": 16.0, ""p75"": 36.0, ""p95"": 80.0}, ""execution_note"": ""Normalized function pairs; not executable repository tests."", ""mean_source_length"": 138.4590616966581, ""records"": 46680, ""source_length"": {""p25"": 103.0, ""p50"": 137.0, ""p75"": 173.0, ""p95"": 215.0}, ""unequal_fraction"": 1.0}","{""description"": ""Normalized Java before/after function-pair stratum; no executable repository tests are available."", ""median_absolute_length_delta"": 1.0, ""median_source_characters"": 120.0, ""patch_delta_band"": 1, ""records"": 2736, ""source_length_band"": 2, ""stratum"": ""source_length_q2_patch_delta_q1"", ""variant"": 4}",Perform stage 'reproduce' requiring skill 'test' for the bugs2fix variant described in variant_context. Respect 0 upstream dependencies and produce a verifiable stage output.,2,0,0,1,2,2,2,4,"Reproduction relies on static before/after evidence without executable repository tests, but the function and patch are compact."
bugs2fix:V01:regression_test,bugs2fix,1,regression_test,test,1,2.3,"{""absolute_length_delta"": {""p25"": 6.0, ""p50"": 16.0, ""p75"": 36.0, ""p95"": 80.0}, ""execution_note"": ""Normalized function pairs; not executable repository tests."", ""mean_source_length"": 138.4590616966581, ""records"": 46680, ""source_length"": {""p25"": 103.0, ""p50"": 137.0, ""p75"": 173.0, ""p95"": 215.0}, ""unequal_fraction"": 1.0}","{""description"": ""Normalized Java before/after function-pair stratum; no executable repository tests are available."", ""median_absolute_length_delta"": 10, ""median_source_characters"": 80, ""patch_delta_band"": 2, ""records"": 3459, ""source_length_band"": 1, ""stratum"": ""source_length_q1_patch_delta_q2"", ""variant"": 1}",Perform stage 'regression_test' requiring skill 'test' for the bugs2fix variant described in variant_context. Respect 1 upstream dependencies and produce a verifiable stage output.,2,0,1,1,2,2,3,4,Regression verification must use defensible static or proxy checks because repository tests are unavailable.
beijing_ml:V11:clean_feature,beijing_ml,11,clean_feature,data,1,3.0,"{""missing_fraction"": 0.009774058652538005, ""records"": 420768, ""stations"": 12}","{""description"": ""Beijing air-quality regression/time-series stratum with chronological validation required."", ""missing_pollutant_fraction"": 0.023661, ""pm25_median"": 60.0, ""records"": 35064, ""scope"": ""single_station"", ""stations"": 1, ""stratum"": ""station_Wanshouxigong"", ""variant"": 11}",Perform stage 'clean_feature' requiring skill 'data' for the beijing_ml variant described in variant_context. Respect 1 upstream dependencies and produce a verifiable stage output.,1,1,1,2,2,3,3,4,Single-station feature construction must avoid temporal leakage and validate imputation.
beijing_ml:V08:evaluate,beijing_ml,8,evaluate,test,2,2.4,"{""missing_fraction"": 0.009774058652538005, ""records"": 420768, ""stations"": 12}","{""description"": ""Beijing air-quality regression/time-series stratum with chronological validation required."", ""missing_pollutant_fraction"": 0.037023, ""pm25_median"": 55.0, ""records"": 35064, ""scope"": ""single_station"", ""stations"": 1, ""stratum"": ""station_Shunyi"", ""variant"": 8}",Perform stage 'evaluate' requiring skill 'test' for the beijing_ml variant described in variant_context. Respect 2 upstream dependencies and produce a verifiable stage output.,1,1,2,2,2,3,3,4,Evaluation combines two upstream artifacts and must verify single-station temporal generalization.
beijing_ml:V13:baseline_model,beijing_ml,13,baseline_model,ml,1,3.0,"{""missing_fraction"": 0.009774058652538005, ""records"": 420768, ""stations"": 12}","{""description"": ""Beijing air-quality regression/time-series stratum with chronological validation required."", ""missing_pollutant_fraction"": 0.030124, ""pm25_median"": 54.0, ""records"": 104832, ""scope"": ""multi_station_season"", ""stations"": 12, ""stratum"": ""all_stations_months_04_06"", ""variant"": 13}",Perform stage 'baseline_model' requiring skill 'ml' for the beijing_ml variant described in variant_context. Respect 1 upstream dependencies and produce a verifiable stage output.,1,2,1,2,2,3,3,4,Multi-station seasonal regression requires chronological splitting and time-aware error checks.
beijing_ml:V01:evaluate,beijing_ml,1,evaluate,test,2,2.4,"{""missing_fraction"": 0.009774058652538005, ""records"": 420768, ""stations"": 12}","{""description"": ""Beijing air-quality regression/time-series stratum with chronological validation required."", ""missing_pollutant_fraction"": 0.022701, ""pm25_median"": 46.0, ""records"": 35064, ""scope"": ""single_station"", ""stations"": 1, ""stratum"": ""station_Changping"", ""variant"": 1}",Perform stage 'evaluate' requiring skill 'test' for the beijing_ml variant described in variant_context. Respect 2 upstream dependencies and produce a verifiable stage output.,1,1,2,2,2,3,3,4,Evaluation combines two upstream artifacts and must verify single-station temporal generalization.
adult_ml:V00:clean_feature,adult_ml,0,clean_feature,data,1,2.5,"{""missing_fraction"": 0.008824372466319971, ""positive_fraction"": 0.23928176569346055, ""records"": 48842}","{""age_band"": 1, ""description"": ""Adult classification subgroup defined by empirical age and weekly-hours quartiles."", ""hours_per_week_band"": 1, ""missing_fraction"": 0.014549, ""positive_fraction"": 0.025718, ""records"": 10965, ""stratum"": ""age_q1_hours_q1"", ""variant"": 0}",Perform stage 'clean_feature' requiring skill 'data' for the adult_ml variant described in variant_context. Respect 1 upstream dependencies and produce a verifiable stage output.,1,1,1,2,2,3,3,4,"Feature choices must preserve a very rare target and avoid leakage, increasing validation burden."
beijing_ml:V02:advanced_model,beijing_ml,2,advanced_model,ml,1,4.2,"{""missing_fraction"": 0.009774058652538005, ""records"": 420768, ""stations"": 12}","{""description"": ""Beijing air-quality regression/time-series stratum with chronological validation required."", ""missing_pollutant_fraction"": 0.03149, ""pm25_median"": 41.0, ""records"": 35064, ""scope"": ""single_station"", ""stations"": 1, ""stratum"": ""station_Dingling"", ""variant"": 2}",Perform stage 'advanced_model' requiring skill 'ml' for the beijing_ml variant described in variant_context. Respect 1 upstream dependencies and produce a verifiable stage output.,2,1,1,2,2,3,3,4,The advanced single-station model is unspecified and needs tuning plus robust chronological validation.
bugs2fix:V00:reproduce,bugs2fix,0,reproduce,test,0,2.0,"{""absolute_length_delta"": {""p25"": 6.0, ""p50"": 16.0, ""p75"": 36.0, ""p95"": 80.0}, ""execution_note"": ""Normalized function pairs; not executable repository tests."", ""mean_source_length"": 138.4590616966581, ""records"": 46680, ""source_length"": {""p25"": 103.0, ""p50"": 137.0, ""p75"": 173.0, ""p95"": 215.0}, ""unequal_fraction"": 1.0}","{""description"": ""Normalized Java before/after function-pair stratum; no executable repository tests are available."", ""median_absolute_length_delta"": 1.0, ""median_source_characters"": 80.0, ""patch_delta_band"": 1, ""records"": 3536, ""source_length_band"": 1, ""stratum"": ""source_length_q1_patch_delta_q1"", ""variant"": 0}",Perform stage 'reproduce' requiring skill 'test' for the bugs2fix variant described in variant_context. Respect 0 upstream dependencies and produce a verifiable stage output.,2,0,0,1,2,2,2,4,"Reproduction relies on static before/after evidence without executable repository tests, but the function and patch are compact."
adult_ml:V08:clean_feature,adult_ml,8,clean_feature,data,1,2.5,"{""missing_fraction"": 0.008824372466319971, ""positive_fraction"": 0.23928176569346055, ""records"": 48842}","{""age_band"": 3, ""description"": ""Adult classification subgroup defined by empirical age and weekly-hours quartiles."", ""hours_per_week_band"": 1, ""missing_fraction"": 0.004865, ""positive_fraction"": 0.288019, ""records"": 7687, ""stratum"": ""age_q3_hours_q1"", ""variant"": 8}",Perform stage 'clean_feature' requiring skill 'data' for the adult_ml variant described in variant_context. Respect 1 upstream dependencies and produce a verifiable stage output.,1,1,1,2,1,2,3,4,Mixed-type feature preparation needs leakage-aware choices across several variables.
beijing_ml:V09:evaluate,beijing_ml,9,evaluate,test,2,2.4,"{""missing_fraction"": 0.009774058652538005, ""records"": 420768, ""stations"": 12}","{""description"": ""Beijing air-quality regression/time-series stratum with chronological validation required."", ""missing_pollutant_fraction"": 0.024265, ""pm25_median"": 59.0, ""records"": 35064, ""scope"": ""single_station"", ""stations"": 1, ""stratum"": ""station_Tiantan"", ""variant"": 9}",Perform stage 'evaluate' requiring skill 'test' for the beijing_ml variant described in variant_context. Respect 2 upstream dependencies and produce a verifiable stage output.,1,1,2,2,2,3,3,4,Evaluation combines two upstream artifacts and must verify single-station temporal generalization.
bugs2fix:V05:regression_test,bugs2fix,5,regression_test,test,1,2.3,"{""absolute_length_delta"": {""p25"": 6.0, ""p50"": 16.0, ""p75"": 36.0, ""p95"": 80.0}, ""execution_note"": ""Normalized function pairs; not executable repository tests."", ""mean_source_length"": 138.4590616966581, ""records"": 46680, ""source_length"": {""p25"": 103.0, ""p50"": 137.0, ""p75"": 173.0, ""p95"": 215.0}, ""unequal_fraction"": 1.0}","{""description"": ""Normalized Java before/after function-pair stratum; no executable repository tests are available."", ""median_absolute_length_delta"": 10, ""median_source_characters"": 120, ""patch_delta_band"": 2, ""records"": 2735, ""source_length_band"": 2, ""stratum"": ""source_length_q2_patch_delta_q2"", ""variant"": 5}",Perform stage 'regression_test' requiring skill 'test' for the bugs2fix variant described in variant_context. Respect 1 upstream dependencies and produce a verifiable stage output.,2,0,1,1,2,2,3,4,Regression verification must use defensible static or proxy checks because repository tests are unavailable.
beijing_ml:V01:eda,beijing_ml,1,eda,analysis,1,2.3,"{""missing_fraction"": 0.009774058652538005, ""records"": 420768, ""stations"": 12}","{""description"": ""Beijing air-quality regression/time-series stratum with chronological validation required."", ""missing_pollutant_fraction"": 0.022701, ""pm25_median"": 46.0, ""records"": 35064, ""scope"": ""single_station"", ""stations"": 1, ""stratum"": ""station_Changping"", ""variant"": 1}",Perform stage 'eda' requiring skill 'analysis' for the beijing_ml variant described in variant_context. Respect 1 upstream dependencies and produce a verifiable stage output.,1,1,1,1,1,2,2,4,Single-station temporal EDA is bounded but must diagnose missingness and time structure.
bugs2fix:V02:reproduce,bugs2fix,2,reproduce,test,0,2.0,"{""absolute_length_delta"": {""p25"": 6.0, ""p50"": 16.0, ""p75"": 36.0, ""p95"": 80.0}, ""execution_note"": ""Normalized function pairs; not executable repository tests."", ""mean_source_length"": 138.4590616966581, ""records"": 46680, ""source_length"": {""p25"": 103.0, ""p50"": 137.0, ""p75"": 173.0, ""p95"": 215.0}, ""unequal_fraction"": 1.0}","{""description"": ""Normalized Java before/after function-pair stratum; no executable repository tests are available."", ""median_absolute_length_delta"": 25, ""median_source_characters"": 85, ""patch_delta_band"": 3, ""records"": 3397, ""source_length_band"": 1, ""stratum"": ""source_length_q1_patch_delta_q3"", ""variant"": 2}",Perform stage 'reproduce' requiring skill 'test' for the bugs2fix variant described in variant_context. Respect 0 upstream dependencies and produce a verifiable stage output.,2,0,0,2,2,2,2,4,"Reproduction relies on static before/after evidence without executable repository tests, with added code or change breadth."
bugs2fix:V08:localise,bugs2fix,8,localise,analysis,1,2.8,"{""absolute_length_delta"": {""p25"": 6.0, ""p50"": 16.0, ""p75"": 36.0, ""p95"": 80.0}, ""execution_note"": ""Normalized function pairs; not executable repository tests."", ""mean_source_length"": 138.4590616966581, ""records"": 46680, ""source_length"": {""p25"": 103.0, ""p50"": 137.0, ""p75"": 173.0, ""p95"": 215.0}, ""unequal_fraction"": 1.0}","{""description"": ""Normalized Java before/after function-pair stratum; no executable repository tests are available."", ""median_absolute_length_delta"": 1.0, ""median_source_characters"": 155.0, ""patch_delta_band"": 1, ""records"": 3012, ""source_length_band"": 3, ""stratum"": ""source_length_q3_patch_delta_q1"", ""variant"": 8}",Perform stage 'localise' requiring skill 'analysis' for the bugs2fix variant described in variant_context. Respect 1 upstream dependencies and produce a verifiable stage output.,2,1,1,2,2,3,3,4,"Fault localization needs semantic comparison, while absent repository tests limit confirmation."
beijing_ml:V12:clean_feature,beijing_ml,12,clean_feature,data,1,3.0,"{""missing_fraction"": 0.009774058652538005, ""records"": 420768, ""stations"": 12}","{""description"": ""Beijing air-quality regression/time-series stratum with chronological validation required."", ""missing_pollutant_fraction"": 0.021274, ""pm25_median"": 61.0, ""records"": 103968, ""scope"": ""multi_station_season"", ""stations"": 12, ""stratum"": ""all_stations_months_01_03"", ""variant"": 12}",Perform stage 'clean_feature' requiring skill 'data' for the beijing_ml variant described in variant_context. Respect 1 upstream dependencies and produce a verifiable stage output.,1,2,1,2,2,3,3,4,Multi-station seasonal feature construction must avoid temporal leakage and validate imputation.
bugs2fix:V11:regression_test,bugs2fix,11,regression_test,test,1,2.3,"{""absolute_length_delta"": {""p25"": 6.0, ""p50"": 16.0, ""p75"": 36.0, ""p95"": 80.0}, ""execution_note"": ""Normalized function pairs; not executable repository tests."", ""mean_source_length"": 138.4590616966581, ""records"": 46680, ""source_length"": {""p25"": 103.0, ""p50"": 137.0, ""p75"": 173.0, ""p95"": 215.0}, ""unequal_fraction"": 1.0}","{""description"": ""Normalized Java before/after function-pair stratum; no executable repository tests are available."", ""median_absolute_length_delta"": 57.0, ""median_source_characters"": 155.0, ""patch_delta_band"": 4, ""records"": 3242, ""source_length_band"": 3, ""stratum"": ""source_length_q3_patch_delta_q4"", ""variant"": 11}",Perform stage 'regression_test' requiring skill 'test' for the bugs2fix variant described in variant_context. Respect 1 upstream dependencies and produce a verifiable stage output.,2,1,1,2,2,3,3,4,Regression verification must use defensible static or proxy checks because repository tests are unavailable.
beijing_ml:V01:validate_load,beijing_ml,1,validate_load,data,0,1.8,"{""missing_fraction"": 0.009774058652538005, ""records"": 420768, ""stations"": 12}","{""description"": ""Beijing air-quality regression/time-series stratum with chronological validation required."", ""missing_pollutant_fraction"": 0.022701, ""pm25_median"": 46.0, ""records"": 35064, ""scope"": ""single_station"", ""stations"": 1, ""stratum"": ""station_Changping"", ""variant"": 1}",Perform stage 'validate_load' requiring skill 'data' for the beijing_ml variant described in variant_context. Respect 0 upstream dependencies and produce a verifiable stage output.,1,1,0,1,1,2,3,4,Single-station time-series validation must preserve chronology and quantify missing pollutants.
adult_ml:V12:advanced_model,adult_ml,12,advanced_model,ml,1,3.5,"{""missing_fraction"": 0.008824372466319971, ""positive_fraction"": 0.23928176569346055, ""records"": 48842}","{""age_band"": 4, ""description"": ""Adult classification subgroup defined by empirical age and weekly-hours quartiles."", ""hours_per_week_band"": 1, ""missing_fraction"": 0.015525, ""positive_fraction"": 0.260737, ""records"": 8219, ""stratum"": ""age_q4_hours_q1"", ""variant"": 12}",Perform stage 'advanced_model' requiring skill 'ml' for the adult_ml variant described in variant_context. Respect 1 upstream dependencies and produce a verifiable stage output.,2,1,1,2,2,3,2,4,The advanced method is unspecified and requires tuning plus leakage and generalization checks.
beijing_ml:V00:validate_load,beijing_ml,0,validate_load,data,0,1.8,"{""missing_fraction"": 0.009774058652538005, ""records"": 420768, ""stations"": 12}","{""description"": ""Beijing air-quality regression/time-series stratum with chronological validation required."", ""missing_pollutant_fraction"": 0.033729, ""pm25_median"": 58.0, ""records"": 35064, ""scope"": ""single_station"", ""stations"": 1, ""stratum"": ""station_Aotizhongxin"", ""variant"": 0}",Perform stage 'validate_load' requiring skill 'data' for the beijing_ml variant described in variant_context. Respect 0 upstream dependencies and produce a verifiable stage output.,1,1,0,1,1,2,3,4,Single-station time-series validation must preserve chronology and quantify missing pollutants.
beijing_ml:V07:evaluate,beijing_ml,7,evaluate,test,2,2.4,"{""missing_fraction"": 0.009774058652538005, ""records"": 420768, ""stations"": 12}","{""description"": ""Beijing air-quality regression/time-series stratum with chronological validation required."", ""missing_pollutant_fraction"": 0.018623, ""pm25_median"": 59.0, ""records"": 35064, ""scope"": ""single_station"", ""stations"": 1, ""stratum"": ""station_Nongzhanguan"", ""variant"": 7}",Perform stage 'evaluate' requiring skill 'test' for the beijing_ml variant described in variant_context. Respect 2 upstream dependencies and produce a verifiable stage output.,1,1,2,2,2,3,3,4,Evaluation combines two upstream artifacts and must verify single-station temporal generalization.
beijing_ml:V10:eda,beijing_ml,10,eda,analysis,1,2.3,"{""missing_fraction"": 0.009774058652538005, ""records"": 420768, ""stations"": 12}","{""description"": ""Beijing air-quality regression/time-series stratum with chronological validation required."", ""missing_pollutant_fraction"": 0.029613, ""pm25_median"": 59.0, ""records"": 35064, ""scope"": ""single_station"", ""stations"": 1, ""stratum"": ""station_Wanliu"", ""variant"": 10}",Perform stage 'eda' requiring skill 'analysis' for the beijing_ml variant described in variant_context. Respect 1 upstream dependencies and produce a verifiable stage output.,1,1,1,1,1,2,2,4,Single-station temporal EDA is bounded but must diagnose missingness and time structure.
beijing_ml:V05:advanced_model,beijing_ml,5,advanced_model,ml,1,4.2,"{""missing_fraction"": 0.009774058652538005, ""records"": 420768, ""stations"": 12}","{""description"": ""Beijing air-quality regression/time-series stratum with chronological validation required."", ""missing_pollutant_fraction"": 0.020591, ""pm25_median"": 60.0, ""records"": 35064, ""scope"": ""single_station"", ""stations"": 1, ""stratum"": ""station_Gucheng"", ""variant"": 5}",Perform stage 'advanced_model' requiring skill 'ml' for the beijing_ml variant described in variant_context. Respect 1 upstream dependencies and produce a verifiable stage output.,2,1,1,2,2,3,3,4,The advanced single-station model is unspecified and needs tuning plus robust chronological validation.
adult_ml:V03:validate_load,adult_ml,3,validate_load,data,0,1.5,"{""missing_fraction"": 0.008824372466319971, ""positive_fraction"": 0.23928176569346055, ""records"": 48842}","{""age_band"": 1, ""description"": ""Adult classification subgroup defined by empirical age and weekly-hours quartiles."", ""hours_per_week_band"": 4, ""missing_fraction"": 0.006445, ""positive_fraction"": 0.116012, ""records"": 1655, ""stratum"": ""age_q1_hours_q4"", ""variant"": 3}",Perform stage 'validate_load' requiring skill 'data' for the adult_ml variant described in variant_context. Respect 0 upstream dependencies and produce a verifiable stage output.,1,0,0,0,1,1,3,5,Bounded schema/load checks are direct and objectively verifiable.
beijing_ml:V13:advanced_model,beijing_ml,13,advanced_model,ml,1,4.2,"{""missing_fraction"": 0.009774058652538005, ""records"": 420768, ""stations"": 12}","{""description"": ""Beijing air-quality regression/time-series stratum with chronological validation required."", ""missing_pollutant_fraction"": 0.030124, ""pm25_median"": 54.0, ""records"": 104832, ""scope"": ""multi_station_season"", ""stations"": 12, ""stratum"": ""all_stations_months_04_06"", ""variant"": 13}",Perform stage 'advanced_model' requiring skill 'ml' for the beijing_ml variant described in variant_context. Respect 1 upstream dependencies and produce a verifiable stage output.,2,2,1,2,2,3,3,4,The advanced multi-station seasonal model is unspecified and needs tuning plus robust chronological validation.
bugs2fix:V11:localise,bugs2fix,11,localise,analysis,1,2.8,"{""absolute_length_delta"": {""p25"": 6.0, ""p50"": 16.0, ""p75"": 36.0, ""p95"": 80.0}, ""execution_note"": ""Normalized function pairs; not executable repository tests."", ""mean_source_length"": 138.4590616966581, ""records"": 46680, ""source_length"": {""p25"": 103.0, ""p50"": 137.0, ""p75"": 173.0, ""p95"": 215.0}, ""unequal_fraction"": 1.0}","{""description"": ""Normalized Java before/after function-pair stratum; no executable repository tests are available."", ""median_absolute_length_delta"": 57.0, ""median_source_characters"": 155.0, ""patch_delta_band"": 4, ""records"": 3242, ""source_length_band"": 3, ""stratum"": ""source_length_q3_patch_delta_q4"", ""variant"": 11}",Perform stage 'localise' requiring skill 'analysis' for the bugs2fix variant described in variant_context. Respect 1 upstream dependencies and produce a verifiable stage output.,2,1,1,2,2,3,3,4,"Fault localization needs semantic comparison, while absent repository tests limit confirmation."
adult_ml:V14:advanced_model,adult_ml,14,advanced_model,ml,1,3.5,"{""missing_fraction"": 0.008824372466319971, ""positive_fraction"": 0.23928176569346055, ""records"": 48842}","{""age_band"": 4, ""description"": ""Adult classification subgroup defined by empirical age and weekly-hours quartiles."", ""hours_per_week_band"": 3, ""missing_fraction"": 0.005839, ""positive_fraction"": 0.470588, ""records"": 765, ""stratum"": ""age_q4_hours_q3"", ""variant"": 14}",Perform stage 'advanced_model' requiring skill 'ml' for the adult_ml variant described in variant_context. Respect 1 upstream dependencies and produce a verifiable stage output.,2,1,1,2,2,3,2,4,The advanced method is unspecified and requires tuning plus leakage and generalization checks.
beijing_ml:V00:baseline_model,beijing_ml,0,baseline_model,ml,1,3.0,"{""missing_fraction"": 0.009774058652538005, ""records"": 420768, ""stations"": 12}","{""description"": ""Beijing air-quality regression/time-series stratum with chronological validation required."", ""missing_pollutant_fraction"": 0.033729, ""pm25_median"": 58.0, ""records"": 35064, ""scope"": ""single_station"", ""stations"": 1, ""stratum"": ""station_Aotizhongxin"", ""variant"": 0}",Perform stage 'baseline_model' requiring skill 'ml' for the beijing_ml variant described in variant_context. Respect 1 upstream dependencies and produce a verifiable stage output.,1,1,1,2,2,3,3,4,Single-station regression requires chronological splitting and time-aware error checks.
beijing_ml:V11:eda,beijing_ml,11,eda,analysis,1,2.3,"{""missing_fraction"": 0.009774058652538005, ""records"": 420768, ""stations"": 12}","{""description"": ""Beijing air-quality regression/time-series stratum with chronological validation required."", ""missing_pollutant_fraction"": 0.023661, ""pm25_median"": 60.0, ""records"": 35064, ""scope"": ""single_station"", ""stations"": 1, ""stratum"": ""station_Wanshouxigong"", ""variant"": 11}",Perform stage 'eda' requiring skill 'analysis' for the beijing_ml variant described in variant_context. Respect 1 upstream dependencies and produce a verifiable stage output.,1,1,1,1,1,2,2,4,Single-station temporal EDA is bounded but must diagnose missingness and time structure.
beijing_ml:V01:advanced_model,beijing_ml,1,advanced_model,ml,1,4.2,"{""missing_fraction"": 0.009774058652538005, ""records"": 420768, ""stations"": 12}","{""description"": ""Beijing air-quality regression/time-series stratum with chronological validation required."", ""missing_pollutant_fraction"": 0.022701, ""pm25_median"": 46.0, ""records"": 35064, ""scope"": ""single_station"", ""stations"": 1, ""stratum"": ""station_Changping"", ""variant"": 1}",Perform stage 'advanced_model' requiring skill 'ml' for the beijing_ml variant described in variant_context. Respect 1 upstream dependencies and produce a verifiable stage output.,2,1,1,2,2,3,3,4,The advanced single-station model is unspecified and needs tuning plus robust chronological validation.
adult_ml:V02:eda,adult_ml,2,eda,analysis,1,2.0,"{""missing_fraction"": 0.008824372466319971, ""positive_fraction"": 0.23928176569346055, ""records"": 48842}","{""age_band"": 1, ""description"": ""Adult classification subgroup defined by empirical age and weekly-hours quartiles."", ""hours_per_week_band"": 3, ""missing_fraction"": 0.008829, ""positive_fraction"": 0.110119, ""records"": 672, ""stratum"": ""age_q1_hours_q3"", ""variant"": 2}",Perform stage 'eda' requiring skill 'analysis' for the adult_ml variant described in variant_context. Respect 1 upstream dependencies and produce a verifiable stage output.,1,1,1,1,1,2,2,4,Subgroup EDA requires linked descriptive checks but remains bounded to one tabular stratum.
adult_ml:V03:report,adult_ml,3,report,report,1,1.5,"{""missing_fraction"": 0.008824372466319971, ""positive_fraction"": 0.23928176569346055, ""records"": 48842}","{""age_band"": 1, ""description"": ""Adult classification subgroup defined by empirical age and weekly-hours quartiles."", ""hours_per_week_band"": 4, ""missing_fraction"": 0.006445, ""positive_fraction"": 0.116012, ""records"": 1655, ""stratum"": ""age_q1_hours_q4"", ""variant"": 3}",Perform stage 'report' requiring skill 'report' for the adult_ml variant described in variant_context. Respect 1 upstream dependencies and produce a verifiable stage output.,1,0,1,0,0,1,2,5,Summarizing one bounded upstream result is straightforward and easy to inspect.
beijing_ml:V04:evaluate,beijing_ml,4,evaluate,test,2,2.4,"{""missing_fraction"": 0.009774058652538005, ""records"": 420768, ""stations"": 12}","{""description"": ""Beijing air-quality regression/time-series stratum with chronological validation required."", ""missing_pollutant_fraction"": 0.02426, ""pm25_median"": 59.0, ""records"": 35064, ""scope"": ""single_station"", ""stations"": 1, ""stratum"": ""station_Guanyuan"", ""variant"": 4}",Perform stage 'evaluate' requiring skill 'test' for the beijing_ml variant described in variant_context. Respect 2 upstream dependencies and produce a verifiable stage output.,1,1,2,2,2,3,3,4,Evaluation combines two upstream artifacts and must verify single-station temporal generalization.
bugs2fix:V05:fix,bugs2fix,5,fix,code,1,3.5,"{""absolute_length_delta"": {""p25"": 6.0, ""p50"": 16.0, ""p75"": 36.0, ""p95"": 80.0}, ""execution_note"": ""Normalized function pairs; not executable repository tests."", ""mean_source_length"": 138.4590616966581, ""records"": 46680, ""source_length"": {""p25"": 103.0, ""p50"": 137.0, ""p75"": 173.0, ""p95"": 215.0}, ""unequal_fraction"": 1.0}","{""description"": ""Normalized Java before/after function-pair stratum; no executable repository tests are available."", ""median_absolute_length_delta"": 10, ""median_source_characters"": 120, ""patch_delta_band"": 2, ""records"": 2735, ""source_length_band"": 2, ""stratum"": ""source_length_q2_patch_delta_q2"", ""variant"": 5}",Perform stage 'fix' requiring skill 'code' for the bugs2fix variant described in variant_context. Respect 1 upstream dependencies and produce a verifiable stage output.,2,1,1,2,2,3,3,4,Deriving a behavior-preserving Java fix requires deep reasoning with no executable project context.
beijing_ml:V06:report,beijing_ml,6,report,report,1,1.6,"{""missing_fraction"": 0.009774058652538005, ""records"": 420768, ""stations"": 12}","{""description"": ""Beijing air-quality regression/time-series stratum with chronological validation required."", ""missing_pollutant_fraction"": 0.032902, ""pm25_median"": 47.0, ""records"": 35064, ""scope"": ""single_station"", ""stations"": 1, ""stratum"": ""station_Huairou"", ""variant"": 6}",Perform stage 'report' requiring skill 'report' for the beijing_ml variant described in variant_context. Respect 1 upstream dependencies and produce a verifiable stage output.,1,0,1,1,0,1,2,5,A single-station result can be summarized directly with a concise chronology caveat.
adult_ml:V10:baseline_model,adult_ml,10,baseline_model,ml,1,2.5,"{""missing_fraction"": 0.008824372466319971, ""positive_fraction"": 0.23928176569346055, ""records"": 48842}","{""age_band"": 3, ""description"": ""Adult classification subgroup defined by empirical age and weekly-hours quartiles."", ""hours_per_week_band"": 3, ""missing_fraction"": 0.002217, ""positive_fraction"": 0.434783, ""records"": 1173, ""stratum"": ""age_q3_hours_q3"", ""variant"": 10}",Perform stage 'baseline_model' requiring skill 'ml' for the adult_ml variant described in variant_context. Respect 1 upstream dependencies and produce a verifiable stage output.,1,1,1,1,1,2,2,4,Baseline classification entails standard model and metric choices on a bounded subgroup.
adult_ml:V14:validate_load,adult_ml,14,validate_load,data,0,1.5,"{""missing_fraction"": 0.008824372466319971, ""positive_fraction"": 0.23928176569346055, ""records"": 48842}","{""age_band"": 4, ""description"": ""Adult classification subgroup defined by empirical age and weekly-hours quartiles."", ""hours_per_week_band"": 3, ""missing_fraction"": 0.005839, ""positive_fraction"": 0.470588, ""records"": 765, ""stratum"": ""age_q4_hours_q3"", ""variant"": 14}",Perform stage 'validate_load' requiring skill 'data' for the adult_ml variant described in variant_context. Respect 0 upstream dependencies and produce a verifiable stage output.,1,0,0,0,1,1,3,5,Bounded schema/load checks are direct and objectively verifiable.
bugs2fix:V06:localise,bugs2fix,6,localise,analysis,1,2.8,"{""absolute_length_delta"": {""p25"": 6.0, ""p50"": 16.0, ""p75"": 36.0, ""p95"": 80.0}, ""execution_note"": ""Normalized function pairs; not executable repository tests."", ""mean_source_length"": 138.4590616966581, ""records"": 46680, ""source_length"": {""p25"": 103.0, ""p50"": 137.0, ""p75"": 173.0, ""p95"": 215.0}, ""unequal_fraction"": 1.0}","{""description"": ""Normalized Java before/after function-pair stratum; no executable repository tests are available."", ""median_absolute_length_delta"": 26.0, ""median_source_characters"": 121.0, ""patch_delta_band"": 3, ""records"": 3224, ""source_length_band"": 2, ""stratum"": ""source_length_q2_patch_delta_q3"", ""variant"": 6}",Perform stage 'localise' requiring skill 'analysis' for the bugs2fix variant described in variant_context. Respect 1 upstream dependencies and produce a verifiable stage output.,2,1,1,2,2,3,3,4,"Fault localization needs semantic comparison, while absent repository tests limit confirmation."
bugs2fix:V13:regression_test,bugs2fix,13,regression_test,test,1,2.3,"{""absolute_length_delta"": {""p25"": 6.0, ""p50"": 16.0, ""p75"": 36.0, ""p95"": 80.0}, ""execution_note"": ""Normalized function pairs; not executable repository tests."", ""mean_source_length"": 138.4590616966581, ""records"": 46680, ""source_length"": {""p25"": 103.0, ""p50"": 137.0, ""p75"": 173.0, ""p95"": 215.0}, ""unequal_fraction"": 1.0}","{""description"": ""Normalized Java before/after function-pair stratum; no executable repository tests are available."", ""median_absolute_length_delta"": 10.0, ""median_source_characters"": 195.0, ""patch_delta_band"": 2, ""records"": 2506, ""source_length_band"": 4, ""stratum"": ""source_length_q4_patch_delta_q2"", ""variant"": 13}",Perform stage 'regression_test' requiring skill 'test' for the bugs2fix variant described in variant_context. Respect 1 upstream dependencies and produce a verifiable stage output.,2,1,1,1,2,3,3,4,Regression verification must use defensible static or proxy checks because repository tests are unavailable.
adult_ml:V12:report,adult_ml,12,report,report,1,1.5,"{""missing_fraction"": 0.008824372466319971, ""positive_fraction"": 0.23928176569346055, ""records"": 48842}","{""age_band"": 4, ""description"": ""Adult classification subgroup defined by empirical age and weekly-hours quartiles."", ""hours_per_week_band"": 1, ""missing_fraction"": 0.015525, ""positive_fraction"": 0.260737, ""records"": 8219, ""stratum"": ""age_q4_hours_q1"", ""variant"": 12}",Perform stage 'report' requiring skill 'report' for the adult_ml variant described in variant_context. Respect 1 upstream dependencies and produce a verifiable stage output.,1,0,1,0,0,1,2,5,Summarizing one bounded upstream result is straightforward and easy to inspect.
beijing_ml:V12:evaluate,beijing_ml,12,evaluate,test,2,2.4,"{""missing_fraction"": 0.009774058652538005, ""records"": 420768, ""stations"": 12}","{""description"": ""Beijing air-quality regression/time-series stratum with chronological validation required."", ""missing_pollutant_fraction"": 0.021274, ""pm25_median"": 61.0, ""records"": 103968, ""scope"": ""multi_station_season"", ""stations"": 12, ""stratum"": ""all_stations_months_01_03"", ""variant"": 12}",Perform stage 'evaluate' requiring skill 'test' for the beijing_ml variant described in variant_context. Respect 2 upstream dependencies and produce a verifiable stage output.,1,2,2,2,2,3,3,4,Evaluation combines two upstream artifacts and must verify multi-station seasonal temporal generalization.
bugs2fix:V02:regression_test,bugs2fix,2,regression_test,test,1,2.3,"{""absolute_length_delta"": {""p25"": 6.0, ""p50"": 16.0, ""p75"": 36.0, ""p95"": 80.0}, ""execution_note"": ""Normalized function pairs; not executable repository tests."", ""mean_source_length"": 138.4590616966581, ""records"": 46680, ""source_length"": {""p25"": 103.0, ""p50"": 137.0, ""p75"": 173.0, ""p95"": 215.0}, ""unequal_fraction"": 1.0}","{""description"": ""Normalized Java before/after function-pair stratum; no executable repository tests are available."", ""median_absolute_length_delta"": 25, ""median_source_characters"": 85, ""patch_delta_band"": 3, ""records"": 3397, ""source_length_band"": 1, ""stratum"": ""source_length_q1_patch_delta_q3"", ""variant"": 2}",Perform stage 'regression_test' requiring skill 'test' for the bugs2fix variant described in variant_context. Respect 1 upstream dependencies and produce a verifiable stage output.,2,0,1,2,2,3,3,4,Regression verification must use defensible static or proxy checks because repository tests are unavailable.
bugs2fix:V07:regression_test,bugs2fix,7,regression_test,test,1,2.3,"{""absolute_length_delta"": {""p25"": 6.0, ""p50"": 16.0, ""p75"": 36.0, ""p95"": 80.0}, ""execution_note"": ""Normalized function pairs; not executable repository tests."", ""mean_source_length"": 138.4590616966581, ""records"": 46680, ""source_length"": {""p25"": 103.0, ""p50"": 137.0, ""p75"": 173.0, ""p95"": 215.0}, ""unequal_fraction"": 1.0}","{""description"": ""Normalized Java before/after function-pair stratum; no executable repository tests are available."", ""median_absolute_length_delta"": 50, ""median_source_characters"": 122, ""patch_delta_band"": 4, ""records"": 2793, ""source_length_band"": 2, ""stratum"": ""source_length_q2_patch_delta_q4"", ""variant"": 7}",Perform stage 'regression_test' requiring skill 'test' for the bugs2fix variant described in variant_context. Respect 1 upstream dependencies and produce a verifiable stage output.,2,0,1,2,2,3,3,4,Regression verification must use defensible static or proxy checks because repository tests are unavailable.
adult_ml:V13:baseline_model,adult_ml,13,baseline_model,ml,1,2.5,"{""missing_fraction"": 0.008824372466319971, ""positive_fraction"": 0.23928176569346055, ""records"": 48842}","{""age_band"": 4, ""description"": ""Adult classification subgroup defined by empirical age and weekly-hours quartiles."", ""hours_per_week_band"": 2, ""missing_fraction"": 0.0, ""positive_fraction"": 0.0, ""records"": 0, ""stratum"": ""age_q4_hours_q2"", ""variant"": 13}",Perform stage 'baseline_model' requiring skill 'ml' for the adult_ml variant described in variant_context. Respect 1 upstream dependencies and produce a verifiable stage output.,2,0,1,1,1,2,2,5,An empty stratum forces a no-fit or fallback decision rather than routine training.
adult_ml:V04:advanced_model,adult_ml,4,advanced_model,ml,1,3.5,"{""missing_fraction"": 0.008824372466319971, ""positive_fraction"": 0.23928176569346055, ""records"": 48842}","{""age_band"": 2, ""description"": ""Adult classification subgroup defined by empirical age and weekly-hours quartiles."", ""hours_per_week_band"": 1, ""missing_fraction"": 0.006011, ""positive_fraction"": 0.171414, ""records"": 7619, ""stratum"": ""age_q2_hours_q1"", ""variant"": 4}",Perform stage 'advanced_model' requiring skill 'ml' for the adult_ml variant described in variant_context. Respect 1 upstream dependencies and produce a verifiable stage output.,2,1,1,2,2,3,2,4,The advanced method is unspecified and requires tuning plus leakage and generalization checks.
bugs2fix:V00:regression_test,bugs2fix,0,regression_test,test,1,2.3,"{""absolute_length_delta"": {""p25"": 6.0, ""p50"": 16.0, ""p75"": 36.0, ""p95"": 80.0}, ""execution_note"": ""Normalized function pairs; not executable repository tests."", ""mean_source_length"": 138.4590616966581, ""records"": 46680, ""source_length"": {""p25"": 103.0, ""p50"": 137.0, ""p75"": 173.0, ""p95"": 215.0}, ""unequal_fraction"": 1.0}","{""description"": ""Normalized Java before/after function-pair stratum; no executable repository tests are available."", ""median_absolute_length_delta"": 1.0, ""median_source_characters"": 80.0, ""patch_delta_band"": 1, ""records"": 3536, ""source_length_band"": 1, ""stratum"": ""source_length_q1_patch_delta_q1"", ""variant"": 0}",Perform stage 'regression_test' requiring skill 'test' for the bugs2fix variant described in variant_context. Respect 1 upstream dependencies and produce a verifiable stage output.,2,0,1,1,2,2,3,4,Regression verification must use defensible static or proxy checks because repository tests are unavailable.
beijing_ml:V08:validate_load,beijing_ml,8,validate_load,data,0,1.8,"{""missing_fraction"": 0.009774058652538005, ""records"": 420768, ""stations"": 12}","{""description"": ""Beijing air-quality regression/time-series stratum with chronological validation required."", ""missing_pollutant_fraction"": 0.037023, ""pm25_median"": 55.0, ""records"": 35064, ""scope"": ""single_station"", ""stations"": 1, ""stratum"": ""station_Shunyi"", ""variant"": 8}",Perform stage 'validate_load' requiring skill 'data' for the beijing_ml variant described in variant_context. Respect 0 upstream dependencies and produce a verifiable stage output.,1,1,0,1,1,2,3,4,Single-station time-series validation must preserve chronology and quantify missing pollutants.
beijing_ml:V00:eda,beijing_ml,0,eda,analysis,1,2.3,"{""missing_fraction"": 0.009774058652538005, ""records"": 420768, ""stations"": 12}","{""description"": ""Beijing air-quality regression/time-series stratum with chronological validation required."", ""missing_pollutant_fraction"": 0.033729, ""pm25_median"": 58.0, ""records"": 35064, ""scope"": ""single_station"", ""stations"": 1, ""stratum"": ""station_Aotizhongxin"", ""variant"": 0}",Perform stage 'eda' requiring skill 'analysis' for the beijing_ml variant described in variant_context. Respect 1 upstream dependencies and produce a verifiable stage output.,1,1,1,1,1,2,2,4,Single-station temporal EDA is bounded but must diagnose missingness and time structure.
bugs2fix:V01:reproduce,bugs2fix,1,reproduce,test,0,2.0,"{""absolute_length_delta"": {""p25"": 6.0, ""p50"": 16.0, ""p75"": 36.0, ""p95"": 80.0}, ""execution_note"": ""Normalized function pairs; not executable repository tests."", ""mean_source_length"": 138.4590616966581, ""records"": 46680, ""source_length"": {""p25"": 103.0, ""p50"": 137.0, ""p75"": 173.0, ""p95"": 215.0}, ""unequal_fraction"": 1.0}","{""description"": ""Normalized Java before/after function-pair stratum; no executable repository tests are available."", ""median_absolute_length_delta"": 10, ""median_source_characters"": 80, ""patch_delta_band"": 2, ""records"": 3459, ""source_length_band"": 1, ""stratum"": ""source_length_q1_patch_delta_q2"", ""variant"": 1}",Perform stage 'reproduce' requiring skill 'test' for the bugs2fix variant described in variant_context. Respect 0 upstream dependencies and produce a verifiable stage output.,2,0,0,1,2,2,2,4,"Reproduction relies on static before/after evidence without executable repository tests, but the function and patch are compact."
adult_ml:V11:baseline_model,adult_ml,11,baseline_model,ml,1,2.5,"{""missing_fraction"": 0.008824372466319971, ""positive_fraction"": 0.23928176569346055, ""records"": 48842}","{""age_band"": 3, ""description"": ""Adult classification subgroup defined by empirical age and weekly-hours quartiles."", ""hours_per_week_band"": 4, ""missing_fraction"": 0.00239, ""positive_fraction"": 0.512475, ""records"": 3487, ""stratum"": ""age_q3_hours_q4"", ""variant"": 11}",Perform stage 'baseline_model' requiring skill 'ml' for the adult_ml variant described in variant_context. Respect 1 upstream dependencies and produce a verifiable stage output.,1,1,1,1,1,2,2,4,Baseline classification entails standard model and metric choices on a bounded subgroup.
adult_ml:V09:evaluate,adult_ml,9,evaluate,test,2,2.0,"{""missing_fraction"": 0.008824372466319971, ""positive_fraction"": 0.23928176569346055, ""records"": 48842}","{""age_band"": 3, ""description"": ""Adult classification subgroup defined by empirical age and weekly-hours quartiles."", ""hours_per_week_band"": 2, ""missing_fraction"": 0.0, ""positive_fraction"": 0.0, ""records"": 0, ""stratum"": ""age_q3_hours_q2"", ""variant"": 9}",Perform stage 'evaluate' requiring skill 'test' for the adult_ml variant described in variant_context. Respect 2 upstream dependencies and produce a verifiable stage output.,2,0,2,1,1,2,3,5,"Evaluation has two upstream inputs but no observations, requiring a defensible no-result treatment."
bugs2fix:V07:report,bugs2fix,7,report,report,1,1.2,"{""absolute_length_delta"": {""p25"": 6.0, ""p50"": 16.0, ""p75"": 36.0, ""p95"": 80.0}, ""execution_note"": ""Normalized function pairs; not executable repository tests."", ""mean_source_length"": 138.4590616966581, ""records"": 46680, ""source_length"": {""p25"": 103.0, ""p50"": 137.0, ""p75"": 173.0, ""p95"": 215.0}, ""unequal_fraction"": 1.0}","{""description"": ""Normalized Java before/after function-pair stratum; no executable repository tests are available."", ""median_absolute_length_delta"": 50, ""median_source_characters"": 122, ""patch_delta_band"": 4, ""records"": 2793, ""source_length_band"": 2, ""stratum"": ""source_length_q2_patch_delta_q4"", ""variant"": 7}",Perform stage 'report' requiring skill 'report' for the bugs2fix variant described in variant_context. Respect 1 upstream dependencies and produce a verifiable stage output.,1,0,1,1,1,2,2,4,Reporting is bounded to one upstream repair artifact but must explain broader code/change evidence and test limitations.
adult_ml:V12:evaluate,adult_ml,12,evaluate,test,2,2.0,"{""missing_fraction"": 0.008824372466319971, ""positive_fraction"": 0.23928176569346055, ""records"": 48842}","{""age_band"": 4, ""description"": ""Adult classification subgroup defined by empirical age and weekly-hours quartiles."", ""hours_per_week_band"": 1, ""missing_fraction"": 0.015525, ""positive_fraction"": 0.260737, ""records"": 8219, ""stratum"": ""age_q4_hours_q1"", ""variant"": 12}",Perform stage 'evaluate' requiring skill 'test' for the adult_ml variant described in variant_context. Respect 2 upstream dependencies and produce a verifiable stage output.,1,1,2,1,1,2,3,4,Evaluation integrates two upstream artifacts but uses standard classification checks.
adult_ml:V07:baseline_model,adult_ml,7,baseline_model,ml,1,2.5,"{""missing_fraction"": 0.008824372466319971, ""positive_fraction"": 0.23928176569346055, ""records"": 48842}","{""age_band"": 2, ""description"": ""Adult classification subgroup defined by empirical age and weekly-hours quartiles."", ""hours_per_week_band"": 4, ""missing_fraction"": 0.002956, ""positive_fraction"": 0.387161, ""records"": 3022, ""stratum"": ""age_q2_hours_q4"", ""variant"": 7}",Perform stage 'baseline_model' requiring skill 'ml' for the adult_ml variant described in variant_context. Respect 1 upstream dependencies and produce a verifiable stage output.,1,1,1,1,1,2,2,4,Baseline classification entails standard model and metric choices on a bounded subgroup.
adult_ml:V15:clean_feature,adult_ml,15,clean_feature,data,1,2.5,"{""missing_fraction"": 0.008824372466319971, ""positive_fraction"": 0.23928176569346055, ""records"": 48842}","{""age_band"": 4, ""description"": ""Adult classification subgroup defined by empirical age and weekly-hours quartiles."", ""hours_per_week_band"": 4, ""missing_fraction"": 0.006622, ""positive_fraction"": 0.513599, ""records"": 2537, ""stratum"": ""age_q4_hours_q4"", ""variant"": 15}",Perform stage 'clean_feature' requiring skill 'data' for the adult_ml variant described in variant_context. Respect 1 upstream dependencies and produce a verifiable stage output.,1,1,1,2,1,2,3,4,Mixed-type feature preparation needs leakage-aware choices across several variables.
beijing_ml:V00:clean_feature,beijing_ml,0,clean_feature,data,1,3.0,"{""missing_fraction"": 0.009774058652538005, ""records"": 420768, ""stations"": 12}","{""description"": ""Beijing air-quality regression/time-series stratum with chronological validation required."", ""missing_pollutant_fraction"": 0.033729, ""pm25_median"": 58.0, ""records"": 35064, ""scope"": ""single_station"", ""stations"": 1, ""stratum"": ""station_Aotizhongxin"", ""variant"": 0}",Perform stage 'clean_feature' requiring skill 'data' for the beijing_ml variant described in variant_context. Respect 1 upstream dependencies and produce a verifiable stage output.,1,1,1,2,2,3,3,4,Single-station feature construction must avoid temporal leakage and validate imputation.
adult_ml:V10:validate_load,adult_ml,10,validate_load,data,0,1.5,"{""missing_fraction"": 0.008824372466319971, ""positive_fraction"": 0.23928176569346055, ""records"": 48842}","{""age_band"": 3, ""description"": ""Adult classification subgroup defined by empirical age and weekly-hours quartiles."", ""hours_per_week_band"": 3, ""missing_fraction"": 0.002217, ""positive_fraction"": 0.434783, ""records"": 1173, ""stratum"": ""age_q3_hours_q3"", ""variant"": 10}",Perform stage 'validate_load' requiring skill 'data' for the adult_ml variant described in variant_context. Respect 0 upstream dependencies and produce a verifiable stage output.,1,0,0,0,1,1,3,5,Bounded schema/load checks are direct and objectively verifiable.
beijing_ml:V04:validate_load,beijing_ml,4,validate_load,data,0,1.8,"{""missing_fraction"": 0.009774058652538005, ""records"": 420768, ""stations"": 12}","{""description"": ""Beijing air-quality regression/time-series stratum with chronological validation required."", ""missing_pollutant_fraction"": 0.02426, ""pm25_median"": 59.0, ""records"": 35064, ""scope"": ""single_station"", ""stations"": 1, ""stratum"": ""station_Guanyuan"", ""variant"": 4}",Perform stage 'validate_load' requiring skill 'data' for the beijing_ml variant described in variant_context. Respect 0 upstream dependencies and produce a verifiable stage output.,1,1,0,1,1,2,3,4,Single-station time-series validation must preserve chronology and quantify missing pollutants.
adult_ml:V06:validate_load,adult_ml,6,validate_load,data,0,1.5,"{""missing_fraction"": 0.008824372466319971, ""positive_fraction"": 0.23928176569346055, ""records"": 48842}","{""age_band"": 2, ""description"": ""Adult classification subgroup defined by empirical age and weekly-hours quartiles."", ""hours_per_week_band"": 3, ""missing_fraction"": 0.002818, ""positive_fraction"": 0.332373, ""records"": 1041, ""stratum"": ""age_q2_hours_q3"", ""variant"": 6}",Perform stage 'validate_load' requiring skill 'data' for the adult_ml variant described in variant_context. Respect 0 upstream dependencies and produce a verifiable stage output.,1,0,0,0,1,1,3,5,Bounded schema/load checks are direct and objectively verifiable.
bugs2fix:V06:fix,bugs2fix,6,fix,code,1,3.5,"{""absolute_length_delta"": {""p25"": 6.0, ""p50"": 16.0, ""p75"": 36.0, ""p95"": 80.0}, ""execution_note"": ""Normalized function pairs; not executable repository tests."", ""mean_source_length"": 138.4590616966581, ""records"": 46680, ""source_length"": {""p25"": 103.0, ""p50"": 137.0, ""p75"": 173.0, ""p95"": 215.0}, ""unequal_fraction"": 1.0}","{""description"": ""Normalized Java before/after function-pair stratum; no executable repository tests are available."", ""median_absolute_length_delta"": 26.0, ""median_source_characters"": 121.0, ""patch_delta_band"": 3, ""records"": 3224, ""source_length_band"": 2, ""stratum"": ""source_length_q2_patch_delta_q3"", ""variant"": 6}",Perform stage 'fix' requiring skill 'code' for the bugs2fix variant described in variant_context. Respect 1 upstream dependencies and produce a verifiable stage output.,2,1,1,2,2,3,3,4,Deriving a behavior-preserving Java fix requires deep reasoning with no executable project context.
adult_ml:V09:eda,adult_ml,9,eda,analysis,1,2.0,"{""missing_fraction"": 0.008824372466319971, ""positive_fraction"": 0.23928176569346055, ""records"": 48842}","{""age_band"": 3, ""description"": ""Adult classification subgroup defined by empirical age and weekly-hours quartiles."", ""hours_per_week_band"": 2, ""missing_fraction"": 0.0, ""positive_fraction"": 0.0, ""records"": 0, ""stratum"": ""age_q3_hours_q2"", ""variant"": 9}",Perform stage 'eda' requiring skill 'analysis' for the adult_ml variant described in variant_context. Respect 1 upstream dependencies and produce a verifiable stage output.,2,0,1,1,1,2,2,5,"No observations make the requested analysis underspecified, though the limitation is easy to verify."
adult_ml:V10:advanced_model,adult_ml,10,advanced_model,ml,1,3.5,"{""missing_fraction"": 0.008824372466319971, ""positive_fraction"": 0.23928176569346055, ""records"": 48842}","{""age_band"": 3, ""description"": ""Adult classification subgroup defined by empirical age and weekly-hours quartiles."", ""hours_per_week_band"": 3, ""missing_fraction"": 0.002217, ""positive_fraction"": 0.434783, ""records"": 1173, ""stratum"": ""age_q3_hours_q3"", ""variant"": 10}",Perform stage 'advanced_model' requiring skill 'ml' for the adult_ml variant described in variant_context. Respect 1 upstream dependencies and produce a verifiable stage output.,2,1,1,2,2,3,2,4,The advanced method is unspecified and requires tuning plus leakage and generalization checks.
bugs2fix:V02:localise,bugs2fix,2,localise,analysis,1,2.8,"{""absolute_length_delta"": {""p25"": 6.0, ""p50"": 16.0, ""p75"": 36.0, ""p95"": 80.0}, ""execution_note"": ""Normalized function pairs; not executable repository tests."", ""mean_source_length"": 138.4590616966581, ""records"": 46680, ""source_length"": {""p25"": 103.0, ""p50"": 137.0, ""p75"": 173.0, ""p95"": 215.0}, ""unequal_fraction"": 1.0}","{""description"": ""Normalized Java before/after function-pair stratum; no executable repository tests are available."", ""median_absolute_length_delta"": 25, ""median_source_characters"": 85, ""patch_delta_band"": 3, ""records"": 3397, ""source_length_band"": 1, ""stratum"": ""source_length_q1_patch_delta_q3"", ""variant"": 2}",Perform stage 'localise' requiring skill 'analysis' for the bugs2fix variant described in variant_context. Respect 1 upstream dependencies and produce a verifiable stage output.,2,1,1,2,2,3,3,4,"Fault localization needs semantic comparison, while absent repository tests limit confirmation."
adult_ml:V00:report,adult_ml,0,report,report,1,1.5,"{""missing_fraction"": 0.008824372466319971, ""positive_fraction"": 0.23928176569346055, ""records"": 48842}","{""age_band"": 1, ""description"": ""Adult classification subgroup defined by empirical age and weekly-hours quartiles."", ""hours_per_week_band"": 1, ""missing_fraction"": 0.014549, ""positive_fraction"": 0.025718, ""records"": 10965, ""stratum"": ""age_q1_hours_q1"", ""variant"": 0}",Perform stage 'report' requiring skill 'report' for the adult_ml variant described in variant_context. Respect 1 upstream dependencies and produce a verifiable stage output.,1,0,1,1,1,2,2,4,The report must communicate severe class imbalance and metric limitations accurately.
beijing_ml:V07:validate_load,beijing_ml,7,validate_load,data,0,1.8,"{""missing_fraction"": 0.009774058652538005, ""records"": 420768, ""stations"": 12}","{""description"": ""Beijing air-quality regression/time-series stratum with chronological validation required."", ""missing_pollutant_fraction"": 0.018623, ""pm25_median"": 59.0, ""records"": 35064, ""scope"": ""single_station"", ""stations"": 1, ""stratum"": ""station_Nongzhanguan"", ""variant"": 7}",Perform stage 'validate_load' requiring skill 'data' for the beijing_ml variant described in variant_context. Respect 0 upstream dependencies and produce a verifiable stage output.,1,1,0,1,1,2,3,4,Single-station time-series validation must preserve chronology and quantify missing pollutants.
beijing_ml:V12:validate_load,beijing_ml,12,validate_load,data,0,1.8,"{""missing_fraction"": 0.009774058652538005, ""records"": 420768, ""stations"": 12}","{""description"": ""Beijing air-quality regression/time-series stratum with chronological validation required."", ""missing_pollutant_fraction"": 0.021274, ""pm25_median"": 61.0, ""records"": 103968, ""scope"": ""multi_station_season"", ""stations"": 12, ""stratum"": ""all_stations_months_01_03"", ""variant"": 12}",Perform stage 'validate_load' requiring skill 'data' for the beijing_ml variant described in variant_context. Respect 0 upstream dependencies and produce a verifiable stage output.,1,2,0,1,1,2,3,4,Multi-station seasonal time-series validation must preserve chronology and quantify missing pollutants.
bugs2fix:V12:fix,bugs2fix,12,fix,code,1,3.5,"{""absolute_length_delta"": {""p25"": 6.0, ""p50"": 16.0, ""p75"": 36.0, ""p95"": 80.0}, ""execution_note"": ""Normalized function pairs; not executable repository tests."", ""mean_source_length"": 138.4590616966581, ""records"": 46680, ""source_length"": {""p25"": 103.0, ""p50"": 137.0, ""p75"": 173.0, ""p95"": 215.0}, ""unequal_fraction"": 1.0}","{""description"": ""Normalized Java before/after function-pair stratum; no executable repository tests are available."", ""median_absolute_length_delta"": 1, ""median_source_characters"": 194, ""patch_delta_band"": 1, ""records"": 2853, ""source_length_band"": 4, ""stratum"": ""source_length_q4_patch_delta_q1"", ""variant"": 12}",Perform stage 'fix' requiring skill 'code' for the bugs2fix variant described in variant_context. Respect 1 upstream dependencies and produce a verifiable stage output.,2,1,1,2,2,3,3,4,Deriving a behavior-preserving Java fix requires deep reasoning with no executable project context.
beijing_ml:V09:advanced_model,beijing_ml,9,advanced_model,ml,1,4.2,"{""missing_fraction"": 0.009774058652538005, ""records"": 420768, ""stations"": 12}","{""description"": ""Beijing air-quality regression/time-series stratum with chronological validation required."", ""missing_pollutant_fraction"": 0.024265, ""pm25_median"": 59.0, ""records"": 35064, ""scope"": ""single_station"", ""stations"": 1, ""stratum"": ""station_Tiantan"", ""variant"": 9}",Perform stage 'advanced_model' requiring skill 'ml' for the beijing_ml variant described in variant_context. Respect 1 upstream dependencies and produce a verifiable stage output.,2,1,1,2,2,3,3,4,The advanced single-station model is unspecified and needs tuning plus robust chronological validation.
bugs2fix:V14:regression_test,bugs2fix,14,regression_test,test,1,2.3,"{""absolute_length_delta"": {""p25"": 6.0, ""p50"": 16.0, ""p75"": 36.0, ""p95"": 80.0}, ""execution_note"": ""Normalized function pairs; not executable repository tests."", ""mean_source_length"": 138.4590616966581, ""records"": 46680, ""source_length"": {""p25"": 103.0, ""p50"": 137.0, ""p75"": 173.0, ""p95"": 215.0}, ""unequal_fraction"": 1.0}","{""description"": ""Normalized Java before/after function-pair stratum; no executable repository tests are available."", ""median_absolute_length_delta"": 25, ""median_source_characters"": 193, ""patch_delta_band"": 3, ""records"": 2457, ""source_length_band"": 4, ""stratum"": ""source_length_q4_patch_delta_q3"", ""variant"": 14}",Perform stage 'regression_test' requiring skill 'test' for the bugs2fix variant described in variant_context. Respect 1 upstream dependencies and produce a verifiable stage output.,2,1,1,2,2,3,3,4,Regression verification must use defensible static or proxy checks because repository tests are unavailable.
adult_ml:V03:advanced_model,adult_ml,3,advanced_model,ml,1,3.5,"{""missing_fraction"": 0.008824372466319971, ""positive_fraction"": 0.23928176569346055, ""records"": 48842}","{""age_band"": 1, ""description"": ""Adult classification subgroup defined by empirical age and weekly-hours quartiles."", ""hours_per_week_band"": 4, ""missing_fraction"": 0.006445, ""positive_fraction"": 0.116012, ""records"": 1655, ""stratum"": ""age_q1_hours_q4"", ""variant"": 3}",Perform stage 'advanced_model' requiring skill 'ml' for the adult_ml variant described in variant_context. Respect 1 upstream dependencies and produce a verifiable stage output.,2,1,1,2,2,3,2,4,The advanced method is unspecified and requires tuning plus leakage and generalization checks.
beijing_ml:V11:evaluate,beijing_ml,11,evaluate,test,2,2.4,"{""missing_fraction"": 0.009774058652538005, ""records"": 420768, ""stations"": 12}","{""description"": ""Beijing air-quality regression/time-series stratum with chronological validation required."", ""missing_pollutant_fraction"": 0.023661, ""pm25_median"": 60.0, ""records"": 35064, ""scope"": ""single_station"", ""stations"": 1, ""stratum"": ""station_Wanshouxigong"", ""variant"": 11}",Perform stage 'evaluate' requiring skill 'test' for the beijing_ml variant described in variant_context. Respect 2 upstream dependencies and produce a verifiable stage output.,1,1,2,2,2,3,3,4,Evaluation combines two upstream artifacts and must verify single-station temporal generalization.
adult_ml:V00:validate_load,adult_ml,0,validate_load,data,0,1.5,"{""missing_fraction"": 0.008824372466319971, ""positive_fraction"": 0.23928176569346055, ""records"": 48842}","{""age_band"": 1, ""description"": ""Adult classification subgroup defined by empirical age and weekly-hours quartiles."", ""hours_per_week_band"": 1, ""missing_fraction"": 0.014549, ""positive_fraction"": 0.025718, ""records"": 10965, ""stratum"": ""age_q1_hours_q1"", ""variant"": 0}",Perform stage 'validate_load' requiring skill 'data' for the adult_ml variant described in variant_context. Respect 0 upstream dependencies and produce a verifiable stage output.,1,0,0,0,1,1,3,5,Bounded schema/load checks are direct and objectively verifiable.
beijing_ml:V09:baseline_model,beijing_ml,9,baseline_model,ml,1,3.0,"{""missing_fraction"": 0.009774058652538005, ""records"": 420768, ""stations"": 12}","{""description"": ""Beijing air-quality regression/time-series stratum with chronological validation required."", ""missing_pollutant_fraction"": 0.024265, ""pm25_median"": 59.0, ""records"": 35064, ""scope"": ""single_station"", ""stations"": 1, ""stratum"": ""station_Tiantan"", ""variant"": 9}",Perform stage 'baseline_model' requiring skill 'ml' for the beijing_ml variant described in variant_context. Respect 1 upstream dependencies and produce a verifiable stage output.,1,1,1,2,2,3,3,4,Single-station regression requires chronological splitting and time-aware error checks.
beijing_ml:V15:validate_load,beijing_ml,15,validate_load,data,0,1.8,"{""missing_fraction"": 0.009774058652538005, ""records"": 420768, ""stations"": 12}","{""description"": ""Beijing air-quality regression/time-series stratum with chronological validation required."", ""missing_pollutant_fraction"": 0.032903, ""pm25_median"": 61.0, ""records"": 105984, ""scope"": ""multi_station_season"", ""stations"": 12, ""stratum"": ""all_stations_months_10_12"", ""variant"": 15}",Perform stage 'validate_load' requiring skill 'data' for the beijing_ml variant described in variant_context. Respect 0 upstream dependencies and produce a verifiable stage output.,1,2,0,1,1,2,3,4,Multi-station seasonal time-series validation must preserve chronology and quantify missing pollutants.
beijing_ml:V01:report,beijing_ml,1,report,report,1,1.6,"{""missing_fraction"": 0.009774058652538005, ""records"": 420768, ""stations"": 12}","{""description"": ""Beijing air-quality regression/time-series stratum with chronological validation required."", ""missing_pollutant_fraction"": 0.022701, ""pm25_median"": 46.0, ""records"": 35064, ""scope"": ""single_station"", ""stations"": 1, ""stratum"": ""station_Changping"", ""variant"": 1}",Perform stage 'report' requiring skill 'report' for the beijing_ml variant described in variant_context. Respect 1 upstream dependencies and produce a verifiable stage output.,1,0,1,1,0,1,2,5,A single-station result can be summarized directly with a concise chronology caveat.
bugs2fix:V13:fix,bugs2fix,13,fix,code,1,3.5,"{""absolute_length_delta"": {""p25"": 6.0, ""p50"": 16.0, ""p75"": 36.0, ""p95"": 80.0}, ""execution_note"": ""Normalized function pairs; not executable repository tests."", ""mean_source_length"": 138.4590616966581, ""records"": 46680, ""source_length"": {""p25"": 103.0, ""p50"": 137.0, ""p75"": 173.0, ""p95"": 215.0}, ""unequal_fraction"": 1.0}","{""description"": ""Normalized Java before/after function-pair stratum; no executable repository tests are available."", ""median_absolute_length_delta"": 10.0, ""median_source_characters"": 195.0, ""patch_delta_band"": 2, ""records"": 2506, ""source_length_band"": 4, ""stratum"": ""source_length_q4_patch_delta_q2"", ""variant"": 13}",Perform stage 'fix' requiring skill 'code' for the bugs2fix variant described in variant_context. Respect 1 upstream dependencies and produce a verifiable stage output.,2,1,1,2,2,3,3,4,Deriving a behavior-preserving Java fix requires deep reasoning with no executable project context.
adult_ml:V11:clean_feature,adult_ml,11,clean_feature,data,1,2.5,"{""missing_fraction"": 0.008824372466319971, ""positive_fraction"": 0.23928176569346055, ""records"": 48842}","{""age_band"": 3, ""description"": ""Adult classification subgroup defined by empirical age and weekly-hours quartiles."", ""hours_per_week_band"": 4, ""missing_fraction"": 0.00239, ""positive_fraction"": 0.512475, ""records"": 3487, ""stratum"": ""age_q3_hours_q4"", ""variant"": 11}",Perform stage 'clean_feature' requiring skill 'data' for the adult_ml variant described in variant_context. Respect 1 upstream dependencies and produce a verifiable stage output.,1,1,1,2,1,2,3,4,Mixed-type feature preparation needs leakage-aware choices across several variables.
adult_ml:V06:baseline_model,adult_ml,6,baseline_model,ml,1,2.5,"{""missing_fraction"": 0.008824372466319971, ""positive_fraction"": 0.23928176569346055, ""records"": 48842}","{""age_band"": 2, ""description"": ""Adult classification subgroup defined by empirical age and weekly-hours quartiles."", ""hours_per_week_band"": 3, ""missing_fraction"": 0.002818, ""positive_fraction"": 0.332373, ""records"": 1041, ""stratum"": ""age_q2_hours_q3"", ""variant"": 6}",Perform stage 'baseline_model' requiring skill 'ml' for the adult_ml variant described in variant_context. Respect 1 upstream dependencies and produce a verifiable stage output.,1,1,1,1,1,2,2,4,Baseline classification entails standard model and metric choices on a bounded subgroup.
adult_ml:V03:eda,adult_ml,3,eda,analysis,1,2.0,"{""missing_fraction"": 0.008824372466319971, ""positive_fraction"": 0.23928176569346055, ""records"": 48842}","{""age_band"": 1, ""description"": ""Adult classification subgroup defined by empirical age and weekly-hours quartiles."", ""hours_per_week_band"": 4, ""missing_fraction"": 0.006445, ""positive_fraction"": 0.116012, ""records"": 1655, ""stratum"": ""age_q1_hours_q4"", ""variant"": 3}",Perform stage 'eda' requiring skill 'analysis' for the adult_ml variant described in variant_context. Respect 1 upstream dependencies and produce a verifiable stage output.,1,1,1,1,1,2,2,4,Subgroup EDA requires linked descriptive checks but remains bounded to one tabular stratum.
bugs2fix:V00:report,bugs2fix,0,report,report,1,1.2,"{""absolute_length_delta"": {""p25"": 6.0, ""p50"": 16.0, ""p75"": 36.0, ""p95"": 80.0}, ""execution_note"": ""Normalized function pairs; not executable repository tests."", ""mean_source_length"": 138.4590616966581, ""records"": 46680, ""source_length"": {""p25"": 103.0, ""p50"": 137.0, ""p75"": 173.0, ""p95"": 215.0}, ""unequal_fraction"": 1.0}","{""description"": ""Normalized Java before/after function-pair stratum; no executable repository tests are available."", ""median_absolute_length_delta"": 1.0, ""median_source_characters"": 80.0, ""patch_delta_band"": 1, ""records"": 3536, ""source_length_band"": 1, ""stratum"": ""source_length_q1_patch_delta_q1"", ""variant"": 0}",Perform stage 'report' requiring skill 'report' for the bugs2fix variant described in variant_context. Respect 1 upstream dependencies and produce a verifiable stage output.,1,0,1,0,1,1,2,4,"Reporting is bounded to one upstream repair artifact with a compact function and change, while noting test limitations."
bugs2fix:V10:regression_test,bugs2fix,10,regression_test,test,1,2.3,"{""absolute_length_delta"": {""p25"": 6.0, ""p50"": 16.0, ""p75"": 36.0, ""p95"": 80.0}, ""execution_note"": ""Normalized function pairs; not executable repository tests."", ""mean_source_length"": 138.4590616966581, ""records"": 46680, ""source_length"": {""p25"": 103.0, ""p50"": 137.0, ""p75"": 173.0, ""p95"": 215.0}, ""unequal_fraction"": 1.0}","{""description"": ""Normalized Java before/after function-pair stratum; no executable repository tests are available."", ""median_absolute_length_delta"": 25.0, ""median_source_characters"": 155.0, ""patch_delta_band"": 3, ""records"": 2968, ""source_length_band"": 3, ""stratum"": ""source_length_q3_patch_delta_q3"", ""variant"": 10}",Perform stage 'regression_test' requiring skill 'test' for the bugs2fix variant described in variant_context. Respect 1 upstream dependencies and produce a verifiable stage output.,2,1,1,2,2,3,3,4,Regression verification must use defensible static or proxy checks because repository tests are unavailable.
adult_ml:V09:baseline_model,adult_ml,9,baseline_model,ml,1,2.5,"{""missing_fraction"": 0.008824372466319971, ""positive_fraction"": 0.23928176569346055, ""records"": 48842}","{""age_band"": 3, ""description"": ""Adult classification subgroup defined by empirical age and weekly-hours quartiles."", ""hours_per_week_band"": 2, ""missing_fraction"": 0.0, ""positive_fraction"": 0.0, ""records"": 0, ""stratum"": ""age_q3_hours_q2"", ""variant"": 9}",Perform stage 'baseline_model' requiring skill 'ml' for the adult_ml variant described in variant_context. Respect 1 upstream dependencies and produce a verifiable stage output.,2,0,1,1,1,2,2,5,An empty stratum forces a no-fit or fallback decision rather than routine training.
adult_ml:V02:baseline_model,adult_ml,2,baseline_model,ml,1,2.5,"{""missing_fraction"": 0.008824372466319971, ""positive_fraction"": 0.23928176569346055, ""records"": 48842}","{""age_band"": 1, ""description"": ""Adult classification subgroup defined by empirical age and weekly-hours quartiles."", ""hours_per_week_band"": 3, ""missing_fraction"": 0.008829, ""positive_fraction"": 0.110119, ""records"": 672, ""stratum"": ""age_q1_hours_q3"", ""variant"": 2}",Perform stage 'baseline_model' requiring skill 'ml' for the adult_ml variant described in variant_context. Respect 1 upstream dependencies and produce a verifiable stage output.,1,1,1,1,1,2,2,4,Baseline classification entails standard model and metric choices on a bounded subgroup.
beijing_ml:V12:eda,beijing_ml,12,eda,analysis,1,2.3,"{""missing_fraction"": 0.009774058652538005, ""records"": 420768, ""stations"": 12}","{""description"": ""Beijing air-quality regression/time-series stratum with chronological validation required."", ""missing_pollutant_fraction"": 0.021274, ""pm25_median"": 61.0, ""records"": 103968, ""scope"": ""multi_station_season"", ""stations"": 12, ""stratum"": ""all_stations_months_01_03"", ""variant"": 12}",Perform stage 'eda' requiring skill 'analysis' for the beijing_ml variant described in variant_context. Respect 1 upstream dependencies and produce a verifiable stage output.,1,2,1,2,1,3,2,4,"EDA spans 12 stations and a season, requiring temporal and cross-station reasoning."
bugs2fix:V12:reproduce,bugs2fix,12,reproduce,test,0,2.0,"{""absolute_length_delta"": {""p25"": 6.0, ""p50"": 16.0, ""p75"": 36.0, ""p95"": 80.0}, ""execution_note"": ""Normalized function pairs; not executable repository tests."", ""mean_source_length"": 138.4590616966581, ""records"": 46680, ""source_length"": {""p25"": 103.0, ""p50"": 137.0, ""p75"": 173.0, ""p95"": 215.0}, ""unequal_fraction"": 1.0}","{""description"": ""Normalized Java before/after function-pair stratum; no executable repository tests are available."", ""median_absolute_length_delta"": 1, ""median_source_characters"": 194, ""patch_delta_band"": 1, ""records"": 2853, ""source_length_band"": 4, ""stratum"": ""source_length_q4_patch_delta_q1"", ""variant"": 12}",Perform stage 'reproduce' requiring skill 'test' for the bugs2fix variant described in variant_context. Respect 0 upstream dependencies and produce a verifiable stage output.,2,1,0,1,2,2,2,4,"Reproduction relies on static before/after evidence without executable repository tests, with added code or change breadth."
adult_ml:V15:report,adult_ml,15,report,report,1,1.5,"{""missing_fraction"": 0.008824372466319971, ""positive_fraction"": 0.23928176569346055, ""records"": 48842}","{""age_band"": 4, ""description"": ""Adult classification subgroup defined by empirical age and weekly-hours quartiles."", ""hours_per_week_band"": 4, ""missing_fraction"": 0.006622, ""positive_fraction"": 0.513599, ""records"": 2537, ""stratum"": ""age_q4_hours_q4"", ""variant"": 15}",Perform stage 'report' requiring skill 'report' for the adult_ml variant described in variant_context. Respect 1 upstream dependencies and produce a verifiable stage output.,1,0,1,0,0,1,2,5,Summarizing one bounded upstream result is straightforward and easy to inspect.
adult_ml:V08:report,adult_ml,8,report,report,1,1.5,"{""missing_fraction"": 0.008824372466319971, ""positive_fraction"": 0.23928176569346055, ""records"": 48842}","{""age_band"": 3, ""description"": ""Adult classification subgroup defined by empirical age and weekly-hours quartiles."", ""hours_per_week_band"": 1, ""missing_fraction"": 0.004865, ""positive_fraction"": 0.288019, ""records"": 7687, ""stratum"": ""age_q3_hours_q1"", ""variant"": 8}",Perform stage 'report' requiring skill 'report' for the adult_ml variant described in variant_context. Respect 1 upstream dependencies and produce a verifiable stage output.,1,0,1,0,0,1,2,5,Summarizing one bounded upstream result is straightforward and easy to inspect.
adult_ml:V08:advanced_model,adult_ml,8,advanced_model,ml,1,3.5,"{""missing_fraction"": 0.008824372466319971, ""positive_fraction"": 0.23928176569346055, ""records"": 48842}","{""age_band"": 3, ""description"": ""Adult classification subgroup defined by empirical age and weekly-hours quartiles."", ""hours_per_week_band"": 1, ""missing_fraction"": 0.004865, ""positive_fraction"": 0.288019, ""records"": 7687, ""stratum"": ""age_q3_hours_q1"", ""variant"": 8}",Perform stage 'advanced_model' requiring skill 'ml' for the adult_ml variant described in variant_context. Respect 1 upstream dependencies and produce a verifiable stage output.,2,1,1,2,2,3,2,4,The advanced method is unspecified and requires tuning plus leakage and generalization checks.
bugs2fix:V10:reproduce,bugs2fix,10,reproduce,test,0,2.0,"{""absolute_length_delta"": {""p25"": 6.0, ""p50"": 16.0, ""p75"": 36.0, ""p95"": 80.0}, ""execution_note"": ""Normalized function pairs; not executable repository tests."", ""mean_source_length"": 138.4590616966581, ""records"": 46680, ""source_length"": {""p25"": 103.0, ""p50"": 137.0, ""p75"": 173.0, ""p95"": 215.0}, ""unequal_fraction"": 1.0}","{""description"": ""Normalized Java before/after function-pair stratum; no executable repository tests are available."", ""median_absolute_length_delta"": 25.0, ""median_source_characters"": 155.0, ""patch_delta_band"": 3, ""records"": 2968, ""source_length_band"": 3, ""stratum"": ""source_length_q3_patch_delta_q3"", ""variant"": 10}",Perform stage 'reproduce' requiring skill 'test' for the bugs2fix variant described in variant_context. Respect 0 upstream dependencies and produce a verifiable stage output.,2,1,0,2,2,3,2,4,"Reproduction relies on static before/after evidence without executable repository tests, with added code or change breadth."
beijing_ml:V06:evaluate,beijing_ml,6,evaluate,test,2,2.4,"{""missing_fraction"": 0.009774058652538005, ""records"": 420768, ""stations"": 12}","{""description"": ""Beijing air-quality regression/time-series stratum with chronological validation required."", ""missing_pollutant_fraction"": 0.032902, ""pm25_median"": 47.0, ""records"": 35064, ""scope"": ""single_station"", ""stations"": 1, ""stratum"": ""station_Huairou"", ""variant"": 6}",Perform stage 'evaluate' requiring skill 'test' for the beijing_ml variant described in variant_context. Respect 2 upstream dependencies and produce a verifiable stage output.,1,1,2,2,2,3,3,4,Evaluation combines two upstream artifacts and must verify single-station temporal generalization.
adult_ml:V01:baseline_model,adult_ml,1,baseline_model,ml,1,2.5,"{""missing_fraction"": 0.008824372466319971, ""positive_fraction"": 0.23928176569346055, ""records"": 48842}","{""age_band"": 1, ""description"": ""Adult classification subgroup defined by empirical age and weekly-hours quartiles."", ""hours_per_week_band"": 2, ""missing_fraction"": 0.0, ""positive_fraction"": 0.0, ""records"": 0, ""stratum"": ""age_q1_hours_q2"", ""variant"": 1}",Perform stage 'baseline_model' requiring skill 'ml' for the adult_ml variant described in variant_context. Respect 1 upstream dependencies and produce a verifiable stage output.,2,0,1,1,1,2,2,5,An empty stratum forces a no-fit or fallback decision rather than routine training.
beijing_ml:V01:clean_feature,beijing_ml,1,clean_feature,data,1,3.0,"{""missing_fraction"": 0.009774058652538005, ""records"": 420768, ""stations"": 12}","{""description"": ""Beijing air-quality regression/time-series stratum with chronological validation required."", ""missing_pollutant_fraction"": 0.022701, ""pm25_median"": 46.0, ""records"": 35064, ""scope"": ""single_station"", ""stations"": 1, ""stratum"": ""station_Changping"", ""variant"": 1}",Perform stage 'clean_feature' requiring skill 'data' for the beijing_ml variant described in variant_context. Respect 1 upstream dependencies and produce a verifiable stage output.,1,1,1,2,2,3,3,4,Single-station feature construction must avoid temporal leakage and validate imputation.
adult_ml:V00:advanced_model,adult_ml,0,advanced_model,ml,1,3.5,"{""missing_fraction"": 0.008824372466319971, ""positive_fraction"": 0.23928176569346055, ""records"": 48842}","{""age_band"": 1, ""description"": ""Adult classification subgroup defined by empirical age and weekly-hours quartiles."", ""hours_per_week_band"": 1, ""missing_fraction"": 0.014549, ""positive_fraction"": 0.025718, ""records"": 10965, ""stratum"": ""age_q1_hours_q1"", ""variant"": 0}",Perform stage 'advanced_model' requiring skill 'ml' for the adult_ml variant described in variant_context. Respect 1 upstream dependencies and produce a verifiable stage output.,2,1,1,2,2,3,2,4,The advanced method is unspecified and requires tuning plus leakage and generalization checks.
adult_ml:V07:eda,adult_ml,7,eda,analysis,1,2.0,"{""missing_fraction"": 0.008824372466319971, ""positive_fraction"": 0.23928176569346055, ""records"": 48842}","{""age_band"": 2, ""description"": ""Adult classification subgroup defined by empirical age and weekly-hours quartiles."", ""hours_per_week_band"": 4, ""missing_fraction"": 0.002956, ""positive_fraction"": 0.387161, ""records"": 3022, ""stratum"": ""age_q2_hours_q4"", ""variant"": 7}",Perform stage 'eda' requiring skill 'analysis' for the adult_ml variant described in variant_context. Respect 1 upstream dependencies and produce a verifiable stage output.,1,1,1,1,1,2,2,4,Subgroup EDA requires linked descriptive checks but remains bounded to one tabular stratum.
adult_ml:V04:evaluate,adult_ml,4,evaluate,test,2,2.0,"{""missing_fraction"": 0.008824372466319971, ""positive_fraction"": 0.23928176569346055, ""records"": 48842}","{""age_band"": 2, ""description"": ""Adult classification subgroup defined by empirical age and weekly-hours quartiles."", ""hours_per_week_band"": 1, ""missing_fraction"": 0.006011, ""positive_fraction"": 0.171414, ""records"": 7619, ""stratum"": ""age_q2_hours_q1"", ""variant"": 4}",Perform stage 'evaluate' requiring skill 'test' for the adult_ml variant described in variant_context. Respect 2 upstream dependencies and produce a verifiable stage output.,1,1,2,1,1,2,3,4,Evaluation integrates two upstream artifacts but uses standard classification checks.
adult_ml:V04:validate_load,adult_ml,4,validate_load,data,0,1.5,"{""missing_fraction"": 0.008824372466319971, ""positive_fraction"": 0.23928176569346055, ""records"": 48842}","{""age_band"": 2, ""description"": ""Adult classification subgroup defined by empirical age and weekly-hours quartiles."", ""hours_per_week_band"": 1, ""missing_fraction"": 0.006011, ""positive_fraction"": 0.171414, ""records"": 7619, ""stratum"": ""age_q2_hours_q1"", ""variant"": 4}",Perform stage 'validate_load' requiring skill 'data' for the adult_ml variant described in variant_context. Respect 0 upstream dependencies and produce a verifiable stage output.,1,0,0,0,1,1,3,5,Bounded schema/load checks are direct and objectively verifiable.
adult_ml:V11:evaluate,adult_ml,11,evaluate,test,2,2.0,"{""missing_fraction"": 0.008824372466319971, ""positive_fraction"": 0.23928176569346055, ""records"": 48842}","{""age_band"": 3, ""description"": ""Adult classification subgroup defined by empirical age and weekly-hours quartiles."", ""hours_per_week_band"": 4, ""missing_fraction"": 0.00239, ""positive_fraction"": 0.512475, ""records"": 3487, ""stratum"": ""age_q3_hours_q4"", ""variant"": 11}",Perform stage 'evaluate' requiring skill 'test' for the adult_ml variant described in variant_context. Respect 2 upstream dependencies and produce a verifiable stage output.,1,1,2,1,1,2,3,4,Evaluation integrates two upstream artifacts but uses standard classification checks.
adult_ml:V15:eda,adult_ml,15,eda,analysis,1,2.0,"{""missing_fraction"": 0.008824372466319971, ""positive_fraction"": 0.23928176569346055, ""records"": 48842}","{""age_band"": 4, ""description"": ""Adult classification subgroup defined by empirical age and weekly-hours quartiles."", ""hours_per_week_band"": 4, ""missing_fraction"": 0.006622, ""positive_fraction"": 0.513599, ""records"": 2537, ""stratum"": ""age_q4_hours_q4"", ""variant"": 15}",Perform stage 'eda' requiring skill 'analysis' for the adult_ml variant described in variant_context. Respect 1 upstream dependencies and produce a verifiable stage output.,1,1,1,1,1,2,2,4,Subgroup EDA requires linked descriptive checks but remains bounded to one tabular stratum.
bugs2fix:V14:fix,bugs2fix,14,fix,code,1,3.5,"{""absolute_length_delta"": {""p25"": 6.0, ""p50"": 16.0, ""p75"": 36.0, ""p95"": 80.0}, ""execution_note"": ""Normalized function pairs; not executable repository tests."", ""mean_source_length"": 138.4590616966581, ""records"": 46680, ""source_length"": {""p25"": 103.0, ""p50"": 137.0, ""p75"": 173.0, ""p95"": 215.0}, ""unequal_fraction"": 1.0}","{""description"": ""Normalized Java before/after function-pair stratum; no executable repository tests are available."", ""median_absolute_length_delta"": 25, ""median_source_characters"": 193, ""patch_delta_band"": 3, ""records"": 2457, ""source_length_band"": 4, ""stratum"": ""source_length_q4_patch_delta_q3"", ""variant"": 14}",Perform stage 'fix' requiring skill 'code' for the bugs2fix variant described in variant_context. Respect 1 upstream dependencies and produce a verifiable stage output.,2,1,1,2,2,3,3,4,Deriving a behavior-preserving Java fix requires deep reasoning with no executable project context.
adult_ml:V13:report,adult_ml,13,report,report,1,1.5,"{""missing_fraction"": 0.008824372466319971, ""positive_fraction"": 0.23928176569346055, ""records"": 48842}","{""age_band"": 4, ""description"": ""Adult classification subgroup defined by empirical age and weekly-hours quartiles."", ""hours_per_week_band"": 2, ""missing_fraction"": 0.0, ""positive_fraction"": 0.0, ""records"": 0, ""stratum"": ""age_q4_hours_q2"", ""variant"": 13}",Perform stage 'report' requiring skill 'report' for the adult_ml variant described in variant_context. Respect 1 upstream dependencies and produce a verifiable stage output.,2,0,1,1,1,2,2,5,Reporting an empty stratum requires clear caveats and avoidance of unsupported conclusions.
beijing_ml:V04:baseline_model,beijing_ml,4,baseline_model,ml,1,3.0,"{""missing_fraction"": 0.009774058652538005, ""records"": 420768, ""stations"": 12}","{""description"": ""Beijing air-quality regression/time-series stratum with chronological validation required."", ""missing_pollutant_fraction"": 0.02426, ""pm25_median"": 59.0, ""records"": 35064, ""scope"": ""single_station"", ""stations"": 1, ""stratum"": ""station_Guanyuan"", ""variant"": 4}",Perform stage 'baseline_model' requiring skill 'ml' for the beijing_ml variant described in variant_context. Respect 1 upstream dependencies and produce a verifiable stage output.,1,1,1,2,2,3,3,4,Single-station regression requires chronological splitting and time-aware error checks.
beijing_ml:V06:clean_feature,beijing_ml,6,clean_feature,data,1,3.0,"{""missing_fraction"": 0.009774058652538005, ""records"": 420768, ""stations"": 12}","{""description"": ""Beijing air-quality regression/time-series stratum with chronological validation required."", ""missing_pollutant_fraction"": 0.032902, ""pm25_median"": 47.0, ""records"": 35064, ""scope"": ""single_station"", ""stations"": 1, ""stratum"": ""station_Huairou"", ""variant"": 6}",Perform stage 'clean_feature' requiring skill 'data' for the beijing_ml variant described in variant_context. Respect 1 upstream dependencies and produce a verifiable stage output.,1,1,1,2,2,3,3,4,Single-station feature construction must avoid temporal leakage and validate imputation.
beijing_ml:V09:eda,beijing_ml,9,eda,analysis,1,2.3,"{""missing_fraction"": 0.009774058652538005, ""records"": 420768, ""stations"": 12}","{""description"": ""Beijing air-quality regression/time-series stratum with chronological validation required."", ""missing_pollutant_fraction"": 0.024265, ""pm25_median"": 59.0, ""records"": 35064, ""scope"": ""single_station"", ""stations"": 1, ""stratum"": ""station_Tiantan"", ""variant"": 9}",Perform stage 'eda' requiring skill 'analysis' for the beijing_ml variant described in variant_context. Respect 1 upstream dependencies and produce a verifiable stage output.,1,1,1,1,1,2,2,4,Single-station temporal EDA is bounded but must diagnose missingness and time structure.
adult_ml:V05:clean_feature,adult_ml,5,clean_feature,data,1,2.5,"{""missing_fraction"": 0.008824372466319971, ""positive_fraction"": 0.23928176569346055, ""records"": 48842}","{""age_band"": 2, ""description"": ""Adult classification subgroup defined by empirical age and weekly-hours quartiles."", ""hours_per_week_band"": 2, ""missing_fraction"": 0.0, ""positive_fraction"": 0.0, ""records"": 0, ""stratum"": ""age_q2_hours_q2"", ""variant"": 5}",Perform stage 'clean_feature' requiring skill 'data' for the adult_ml variant described in variant_context. Respect 1 upstream dependencies and produce a verifiable stage output.,2,0,1,1,1,2,3,5,Feature preparation cannot proceed normally on an empty stratum and needs a documented fallback.
beijing_ml:V03:baseline_model,beijing_ml,3,baseline_model,ml,1,3.0,"{""missing_fraction"": 0.009774058652538005, ""records"": 420768, ""stations"": 12}","{""description"": ""Beijing air-quality regression/time-series stratum with chronological validation required."", ""missing_pollutant_fraction"": 0.035307, ""pm25_median"": 61.0, ""records"": 35064, ""scope"": ""single_station"", ""stations"": 1, ""stratum"": ""station_Dongsi"", ""variant"": 3}",Perform stage 'baseline_model' requiring skill 'ml' for the beijing_ml variant described in variant_context. Respect 1 upstream dependencies and produce a verifiable stage output.,1,1,1,2,2,3,3,4,Single-station regression requires chronological splitting and time-aware error checks.
beijing_ml:V10:advanced_model,beijing_ml,10,advanced_model,ml,1,4.2,"{""missing_fraction"": 0.009774058652538005, ""records"": 420768, ""stations"": 12}","{""description"": ""Beijing air-quality regression/time-series stratum with chronological validation required."", ""missing_pollutant_fraction"": 0.029613, ""pm25_median"": 59.0, ""records"": 35064, ""scope"": ""single_station"", ""stations"": 1, ""stratum"": ""station_Wanliu"", ""variant"": 10}",Perform stage 'advanced_model' requiring skill 'ml' for the beijing_ml variant described in variant_context. Respect 1 upstream dependencies and produce a verifiable stage output.,2,1,1,2,2,3,3,4,The advanced single-station model is unspecified and needs tuning plus robust chronological validation.
adult_ml:V12:validate_load,adult_ml,12,validate_load,data,0,1.5,"{""missing_fraction"": 0.008824372466319971, ""positive_fraction"": 0.23928176569346055, ""records"": 48842}","{""age_band"": 4, ""description"": ""Adult classification subgroup defined by empirical age and weekly-hours quartiles."", ""hours_per_week_band"": 1, ""missing_fraction"": 0.015525, ""positive_fraction"": 0.260737, ""records"": 8219, ""stratum"": ""age_q4_hours_q1"", ""variant"": 12}",Perform stage 'validate_load' requiring skill 'data' for the adult_ml variant described in variant_context. Respect 0 upstream dependencies and produce a verifiable stage output.,1,0,0,0,1,1,3,5,Bounded schema/load checks are direct and objectively verifiable.
